2025-03-21T16:31:12.991+0500	INFO	app/main.go:29	Listen: 	{"address": "localhost:8080"}
2025-03-21T16:33:00.328+0500	INFO	app/main.go:29	Listen: 	{"address": "localhost:8080"}
2025-03-21T16:33:51.404+0500	INFO	app/main.go:29	Listen: 	{"address": "localhost:8080"}
2025-03-21T16:34:28.160+0500	INFO	app/main.go:29	Listen: 	{"address": "localhost:8080"}
2025-03-21T16:34:49.090+0500	INFO	app/main.go:29	Listen: 	{"address": "localhost:8080"}
2025-03-21T16:35:28.569+0500	INFO	app/main.go:29	Listen: 	{"address": "localhost:8080"}
2025-03-21T16:37:51.126+0500	INFO	app/main.go:29	Listen: 	{"address": "localhost:8080"}
2025-03-24T10:05:11.755+0500	INFO	app/main.go:40	api gateway service stops
2025-03-24T10:05:11.761+0500	ERROR	app/main.go:31	app run	{"error": "http: Server closed"}
main.main.func1
	/Users/ahrorbek/go/src/ndc/ai_seller/cmd/app/main.go:31
2025-03-24T10:05:35.955+0500	INFO	app/main.go:29	Listen: 	{"address": "localhost:8080"}
2025-03-24T10:05:40.529+0500	INFO	middleware/logger.go:26	127.0.0.1 - GET /swagger/index.html 
2025-03-24T10:05:40.598+0500	INFO	middleware/logger.go:26	127.0.0.1 - GET /swagger/swagger-ui.css 
2025-03-24T10:05:40.599+0500	INFO	middleware/logger.go:26	127.0.0.1 - GET /swagger/swagger-ui-standalone-preset.js 
2025-03-24T10:05:40.603+0500	INFO	middleware/logger.go:26	127.0.0.1 - GET /swagger/swagger-ui-bundle.js 
2025-03-24T10:05:40.694+0500	INFO	middleware/logger.go:26	127.0.0.1 - GET /swagger/doc.json 
2025-03-24T10:05:40.733+0500	INFO	middleware/logger.go:26	127.0.0.1 - GET /swagger/favicon-32x32.png 
2025-03-24T10:07:37.490+0500	ERROR	middleware/recovery.go:31	127.0.0.1 - POST /v1/auth/register PANIC DETECTED: runtime error: invalid memory address or nil pointer dereference
goroutine 84 [running]:
runtime/debug.Stack()
	/opt/homebrew/Cellar/go/1.23.5/libexec/src/runtime/debug/stack.go:26 +0x64
sugurta/api/middleware.buildPanicMessage(0x140001b4200, {0x1018f9ba0, 0x102c587c0})
	/Users/ahrorbek/go/src/ndc/ai_seller/api/middleware/recovery.go:21 +0x3d4
sugurta/api.NewRouter.Recovery.func3.1()
	/Users/ahrorbek/go/src/ndc/ai_seller/api/middleware/recovery.go:31 +0x48
panic({0x1018f9ba0?, 0x102c587c0?})
	/opt/homebrew/Cellar/go/1.23.5/libexec/src/runtime/panic.go:785 +0x124
sugurta/api/handlers/v1.(*authRoutes).register(0x1400021f300, 0x140001b4200)
	/Users/ahrorbek/go/src/ndc/ai_seller/api/handlers/v1/auth.go:116 +0x138
github.com/gin-gonic/gin.(*Context).Next(0x140001b4200)
	/Users/ahrorbek/go/src/ndc/ai_seller/vendor/github.com/gin-gonic/gin/context.go:185 +0x40
sugurta/api.NewRouter.Recovery.func3(0x140000cd728?)
	/Users/ahrorbek/go/src/ndc/ai_seller/api/middleware/recovery.go:40 +0x4c
github.com/gin-gonic/gin.(*Context).Next(0x140001b4200)
	/Users/ahrorbek/go/src/ndc/ai_seller/vendor/github.com/gin-gonic/gin/context.go:185 +0x40
sugurta/api.NewRouter.Logger.func2(0x140001b4200)
	/Users/ahrorbek/go/src/ndc/ai_seller/api/middleware/logger.go:25 +0x28
github.com/gin-gonic/gin.(*Context).Next(...)
	/Users/ahrorbek/go/src/ndc/ai_seller/vendor/github.com/gin-gonic/gin/context.go:185
github.com/gin-gonic/gin.CustomRecoveryWithWriter.func1(0x140001b4200)
	/Users/ahrorbek/go/src/ndc/ai_seller/vendor/github.com/gin-gonic/gin/recovery.go:102 +0x7c
github.com/gin-gonic/gin.(*Context).Next(...)
	/Users/ahrorbek/go/src/ndc/ai_seller/vendor/github.com/gin-gonic/gin/context.go:185
github.com/gin-gonic/gin.LoggerWithConfig.func1(0x140001b4200)
	/Users/ahrorbek/go/src/ndc/ai_seller/vendor/github.com/gin-gonic/gin/logger.go:249 +0xb8
github.com/gin-gonic/gin.(*Context).Next(...)
	/Users/ahrorbek/go/src/ndc/ai_seller/vendor/github.com/gin-gonic/gin/context.go:185
github.com/gin-gonic/gin.(*Engine).handleHTTPRequest(0x14000752000, 0x140001b4200)
	/Users/ahrorbek/go/src/ndc/ai_seller/vendor/github.com/gin-gonic/gin/gin.go:633 +0x6c4
github.com/gin-gonic/gin.(*Engine).ServeHTTP(0x14000752000, {0x101accf00, 0x140002b8000}, 0x14000268000)
	/Users/ahrorbek/go/src/ndc/ai_seller/vendor/github.com/gin-gonic/gin/gin.go:589 +0x174
net/http.serverHandler.ServeHTTP({0x101ac7ea0?}, {0x101accf00?, 0x140002b8000?}, 0x6?)
	/opt/homebrew/Cellar/go/1.23.5/libexec/src/net/http/server.go:3210 +0xbc
net/http.(*conn).serve(0x1400017a2d0, {0x101ad1308, 0x140002ac990})
	/opt/homebrew/Cellar/go/1.23.5/libexec/src/net/http/server.go:2092 +0x4fc
created by net/http.(*Server).Serve in goroutine 65
	/opt/homebrew/Cellar/go/1.23.5/libexec/src/net/http/server.go:3360 +0x3dc


sugurta/api.NewRouter.Recovery.func3.1
	/Users/ahrorbek/go/src/ndc/ai_seller/api/middleware/recovery.go:31
runtime.gopanic
	/opt/homebrew/Cellar/go/1.23.5/libexec/src/runtime/panic.go:785
runtime.panicmem
	/opt/homebrew/Cellar/go/1.23.5/libexec/src/runtime/panic.go:262
runtime.sigpanic
	/opt/homebrew/Cellar/go/1.23.5/libexec/src/runtime/signal_unix.go:917
sugurta/api/handlers/v1.(*authRoutes).register
	/Users/ahrorbek/go/src/ndc/ai_seller/api/handlers/v1/auth.go:116
github.com/gin-gonic/gin.(*Context).Next
	/Users/ahrorbek/go/src/ndc/ai_seller/vendor/github.com/gin-gonic/gin/context.go:185
sugurta/api.NewRouter.Recovery.func3
	/Users/ahrorbek/go/src/ndc/ai_seller/api/middleware/recovery.go:40
github.com/gin-gonic/gin.(*Context).Next
	/Users/ahrorbek/go/src/ndc/ai_seller/vendor/github.com/gin-gonic/gin/context.go:185
sugurta/api.NewRouter.Logger.func2
	/Users/ahrorbek/go/src/ndc/ai_seller/api/middleware/logger.go:25
github.com/gin-gonic/gin.(*Context).Next
	/Users/ahrorbek/go/src/ndc/ai_seller/vendor/github.com/gin-gonic/gin/context.go:185
github.com/gin-gonic/gin.CustomRecoveryWithWriter.func1
	/Users/ahrorbek/go/src/ndc/ai_seller/vendor/github.com/gin-gonic/gin/recovery.go:102
github.com/gin-gonic/gin.(*Context).Next
	/Users/ahrorbek/go/src/ndc/ai_seller/vendor/github.com/gin-gonic/gin/context.go:185
github.com/gin-gonic/gin.LoggerWithConfig.func1
	/Users/ahrorbek/go/src/ndc/ai_seller/vendor/github.com/gin-gonic/gin/logger.go:249
github.com/gin-gonic/gin.(*Context).Next
	/Users/ahrorbek/go/src/ndc/ai_seller/vendor/github.com/gin-gonic/gin/context.go:185
github.com/gin-gonic/gin.(*Engine).handleHTTPRequest
	/Users/ahrorbek/go/src/ndc/ai_seller/vendor/github.com/gin-gonic/gin/gin.go:633
github.com/gin-gonic/gin.(*Engine).ServeHTTP
	/Users/ahrorbek/go/src/ndc/ai_seller/vendor/github.com/gin-gonic/gin/gin.go:589
net/http.serverHandler.ServeHTTP
	/opt/homebrew/Cellar/go/1.23.5/libexec/src/net/http/server.go:3210
net/http.(*conn).serve
	/opt/homebrew/Cellar/go/1.23.5/libexec/src/net/http/server.go:2092
2025-03-24T10:07:37.490+0500	INFO	middleware/logger.go:26	127.0.0.1 - POST /v1/auth/register 
2025-03-24T10:10:29.716+0500	INFO	app/main.go:40	api gateway service stops
2025-03-24T10:10:29.718+0500	ERROR	app/main.go:31	app run	{"error": "http: Server closed"}
main.main.func1
	/Users/ahrorbek/go/src/ndc/ai_seller/cmd/app/main.go:31
2025-03-24T10:10:37.554+0500	INFO	app/main.go:29	Listen: 	{"address": "localhost:8080"}
2025-03-24T10:10:42.681+0500	ERROR	middleware/recovery.go:31	127.0.0.1 - POST /v1/auth/register PANIC DETECTED: runtime error: invalid memory address or nil pointer dereference
goroutine 25 [running]:
runtime/debug.Stack()
	/opt/homebrew/Cellar/go/1.23.5/libexec/src/runtime/debug/stack.go:26 +0x64
sugurta/api/middleware.buildPanicMessage(0x14000bae300, {0x103b95ba0, 0x104ef47c0})
	/Users/ahrorbek/go/src/ndc/ai_seller/api/middleware/recovery.go:21 +0x3d4
sugurta/api.NewRouter.Recovery.func3.1()
	/Users/ahrorbek/go/src/ndc/ai_seller/api/middleware/recovery.go:31 +0x48
panic({0x103b95ba0?, 0x104ef47c0?})
	/opt/homebrew/Cellar/go/1.23.5/libexec/src/runtime/panic.go:785 +0x124
sugurta/api/handlers/v1.(*authRoutes).register(0x1400067a400, 0x14000bae300)
	/Users/ahrorbek/go/src/ndc/ai_seller/api/handlers/v1/auth.go:122 +0x1e0
github.com/gin-gonic/gin.(*Context).Next(0x14000bae300)
	/Users/ahrorbek/go/src/ndc/ai_seller/vendor/github.com/gin-gonic/gin/context.go:185 +0x40
sugurta/api.NewRouter.Recovery.func3(0x1400014a728?)
	/Users/ahrorbek/go/src/ndc/ai_seller/api/middleware/recovery.go:40 +0x4c
github.com/gin-gonic/gin.(*Context).Next(0x14000bae300)
	/Users/ahrorbek/go/src/ndc/ai_seller/vendor/github.com/gin-gonic/gin/context.go:185 +0x40
sugurta/api.NewRouter.Logger.func2(0x14000bae300)
	/Users/ahrorbek/go/src/ndc/ai_seller/api/middleware/logger.go:25 +0x28
github.com/gin-gonic/gin.(*Context).Next(...)
	/Users/ahrorbek/go/src/ndc/ai_seller/vendor/github.com/gin-gonic/gin/context.go:185
github.com/gin-gonic/gin.CustomRecoveryWithWriter.func1(0x14000bae300)
	/Users/ahrorbek/go/src/ndc/ai_seller/vendor/github.com/gin-gonic/gin/recovery.go:102 +0x7c
github.com/gin-gonic/gin.(*Context).Next(...)
	/Users/ahrorbek/go/src/ndc/ai_seller/vendor/github.com/gin-gonic/gin/context.go:185
github.com/gin-gonic/gin.LoggerWithConfig.func1(0x14000bae300)
	/Users/ahrorbek/go/src/ndc/ai_seller/vendor/github.com/gin-gonic/gin/logger.go:249 +0xb8
github.com/gin-gonic/gin.(*Context).Next(...)
	/Users/ahrorbek/go/src/ndc/ai_seller/vendor/github.com/gin-gonic/gin/context.go:185
github.com/gin-gonic/gin.(*Engine).handleHTTPRequest(0x14000b98000, 0x14000bae300)
	/Users/ahrorbek/go/src/ndc/ai_seller/vendor/github.com/gin-gonic/gin/gin.go:633 +0x6c4
github.com/gin-gonic/gin.(*Engine).ServeHTTP(0x14000b98000, {0x103d68f80, 0x14000b960e0}, 0x14000250140)
	/Users/ahrorbek/go/src/ndc/ai_seller/vendor/github.com/gin-gonic/gin/gin.go:589 +0x174
net/http.serverHandler.ServeHTTP({0x103d63f20?}, {0x103d68f80?, 0x14000b960e0?}, 0x6?)
	/opt/homebrew/Cellar/go/1.23.5/libexec/src/net/http/server.go:3210 +0xbc
net/http.(*conn).serve(0x14000bc8090, {0x103d6d388, 0x14000b91410})
	/opt/homebrew/Cellar/go/1.23.5/libexec/src/net/http/server.go:2092 +0x4fc
created by net/http.(*Server).Serve in goroutine 70
	/opt/homebrew/Cellar/go/1.23.5/libexec/src/net/http/server.go:3360 +0x3dc


sugurta/api.NewRouter.Recovery.func3.1
	/Users/ahrorbek/go/src/ndc/ai_seller/api/middleware/recovery.go:31
runtime.gopanic
	/opt/homebrew/Cellar/go/1.23.5/libexec/src/runtime/panic.go:785
runtime.panicmem
	/opt/homebrew/Cellar/go/1.23.5/libexec/src/runtime/panic.go:262
runtime.sigpanic
	/opt/homebrew/Cellar/go/1.23.5/libexec/src/runtime/signal_unix.go:917
sugurta/api/handlers/v1.(*authRoutes).register
	/Users/ahrorbek/go/src/ndc/ai_seller/api/handlers/v1/auth.go:122
github.com/gin-gonic/gin.(*Context).Next
	/Users/ahrorbek/go/src/ndc/ai_seller/vendor/github.com/gin-gonic/gin/context.go:185
sugurta/api.NewRouter.Recovery.func3
	/Users/ahrorbek/go/src/ndc/ai_seller/api/middleware/recovery.go:40
github.com/gin-gonic/gin.(*Context).Next
	/Users/ahrorbek/go/src/ndc/ai_seller/vendor/github.com/gin-gonic/gin/context.go:185
sugurta/api.NewRouter.Logger.func2
	/Users/ahrorbek/go/src/ndc/ai_seller/api/middleware/logger.go:25
github.com/gin-gonic/gin.(*Context).Next
	/Users/ahrorbek/go/src/ndc/ai_seller/vendor/github.com/gin-gonic/gin/context.go:185
github.com/gin-gonic/gin.CustomRecoveryWithWriter.func1
	/Users/ahrorbek/go/src/ndc/ai_seller/vendor/github.com/gin-gonic/gin/recovery.go:102
github.com/gin-gonic/gin.(*Context).Next
	/Users/ahrorbek/go/src/ndc/ai_seller/vendor/github.com/gin-gonic/gin/context.go:185
github.com/gin-gonic/gin.LoggerWithConfig.func1
	/Users/ahrorbek/go/src/ndc/ai_seller/vendor/github.com/gin-gonic/gin/logger.go:249
github.com/gin-gonic/gin.(*Context).Next
	/Users/ahrorbek/go/src/ndc/ai_seller/vendor/github.com/gin-gonic/gin/context.go:185
github.com/gin-gonic/gin.(*Engine).handleHTTPRequest
	/Users/ahrorbek/go/src/ndc/ai_seller/vendor/github.com/gin-gonic/gin/gin.go:633
github.com/gin-gonic/gin.(*Engine).ServeHTTP
	/Users/ahrorbek/go/src/ndc/ai_seller/vendor/github.com/gin-gonic/gin/gin.go:589
net/http.serverHandler.ServeHTTP
	/opt/homebrew/Cellar/go/1.23.5/libexec/src/net/http/server.go:3210
net/http.(*conn).serve
	/opt/homebrew/Cellar/go/1.23.5/libexec/src/net/http/server.go:2092
2025-03-24T10:10:42.681+0500	INFO	middleware/logger.go:26	127.0.0.1 - POST /v1/auth/register 
2025-03-24T10:11:25.136+0500	INFO	app/main.go:40	api gateway service stops
2025-03-24T10:11:25.137+0500	ERROR	app/main.go:31	app run	{"error": "http: Server closed"}
main.main.func1
	/Users/ahrorbek/go/src/ndc/ai_seller/cmd/app/main.go:31
2025-03-24T10:11:31.910+0500	INFO	app/main.go:29	Listen: 	{"address": "localhost:8080"}
2025-03-24T10:11:34.235+0500	ERROR	middleware/recovery.go:31	127.0.0.1 - POST /v1/auth/register PANIC DETECTED: runtime error: invalid memory address or nil pointer dereference
goroutine 97 [running]:
runtime/debug.Stack()
	/opt/homebrew/Cellar/go/1.23.5/libexec/src/runtime/debug/stack.go:26 +0x64
sugurta/api/middleware.buildPanicMessage(0x140006e0300, {0x10160dba0, 0x10296c7c0})
	/Users/ahrorbek/go/src/ndc/ai_seller/api/middleware/recovery.go:21 +0x3d4
sugurta/api.NewRouter.Recovery.func3.1()
	/Users/ahrorbek/go/src/ndc/ai_seller/api/middleware/recovery.go:31 +0x48
panic({0x10160dba0?, 0x10296c7c0?})
	/opt/homebrew/Cellar/go/1.23.5/libexec/src/runtime/panic.go:785 +0x124
sugurta/api/handlers/v1.(*authRoutes).register(0x1400027c880, 0x140006e0300)
	/Users/ahrorbek/go/src/ndc/ai_seller/api/handlers/v1/auth.go:122 +0x1e0
github.com/gin-gonic/gin.(*Context).Next(0x140006e0300)
	/Users/ahrorbek/go/src/ndc/ai_seller/vendor/github.com/gin-gonic/gin/context.go:185 +0x40
sugurta/api.NewRouter.Recovery.func3(0x1400001e728?)
	/Users/ahrorbek/go/src/ndc/ai_seller/api/middleware/recovery.go:40 +0x4c
github.com/gin-gonic/gin.(*Context).Next(0x140006e0300)
	/Users/ahrorbek/go/src/ndc/ai_seller/vendor/github.com/gin-gonic/gin/context.go:185 +0x40
sugurta/api.NewRouter.Logger.func2(0x140006e0300)
	/Users/ahrorbek/go/src/ndc/ai_seller/api/middleware/logger.go:25 +0x28
github.com/gin-gonic/gin.(*Context).Next(...)
	/Users/ahrorbek/go/src/ndc/ai_seller/vendor/github.com/gin-gonic/gin/context.go:185
github.com/gin-gonic/gin.CustomRecoveryWithWriter.func1(0x140006e0300)
	/Users/ahrorbek/go/src/ndc/ai_seller/vendor/github.com/gin-gonic/gin/recovery.go:102 +0x7c
github.com/gin-gonic/gin.(*Context).Next(...)
	/Users/ahrorbek/go/src/ndc/ai_seller/vendor/github.com/gin-gonic/gin/context.go:185
github.com/gin-gonic/gin.LoggerWithConfig.func1(0x140006e0300)
	/Users/ahrorbek/go/src/ndc/ai_seller/vendor/github.com/gin-gonic/gin/logger.go:249 +0xb8
github.com/gin-gonic/gin.(*Context).Next(...)
	/Users/ahrorbek/go/src/ndc/ai_seller/vendor/github.com/gin-gonic/gin/context.go:185
github.com/gin-gonic/gin.(*Engine).handleHTTPRequest(0x1400013c340, 0x140006e0300)
	/Users/ahrorbek/go/src/ndc/ai_seller/vendor/github.com/gin-gonic/gin/gin.go:633 +0x6c4
github.com/gin-gonic/gin.(*Engine).ServeHTTP(0x1400013c340, {0x1017e0f80, 0x140006d60e0}, 0x1400011a780)
	/Users/ahrorbek/go/src/ndc/ai_seller/vendor/github.com/gin-gonic/gin/gin.go:589 +0x174
net/http.serverHandler.ServeHTTP({0x1017dbf20?}, {0x1017e0f80?, 0x140006d60e0?}, 0x6?)
	/opt/homebrew/Cellar/go/1.23.5/libexec/src/net/http/server.go:3210 +0xbc
net/http.(*conn).serve(0x1400027e510, {0x1017e5388, 0x140006e60f0})
	/opt/homebrew/Cellar/go/1.23.5/libexec/src/net/http/server.go:2092 +0x4fc
created by net/http.(*Server).Serve in goroutine 64
	/opt/homebrew/Cellar/go/1.23.5/libexec/src/net/http/server.go:3360 +0x3dc


sugurta/api.NewRouter.Recovery.func3.1
	/Users/ahrorbek/go/src/ndc/ai_seller/api/middleware/recovery.go:31
runtime.gopanic
	/opt/homebrew/Cellar/go/1.23.5/libexec/src/runtime/panic.go:785
runtime.panicmem
	/opt/homebrew/Cellar/go/1.23.5/libexec/src/runtime/panic.go:262
runtime.sigpanic
	/opt/homebrew/Cellar/go/1.23.5/libexec/src/runtime/signal_unix.go:917
sugurta/api/handlers/v1.(*authRoutes).register
	/Users/ahrorbek/go/src/ndc/ai_seller/api/handlers/v1/auth.go:122
github.com/gin-gonic/gin.(*Context).Next
	/Users/ahrorbek/go/src/ndc/ai_seller/vendor/github.com/gin-gonic/gin/context.go:185
sugurta/api.NewRouter.Recovery.func3
	/Users/ahrorbek/go/src/ndc/ai_seller/api/middleware/recovery.go:40
github.com/gin-gonic/gin.(*Context).Next
	/Users/ahrorbek/go/src/ndc/ai_seller/vendor/github.com/gin-gonic/gin/context.go:185
sugurta/api.NewRouter.Logger.func2
	/Users/ahrorbek/go/src/ndc/ai_seller/api/middleware/logger.go:25
github.com/gin-gonic/gin.(*Context).Next
	/Users/ahrorbek/go/src/ndc/ai_seller/vendor/github.com/gin-gonic/gin/context.go:185
github.com/gin-gonic/gin.CustomRecoveryWithWriter.func1
	/Users/ahrorbek/go/src/ndc/ai_seller/vendor/github.com/gin-gonic/gin/recovery.go:102
github.com/gin-gonic/gin.(*Context).Next
	/Users/ahrorbek/go/src/ndc/ai_seller/vendor/github.com/gin-gonic/gin/context.go:185
github.com/gin-gonic/gin.LoggerWithConfig.func1
	/Users/ahrorbek/go/src/ndc/ai_seller/vendor/github.com/gin-gonic/gin/logger.go:249
github.com/gin-gonic/gin.(*Context).Next
	/Users/ahrorbek/go/src/ndc/ai_seller/vendor/github.com/gin-gonic/gin/context.go:185
github.com/gin-gonic/gin.(*Engine).handleHTTPRequest
	/Users/ahrorbek/go/src/ndc/ai_seller/vendor/github.com/gin-gonic/gin/gin.go:633
github.com/gin-gonic/gin.(*Engine).ServeHTTP
	/Users/ahrorbek/go/src/ndc/ai_seller/vendor/github.com/gin-gonic/gin/gin.go:589
net/http.serverHandler.ServeHTTP
	/opt/homebrew/Cellar/go/1.23.5/libexec/src/net/http/server.go:3210
net/http.(*conn).serve
	/opt/homebrew/Cellar/go/1.23.5/libexec/src/net/http/server.go:2092
2025-03-24T10:11:34.235+0500	INFO	middleware/logger.go:26	127.0.0.1 - POST /v1/auth/register 
2025-03-24T10:11:52.471+0500	INFO	app/main.go:40	api gateway service stops
2025-03-24T10:11:52.472+0500	ERROR	app/main.go:31	app run	{"error": "http: Server closed"}
main.main.func1
	/Users/ahrorbek/go/src/ndc/ai_seller/cmd/app/main.go:31
2025-03-24T10:11:58.730+0500	INFO	app/main.go:29	Listen: 	{"address": "localhost:8080"}
2025-03-24T10:11:58.957+0500	ERROR	middleware/recovery.go:31	127.0.0.1 - POST /v1/auth/register PANIC DETECTED: runtime error: invalid memory address or nil pointer dereference
goroutine 72 [running]:
runtime/debug.Stack()
	/opt/homebrew/Cellar/go/1.23.5/libexec/src/runtime/debug/stack.go:26 +0x64
sugurta/api/middleware.buildPanicMessage(0x140000fe400, {0x105599ba0, 0x1068f87c0})
	/Users/ahrorbek/go/src/ndc/ai_seller/api/middleware/recovery.go:21 +0x3d4
sugurta/api.NewRouter.Recovery.func3.1()
	/Users/ahrorbek/go/src/ndc/ai_seller/api/middleware/recovery.go:31 +0x48
panic({0x105599ba0?, 0x1068f87c0?})
	/opt/homebrew/Cellar/go/1.23.5/libexec/src/runtime/panic.go:785 +0x124
sugurta/api/handlers/v1.(*authRoutes).register(0x140000be600, 0x140000fe400)
	/Users/ahrorbek/go/src/ndc/ai_seller/api/handlers/v1/auth.go:122 +0x208
github.com/gin-gonic/gin.(*Context).Next(0x140000fe400)
	/Users/ahrorbek/go/src/ndc/ai_seller/vendor/github.com/gin-gonic/gin/context.go:185 +0x40
sugurta/api.NewRouter.Recovery.func3(0x14000011728?)
	/Users/ahrorbek/go/src/ndc/ai_seller/api/middleware/recovery.go:40 +0x4c
github.com/gin-gonic/gin.(*Context).Next(0x140000fe400)
	/Users/ahrorbek/go/src/ndc/ai_seller/vendor/github.com/gin-gonic/gin/context.go:185 +0x40
sugurta/api.NewRouter.Logger.func2(0x140000fe400)
	/Users/ahrorbek/go/src/ndc/ai_seller/api/middleware/logger.go:25 +0x28
github.com/gin-gonic/gin.(*Context).Next(...)
	/Users/ahrorbek/go/src/ndc/ai_seller/vendor/github.com/gin-gonic/gin/context.go:185
github.com/gin-gonic/gin.CustomRecoveryWithWriter.func1(0x140000fe400)
	/Users/ahrorbek/go/src/ndc/ai_seller/vendor/github.com/gin-gonic/gin/recovery.go:102 +0x7c
github.com/gin-gonic/gin.(*Context).Next(...)
	/Users/ahrorbek/go/src/ndc/ai_seller/vendor/github.com/gin-gonic/gin/context.go:185
github.com/gin-gonic/gin.LoggerWithConfig.func1(0x140000fe400)
	/Users/ahrorbek/go/src/ndc/ai_seller/vendor/github.com/gin-gonic/gin/logger.go:249 +0xb8
github.com/gin-gonic/gin.(*Context).Next(...)
	/Users/ahrorbek/go/src/ndc/ai_seller/vendor/github.com/gin-gonic/gin/context.go:185
github.com/gin-gonic/gin.(*Engine).handleHTTPRequest(0x14000124000, 0x140000fe400)
	/Users/ahrorbek/go/src/ndc/ai_seller/vendor/github.com/gin-gonic/gin/gin.go:633 +0x6c4
github.com/gin-gonic/gin.(*Engine).ServeHTTP(0x14000124000, {0x10576cf80, 0x14000178380}, 0x140001f0280)
	/Users/ahrorbek/go/src/ndc/ai_seller/vendor/github.com/gin-gonic/gin/gin.go:589 +0x174
net/http.serverHandler.ServeHTTP({0x105767f20?}, {0x10576cf80?, 0x14000178380?}, 0x6?)
	/opt/homebrew/Cellar/go/1.23.5/libexec/src/net/http/server.go:3210 +0xbc
net/http.(*conn).serve(0x14000b9c000, {0x105771388, 0x140000b16e0})
	/opt/homebrew/Cellar/go/1.23.5/libexec/src/net/http/server.go:2092 +0x4fc
created by net/http.(*Server).Serve in goroutine 89
	/opt/homebrew/Cellar/go/1.23.5/libexec/src/net/http/server.go:3360 +0x3dc


sugurta/api.NewRouter.Recovery.func3.1
	/Users/ahrorbek/go/src/ndc/ai_seller/api/middleware/recovery.go:31
runtime.gopanic
	/opt/homebrew/Cellar/go/1.23.5/libexec/src/runtime/panic.go:785
runtime.panicmem
	/opt/homebrew/Cellar/go/1.23.5/libexec/src/runtime/panic.go:262
runtime.sigpanic
	/opt/homebrew/Cellar/go/1.23.5/libexec/src/runtime/signal_unix.go:917
sugurta/api/handlers/v1.(*authRoutes).register
	/Users/ahrorbek/go/src/ndc/ai_seller/api/handlers/v1/auth.go:122
github.com/gin-gonic/gin.(*Context).Next
	/Users/ahrorbek/go/src/ndc/ai_seller/vendor/github.com/gin-gonic/gin/context.go:185
sugurta/api.NewRouter.Recovery.func3
	/Users/ahrorbek/go/src/ndc/ai_seller/api/middleware/recovery.go:40
github.com/gin-gonic/gin.(*Context).Next
	/Users/ahrorbek/go/src/ndc/ai_seller/vendor/github.com/gin-gonic/gin/context.go:185
sugurta/api.NewRouter.Logger.func2
	/Users/ahrorbek/go/src/ndc/ai_seller/api/middleware/logger.go:25
github.com/gin-gonic/gin.(*Context).Next
	/Users/ahrorbek/go/src/ndc/ai_seller/vendor/github.com/gin-gonic/gin/context.go:185
github.com/gin-gonic/gin.CustomRecoveryWithWriter.func1
	/Users/ahrorbek/go/src/ndc/ai_seller/vendor/github.com/gin-gonic/gin/recovery.go:102
github.com/gin-gonic/gin.(*Context).Next
	/Users/ahrorbek/go/src/ndc/ai_seller/vendor/github.com/gin-gonic/gin/context.go:185
github.com/gin-gonic/gin.LoggerWithConfig.func1
	/Users/ahrorbek/go/src/ndc/ai_seller/vendor/github.com/gin-gonic/gin/logger.go:249
github.com/gin-gonic/gin.(*Context).Next
	/Users/ahrorbek/go/src/ndc/ai_seller/vendor/github.com/gin-gonic/gin/context.go:185
github.com/gin-gonic/gin.(*Engine).handleHTTPRequest
	/Users/ahrorbek/go/src/ndc/ai_seller/vendor/github.com/gin-gonic/gin/gin.go:633
github.com/gin-gonic/gin.(*Engine).ServeHTTP
	/Users/ahrorbek/go/src/ndc/ai_seller/vendor/github.com/gin-gonic/gin/gin.go:589
net/http.serverHandler.ServeHTTP
	/opt/homebrew/Cellar/go/1.23.5/libexec/src/net/http/server.go:3210
net/http.(*conn).serve
	/opt/homebrew/Cellar/go/1.23.5/libexec/src/net/http/server.go:2092
2025-03-24T10:11:58.958+0500	INFO	middleware/logger.go:26	127.0.0.1 - POST /v1/auth/register 
2025-03-24T10:13:47.369+0500	INFO	app/main.go:40	api gateway service stops
2025-03-24T10:13:47.370+0500	ERROR	app/main.go:31	app run	{"error": "http: Server closed"}
main.main.func1
	/Users/ahrorbek/go/src/ndc/ai_seller/cmd/app/main.go:31
2025-03-24T10:13:55.092+0500	INFO	app/main.go:29	Listen: 	{"address": "localhost:8080"}
2025-03-24T10:13:55.649+0500	ERROR	middleware/recovery.go:31	127.0.0.1 - POST /v1/auth/register PANIC DETECTED: runtime error: invalid memory address or nil pointer dereference
goroutine 97 [running]:
runtime/debug.Stack()
	/opt/homebrew/Cellar/go/1.23.5/libexec/src/runtime/debug/stack.go:26 +0x64
sugurta/api/middleware.buildPanicMessage(0x14000026800, {0x105529ba0, 0x1068887c0})
	/Users/ahrorbek/go/src/ndc/ai_seller/api/middleware/recovery.go:21 +0x3d4
sugurta/api.NewRouter.Recovery.func3.1()
	/Users/ahrorbek/go/src/ndc/ai_seller/api/middleware/recovery.go:31 +0x48
panic({0x105529ba0?, 0x1068887c0?})
	/opt/homebrew/Cellar/go/1.23.5/libexec/src/runtime/panic.go:785 +0x124
sugurta/api/handlers/v1.(*authRoutes).register(0x140005fef80, 0x14000026800)
	/Users/ahrorbek/go/src/ndc/ai_seller/api/handlers/v1/auth.go:122 +0x208
github.com/gin-gonic/gin.(*Context).Next(0x14000026800)
	/Users/ahrorbek/go/src/ndc/ai_seller/vendor/github.com/gin-gonic/gin/context.go:185 +0x40
sugurta/api.NewRouter.Recovery.func3(0x140000eb728?)
	/Users/ahrorbek/go/src/ndc/ai_seller/api/middleware/recovery.go:40 +0x4c
github.com/gin-gonic/gin.(*Context).Next(0x14000026800)
	/Users/ahrorbek/go/src/ndc/ai_seller/vendor/github.com/gin-gonic/gin/context.go:185 +0x40
sugurta/api.NewRouter.Logger.func2(0x14000026800)
	/Users/ahrorbek/go/src/ndc/ai_seller/api/middleware/logger.go:25 +0x28
github.com/gin-gonic/gin.(*Context).Next(...)
	/Users/ahrorbek/go/src/ndc/ai_seller/vendor/github.com/gin-gonic/gin/context.go:185
github.com/gin-gonic/gin.CustomRecoveryWithWriter.func1(0x14000026800)
	/Users/ahrorbek/go/src/ndc/ai_seller/vendor/github.com/gin-gonic/gin/recovery.go:102 +0x7c
github.com/gin-gonic/gin.(*Context).Next(...)
	/Users/ahrorbek/go/src/ndc/ai_seller/vendor/github.com/gin-gonic/gin/context.go:185
github.com/gin-gonic/gin.LoggerWithConfig.func1(0x14000026800)
	/Users/ahrorbek/go/src/ndc/ai_seller/vendor/github.com/gin-gonic/gin/logger.go:249 +0xb8
github.com/gin-gonic/gin.(*Context).Next(...)
	/Users/ahrorbek/go/src/ndc/ai_seller/vendor/github.com/gin-gonic/gin/context.go:185
github.com/gin-gonic/gin.(*Engine).handleHTTPRequest(0x140001069c0, 0x14000026800)
	/Users/ahrorbek/go/src/ndc/ai_seller/vendor/github.com/gin-gonic/gin/gin.go:633 +0x6c4
github.com/gin-gonic/gin.(*Engine).ServeHTTP(0x140001069c0, {0x1056fcfa0, 0x14000164b60}, 0x140001da8c0)
	/Users/ahrorbek/go/src/ndc/ai_seller/vendor/github.com/gin-gonic/gin/gin.go:589 +0x174
net/http.serverHandler.ServeHTTP({0x1056f7f40?}, {0x1056fcfa0?, 0x14000164b60?}, 0x6?)
	/opt/homebrew/Cellar/go/1.23.5/libexec/src/net/http/server.go:3210 +0xbc
net/http.(*conn).serve(0x140002046c0, {0x1057013a8, 0x140005e5e00})
	/opt/homebrew/Cellar/go/1.23.5/libexec/src/net/http/server.go:2092 +0x4fc
created by net/http.(*Server).Serve in goroutine 83
	/opt/homebrew/Cellar/go/1.23.5/libexec/src/net/http/server.go:3360 +0x3dc


sugurta/api.NewRouter.Recovery.func3.1
	/Users/ahrorbek/go/src/ndc/ai_seller/api/middleware/recovery.go:31
runtime.gopanic
	/opt/homebrew/Cellar/go/1.23.5/libexec/src/runtime/panic.go:785
runtime.panicmem
	/opt/homebrew/Cellar/go/1.23.5/libexec/src/runtime/panic.go:262
runtime.sigpanic
	/opt/homebrew/Cellar/go/1.23.5/libexec/src/runtime/signal_unix.go:917
sugurta/api/handlers/v1.(*authRoutes).register
	/Users/ahrorbek/go/src/ndc/ai_seller/api/handlers/v1/auth.go:122
github.com/gin-gonic/gin.(*Context).Next
	/Users/ahrorbek/go/src/ndc/ai_seller/vendor/github.com/gin-gonic/gin/context.go:185
sugurta/api.NewRouter.Recovery.func3
	/Users/ahrorbek/go/src/ndc/ai_seller/api/middleware/recovery.go:40
github.com/gin-gonic/gin.(*Context).Next
	/Users/ahrorbek/go/src/ndc/ai_seller/vendor/github.com/gin-gonic/gin/context.go:185
sugurta/api.NewRouter.Logger.func2
	/Users/ahrorbek/go/src/ndc/ai_seller/api/middleware/logger.go:25
github.com/gin-gonic/gin.(*Context).Next
	/Users/ahrorbek/go/src/ndc/ai_seller/vendor/github.com/gin-gonic/gin/context.go:185
github.com/gin-gonic/gin.CustomRecoveryWithWriter.func1
	/Users/ahrorbek/go/src/ndc/ai_seller/vendor/github.com/gin-gonic/gin/recovery.go:102
github.com/gin-gonic/gin.(*Context).Next
	/Users/ahrorbek/go/src/ndc/ai_seller/vendor/github.com/gin-gonic/gin/context.go:185
github.com/gin-gonic/gin.LoggerWithConfig.func1
	/Users/ahrorbek/go/src/ndc/ai_seller/vendor/github.com/gin-gonic/gin/logger.go:249
github.com/gin-gonic/gin.(*Context).Next
	/Users/ahrorbek/go/src/ndc/ai_seller/vendor/github.com/gin-gonic/gin/context.go:185
github.com/gin-gonic/gin.(*Engine).handleHTTPRequest
	/Users/ahrorbek/go/src/ndc/ai_seller/vendor/github.com/gin-gonic/gin/gin.go:633
github.com/gin-gonic/gin.(*Engine).ServeHTTP
	/Users/ahrorbek/go/src/ndc/ai_seller/vendor/github.com/gin-gonic/gin/gin.go:589
net/http.serverHandler.ServeHTTP
	/opt/homebrew/Cellar/go/1.23.5/libexec/src/net/http/server.go:3210
net/http.(*conn).serve
	/opt/homebrew/Cellar/go/1.23.5/libexec/src/net/http/server.go:2092
2025-03-24T10:13:55.650+0500	INFO	middleware/logger.go:26	127.0.0.1 - POST /v1/auth/register 
2025-03-24T10:14:31.519+0500	INFO	app/main.go:40	api gateway service stops
2025-03-24T10:14:31.520+0500	ERROR	app/main.go:31	app run	{"error": "http: Server closed"}
main.main.func1
	/Users/ahrorbek/go/src/ndc/ai_seller/cmd/app/main.go:31
2025-03-24T10:14:37.606+0500	INFO	app/main.go:29	Listen: 	{"address": "localhost:8080"}
2025-03-24T10:14:37.745+0500	ERROR	middleware/recovery.go:31	127.0.0.1 - POST /v1/auth/register PANIC DETECTED: runtime error: invalid memory address or nil pointer dereference
goroutine 62 [running]:
runtime/debug.Stack()
	/opt/homebrew/Cellar/go/1.23.5/libexec/src/runtime/debug/stack.go:26 +0x64
sugurta/api/middleware.buildPanicMessage(0x1400001c400, {0x101315ba0, 0x1026747c0})
	/Users/ahrorbek/go/src/ndc/ai_seller/api/middleware/recovery.go:21 +0x3d4
sugurta/api.NewRouter.Recovery.func3.1()
	/Users/ahrorbek/go/src/ndc/ai_seller/api/middleware/recovery.go:31 +0x48
panic({0x101315ba0?, 0x1026747c0?})
	/opt/homebrew/Cellar/go/1.23.5/libexec/src/runtime/panic.go:785 +0x124
sugurta/api/handlers/v1.(*authRoutes).register(0x140000e9e00, 0x1400001c400)
	/Users/ahrorbek/go/src/ndc/ai_seller/api/handlers/v1/auth.go:122 +0x208
github.com/gin-gonic/gin.(*Context).Next(0x1400001c400)
	/Users/ahrorbek/go/src/ndc/ai_seller/vendor/github.com/gin-gonic/gin/context.go:185 +0x40
sugurta/api.NewRouter.Recovery.func3(0x14000016728?)
	/Users/ahrorbek/go/src/ndc/ai_seller/api/middleware/recovery.go:40 +0x4c
github.com/gin-gonic/gin.(*Context).Next(0x1400001c400)
	/Users/ahrorbek/go/src/ndc/ai_seller/vendor/github.com/gin-gonic/gin/context.go:185 +0x40
sugurta/api.NewRouter.Logger.func2(0x1400001c400)
	/Users/ahrorbek/go/src/ndc/ai_seller/api/middleware/logger.go:25 +0x28
github.com/gin-gonic/gin.(*Context).Next(...)
	/Users/ahrorbek/go/src/ndc/ai_seller/vendor/github.com/gin-gonic/gin/context.go:185
github.com/gin-gonic/gin.CustomRecoveryWithWriter.func1(0x1400001c400)
	/Users/ahrorbek/go/src/ndc/ai_seller/vendor/github.com/gin-gonic/gin/recovery.go:102 +0x7c
github.com/gin-gonic/gin.(*Context).Next(...)
	/Users/ahrorbek/go/src/ndc/ai_seller/vendor/github.com/gin-gonic/gin/context.go:185
github.com/gin-gonic/gin.LoggerWithConfig.func1(0x1400001c400)
	/Users/ahrorbek/go/src/ndc/ai_seller/vendor/github.com/gin-gonic/gin/logger.go:249 +0xb8
github.com/gin-gonic/gin.(*Context).Next(...)
	/Users/ahrorbek/go/src/ndc/ai_seller/vendor/github.com/gin-gonic/gin/context.go:185
github.com/gin-gonic/gin.(*Engine).handleHTTPRequest(0x140007d8000, 0x1400001c400)
	/Users/ahrorbek/go/src/ndc/ai_seller/vendor/github.com/gin-gonic/gin/gin.go:633 +0x6c4
github.com/gin-gonic/gin.(*Engine).ServeHTTP(0x140007d8000, {0x1014e8fa0, 0x140005ec1c0}, 0x140000ce640)
	/Users/ahrorbek/go/src/ndc/ai_seller/vendor/github.com/gin-gonic/gin/gin.go:589 +0x174
net/http.serverHandler.ServeHTTP({0x1014e3f40?}, {0x1014e8fa0?, 0x140005ec1c0?}, 0x6?)
	/opt/homebrew/Cellar/go/1.23.5/libexec/src/net/http/server.go:3210 +0xbc
net/http.(*conn).serve(0x14000024360, {0x1014ed3a8, 0x140001559e0})
	/opt/homebrew/Cellar/go/1.23.5/libexec/src/net/http/server.go:2092 +0x4fc
created by net/http.(*Server).Serve in goroutine 83
	/opt/homebrew/Cellar/go/1.23.5/libexec/src/net/http/server.go:3360 +0x3dc


sugurta/api.NewRouter.Recovery.func3.1
	/Users/ahrorbek/go/src/ndc/ai_seller/api/middleware/recovery.go:31
runtime.gopanic
	/opt/homebrew/Cellar/go/1.23.5/libexec/src/runtime/panic.go:785
runtime.panicmem
	/opt/homebrew/Cellar/go/1.23.5/libexec/src/runtime/panic.go:262
runtime.sigpanic
	/opt/homebrew/Cellar/go/1.23.5/libexec/src/runtime/signal_unix.go:917
sugurta/api/handlers/v1.(*authRoutes).register
	/Users/ahrorbek/go/src/ndc/ai_seller/api/handlers/v1/auth.go:122
github.com/gin-gonic/gin.(*Context).Next
	/Users/ahrorbek/go/src/ndc/ai_seller/vendor/github.com/gin-gonic/gin/context.go:185
sugurta/api.NewRouter.Recovery.func3
	/Users/ahrorbek/go/src/ndc/ai_seller/api/middleware/recovery.go:40
github.com/gin-gonic/gin.(*Context).Next
	/Users/ahrorbek/go/src/ndc/ai_seller/vendor/github.com/gin-gonic/gin/context.go:185
sugurta/api.NewRouter.Logger.func2
	/Users/ahrorbek/go/src/ndc/ai_seller/api/middleware/logger.go:25
github.com/gin-gonic/gin.(*Context).Next
	/Users/ahrorbek/go/src/ndc/ai_seller/vendor/github.com/gin-gonic/gin/context.go:185
github.com/gin-gonic/gin.CustomRecoveryWithWriter.func1
	/Users/ahrorbek/go/src/ndc/ai_seller/vendor/github.com/gin-gonic/gin/recovery.go:102
github.com/gin-gonic/gin.(*Context).Next
	/Users/ahrorbek/go/src/ndc/ai_seller/vendor/github.com/gin-gonic/gin/context.go:185
github.com/gin-gonic/gin.LoggerWithConfig.func1
	/Users/ahrorbek/go/src/ndc/ai_seller/vendor/github.com/gin-gonic/gin/logger.go:249
github.com/gin-gonic/gin.(*Context).Next
	/Users/ahrorbek/go/src/ndc/ai_seller/vendor/github.com/gin-gonic/gin/context.go:185
github.com/gin-gonic/gin.(*Engine).handleHTTPRequest
	/Users/ahrorbek/go/src/ndc/ai_seller/vendor/github.com/gin-gonic/gin/gin.go:633
github.com/gin-gonic/gin.(*Engine).ServeHTTP
	/Users/ahrorbek/go/src/ndc/ai_seller/vendor/github.com/gin-gonic/gin/gin.go:589
net/http.serverHandler.ServeHTTP
	/opt/homebrew/Cellar/go/1.23.5/libexec/src/net/http/server.go:3210
net/http.(*conn).serve
	/opt/homebrew/Cellar/go/1.23.5/libexec/src/net/http/server.go:2092
2025-03-24T10:14:37.751+0500	INFO	middleware/logger.go:26	127.0.0.1 - POST /v1/auth/register 
2025-03-24T10:18:43.254+0500	INFO	app/main.go:40	api gateway service stops
2025-03-24T10:18:43.255+0500	ERROR	app/main.go:31	app run	{"error": "http: Server closed"}
main.main.func1
	/Users/ahrorbek/go/src/ndc/ai_seller/cmd/app/main.go:31
2025-03-24T10:18:50.349+0500	INFO	app/main.go:29	Listen: 	{"address": "localhost:8080"}
2025-03-24T10:18:52.494+0500	ERROR	middleware/recovery.go:31	127.0.0.1 - POST /v1/auth/register PANIC DETECTED: runtime error: invalid memory address or nil pointer dereference
goroutine 84 [running]:
runtime/debug.Stack()
	/opt/homebrew/Cellar/go/1.23.5/libexec/src/runtime/debug/stack.go:26 +0x64
sugurta/api/middleware.buildPanicMessage(0x1400015c500, {0x103e9dba0, 0x1051fc7c0})
	/Users/ahrorbek/go/src/ndc/ai_seller/api/middleware/recovery.go:21 +0x3d4
sugurta/api.NewRouter.Recovery.func3.1()
	/Users/ahrorbek/go/src/ndc/ai_seller/api/middleware/recovery.go:31 +0x48
panic({0x103e9dba0?, 0x1051fc7c0?})
	/opt/homebrew/Cellar/go/1.23.5/libexec/src/runtime/panic.go:785 +0x124
sugurta/api/handlers/v1.(*authRoutes).register(0x140001bfc40, 0x1400015c500)
	/Users/ahrorbek/go/src/ndc/ai_seller/api/handlers/v1/auth.go:122 +0x208
github.com/gin-gonic/gin.(*Context).Next(0x1400015c500)
	/Users/ahrorbek/go/src/ndc/ai_seller/vendor/github.com/gin-gonic/gin/context.go:185 +0x40
sugurta/api.NewRouter.Recovery.func3(0x140005b1728?)
	/Users/ahrorbek/go/src/ndc/ai_seller/api/middleware/recovery.go:40 +0x4c
github.com/gin-gonic/gin.(*Context).Next(0x1400015c500)
	/Users/ahrorbek/go/src/ndc/ai_seller/vendor/github.com/gin-gonic/gin/context.go:185 +0x40
sugurta/api.NewRouter.Logger.func2(0x1400015c500)
	/Users/ahrorbek/go/src/ndc/ai_seller/api/middleware/logger.go:25 +0x28
github.com/gin-gonic/gin.(*Context).Next(...)
	/Users/ahrorbek/go/src/ndc/ai_seller/vendor/github.com/gin-gonic/gin/context.go:185
github.com/gin-gonic/gin.CustomRecoveryWithWriter.func1(0x1400015c500)
	/Users/ahrorbek/go/src/ndc/ai_seller/vendor/github.com/gin-gonic/gin/recovery.go:102 +0x7c
github.com/gin-gonic/gin.(*Context).Next(...)
	/Users/ahrorbek/go/src/ndc/ai_seller/vendor/github.com/gin-gonic/gin/context.go:185
github.com/gin-gonic/gin.LoggerWithConfig.func1(0x1400015c500)
	/Users/ahrorbek/go/src/ndc/ai_seller/vendor/github.com/gin-gonic/gin/logger.go:249 +0xb8
github.com/gin-gonic/gin.(*Context).Next(...)
	/Users/ahrorbek/go/src/ndc/ai_seller/vendor/github.com/gin-gonic/gin/context.go:185
github.com/gin-gonic/gin.(*Engine).handleHTTPRequest(0x140002c04e0, 0x1400015c500)
	/Users/ahrorbek/go/src/ndc/ai_seller/vendor/github.com/gin-gonic/gin/gin.go:633 +0x6c4
github.com/gin-gonic/gin.(*Engine).ServeHTTP(0x140002c04e0, {0x104070fa0, 0x140005b61c0}, 0x140002b0dc0)
	/Users/ahrorbek/go/src/ndc/ai_seller/vendor/github.com/gin-gonic/gin/gin.go:589 +0x174
net/http.serverHandler.ServeHTTP({0x10406bf40?}, {0x104070fa0?, 0x140005b61c0?}, 0x6?)
	/opt/homebrew/Cellar/go/1.23.5/libexec/src/net/http/server.go:3210 +0xbc
net/http.(*conn).serve(0x1400013d560, {0x1040753a8, 0x140005a9920})
	/opt/homebrew/Cellar/go/1.23.5/libexec/src/net/http/server.go:2092 +0x4fc
created by net/http.(*Server).Serve in goroutine 71
	/opt/homebrew/Cellar/go/1.23.5/libexec/src/net/http/server.go:3360 +0x3dc


sugurta/api.NewRouter.Recovery.func3.1
	/Users/ahrorbek/go/src/ndc/ai_seller/api/middleware/recovery.go:31
runtime.gopanic
	/opt/homebrew/Cellar/go/1.23.5/libexec/src/runtime/panic.go:785
runtime.panicmem
	/opt/homebrew/Cellar/go/1.23.5/libexec/src/runtime/panic.go:262
runtime.sigpanic
	/opt/homebrew/Cellar/go/1.23.5/libexec/src/runtime/signal_unix.go:917
sugurta/api/handlers/v1.(*authRoutes).register
	/Users/ahrorbek/go/src/ndc/ai_seller/api/handlers/v1/auth.go:122
github.com/gin-gonic/gin.(*Context).Next
	/Users/ahrorbek/go/src/ndc/ai_seller/vendor/github.com/gin-gonic/gin/context.go:185
sugurta/api.NewRouter.Recovery.func3
	/Users/ahrorbek/go/src/ndc/ai_seller/api/middleware/recovery.go:40
github.com/gin-gonic/gin.(*Context).Next
	/Users/ahrorbek/go/src/ndc/ai_seller/vendor/github.com/gin-gonic/gin/context.go:185
sugurta/api.NewRouter.Logger.func2
	/Users/ahrorbek/go/src/ndc/ai_seller/api/middleware/logger.go:25
github.com/gin-gonic/gin.(*Context).Next
	/Users/ahrorbek/go/src/ndc/ai_seller/vendor/github.com/gin-gonic/gin/context.go:185
github.com/gin-gonic/gin.CustomRecoveryWithWriter.func1
	/Users/ahrorbek/go/src/ndc/ai_seller/vendor/github.com/gin-gonic/gin/recovery.go:102
github.com/gin-gonic/gin.(*Context).Next
	/Users/ahrorbek/go/src/ndc/ai_seller/vendor/github.com/gin-gonic/gin/context.go:185
github.com/gin-gonic/gin.LoggerWithConfig.func1
	/Users/ahrorbek/go/src/ndc/ai_seller/vendor/github.com/gin-gonic/gin/logger.go:249
github.com/gin-gonic/gin.(*Context).Next
	/Users/ahrorbek/go/src/ndc/ai_seller/vendor/github.com/gin-gonic/gin/context.go:185
github.com/gin-gonic/gin.(*Engine).handleHTTPRequest
	/Users/ahrorbek/go/src/ndc/ai_seller/vendor/github.com/gin-gonic/gin/gin.go:633
github.com/gin-gonic/gin.(*Engine).ServeHTTP
	/Users/ahrorbek/go/src/ndc/ai_seller/vendor/github.com/gin-gonic/gin/gin.go:589
net/http.serverHandler.ServeHTTP
	/opt/homebrew/Cellar/go/1.23.5/libexec/src/net/http/server.go:3210
net/http.(*conn).serve
	/opt/homebrew/Cellar/go/1.23.5/libexec/src/net/http/server.go:2092
2025-03-24T10:18:52.495+0500	INFO	middleware/logger.go:26	127.0.0.1 - POST /v1/auth/register 
2025-03-24T10:19:37.021+0500	INFO	app/main.go:40	api gateway service stops
2025-03-24T10:19:37.022+0500	ERROR	app/main.go:31	app run	{"error": "http: Server closed"}
main.main.func1
	/Users/ahrorbek/go/src/ndc/ai_seller/cmd/app/main.go:31
2025-03-24T10:19:42.614+0500	INFO	app/main.go:29	Listen: 	{"address": "localhost:8080"}
2025-03-24T10:19:43.287+0500	ERROR	v1/auth.go:569	response	{"code": 500, "status": "INTERNAL_SERVER_ERROR", "description": "The server encountered an unexpected condition that prevented it from fulfilling the request", "data": "ERROR: column \"id\" does not exist (SQLSTATE 42703)", "custom_message": ""}
sugurta/api/handlers/v1.(*authRoutes).handleResponse
	/Users/ahrorbek/go/src/ndc/ai_seller/api/handlers/v1/auth.go:569
sugurta/api/handlers/v1.(*authRoutes).register
	/Users/ahrorbek/go/src/ndc/ai_seller/api/handlers/v1/auth.go:132
github.com/gin-gonic/gin.(*Context).Next
	/Users/ahrorbek/go/src/ndc/ai_seller/vendor/github.com/gin-gonic/gin/context.go:185
sugurta/api.NewRouter.Recovery.func3
	/Users/ahrorbek/go/src/ndc/ai_seller/api/middleware/recovery.go:40
github.com/gin-gonic/gin.(*Context).Next
	/Users/ahrorbek/go/src/ndc/ai_seller/vendor/github.com/gin-gonic/gin/context.go:185
sugurta/api.NewRouter.Logger.func2
	/Users/ahrorbek/go/src/ndc/ai_seller/api/middleware/logger.go:25
github.com/gin-gonic/gin.(*Context).Next
	/Users/ahrorbek/go/src/ndc/ai_seller/vendor/github.com/gin-gonic/gin/context.go:185
github.com/gin-gonic/gin.CustomRecoveryWithWriter.func1
	/Users/ahrorbek/go/src/ndc/ai_seller/vendor/github.com/gin-gonic/gin/recovery.go:102
github.com/gin-gonic/gin.(*Context).Next
	/Users/ahrorbek/go/src/ndc/ai_seller/vendor/github.com/gin-gonic/gin/context.go:185
github.com/gin-gonic/gin.LoggerWithConfig.func1
	/Users/ahrorbek/go/src/ndc/ai_seller/vendor/github.com/gin-gonic/gin/logger.go:249
github.com/gin-gonic/gin.(*Context).Next
	/Users/ahrorbek/go/src/ndc/ai_seller/vendor/github.com/gin-gonic/gin/context.go:185
github.com/gin-gonic/gin.(*Engine).handleHTTPRequest
	/Users/ahrorbek/go/src/ndc/ai_seller/vendor/github.com/gin-gonic/gin/gin.go:633
github.com/gin-gonic/gin.(*Engine).ServeHTTP
	/Users/ahrorbek/go/src/ndc/ai_seller/vendor/github.com/gin-gonic/gin/gin.go:589
net/http.serverHandler.ServeHTTP
	/opt/homebrew/Cellar/go/1.23.5/libexec/src/net/http/server.go:3210
net/http.(*conn).serve
	/opt/homebrew/Cellar/go/1.23.5/libexec/src/net/http/server.go:2092
2025-03-24T10:19:43.288+0500	INFO	middleware/logger.go:26	127.0.0.1 - POST /v1/auth/register 
2025-03-24T10:21:08.465+0500	INFO	app/main.go:40	api gateway service stops
2025-03-24T10:21:08.465+0500	ERROR	app/main.go:31	app run	{"error": "http: Server closed"}
main.main.func1
	/Users/ahrorbek/go/src/ndc/ai_seller/cmd/app/main.go:31
2025-03-24T10:21:33.274+0500	INFO	app/main.go:29	Listen: 	{"address": "localhost:8080"}
2025-03-24T10:21:33.460+0500	ERROR	v1/auth.go:569	response	{"code": 500, "status": "INTERNAL_SERVER_ERROR", "description": "The server encountered an unexpected condition that prevented it from fulfilling the request", "data": "ERROR: column \"id\" does not exist (SQLSTATE 42703)", "custom_message": ""}
sugurta/api/handlers/v1.(*authRoutes).handleResponse
	/Users/ahrorbek/go/src/ndc/ai_seller/api/handlers/v1/auth.go:569
sugurta/api/handlers/v1.(*authRoutes).register
	/Users/ahrorbek/go/src/ndc/ai_seller/api/handlers/v1/auth.go:132
github.com/gin-gonic/gin.(*Context).Next
	/Users/ahrorbek/go/src/ndc/ai_seller/vendor/github.com/gin-gonic/gin/context.go:185
sugurta/api.NewRouter.Recovery.func3
	/Users/ahrorbek/go/src/ndc/ai_seller/api/middleware/recovery.go:40
github.com/gin-gonic/gin.(*Context).Next
	/Users/ahrorbek/go/src/ndc/ai_seller/vendor/github.com/gin-gonic/gin/context.go:185
sugurta/api.NewRouter.Logger.func2
	/Users/ahrorbek/go/src/ndc/ai_seller/api/middleware/logger.go:25
github.com/gin-gonic/gin.(*Context).Next
	/Users/ahrorbek/go/src/ndc/ai_seller/vendor/github.com/gin-gonic/gin/context.go:185
github.com/gin-gonic/gin.CustomRecoveryWithWriter.func1
	/Users/ahrorbek/go/src/ndc/ai_seller/vendor/github.com/gin-gonic/gin/recovery.go:102
github.com/gin-gonic/gin.(*Context).Next
	/Users/ahrorbek/go/src/ndc/ai_seller/vendor/github.com/gin-gonic/gin/context.go:185
github.com/gin-gonic/gin.LoggerWithConfig.func1
	/Users/ahrorbek/go/src/ndc/ai_seller/vendor/github.com/gin-gonic/gin/logger.go:249
github.com/gin-gonic/gin.(*Context).Next
	/Users/ahrorbek/go/src/ndc/ai_seller/vendor/github.com/gin-gonic/gin/context.go:185
github.com/gin-gonic/gin.(*Engine).handleHTTPRequest
	/Users/ahrorbek/go/src/ndc/ai_seller/vendor/github.com/gin-gonic/gin/gin.go:633
github.com/gin-gonic/gin.(*Engine).ServeHTTP
	/Users/ahrorbek/go/src/ndc/ai_seller/vendor/github.com/gin-gonic/gin/gin.go:589
net/http.serverHandler.ServeHTTP
	/opt/homebrew/Cellar/go/1.23.5/libexec/src/net/http/server.go:3210
net/http.(*conn).serve
	/opt/homebrew/Cellar/go/1.23.5/libexec/src/net/http/server.go:2092
2025-03-24T10:21:33.460+0500	INFO	middleware/logger.go:26	127.0.0.1 - POST /v1/auth/register 
2025-03-24T10:22:54.987+0500	INFO	app/main.go:40	api gateway service stops
2025-03-24T10:22:54.989+0500	ERROR	app/main.go:31	app run	{"error": "http: Server closed"}
main.main.func1
	/Users/ahrorbek/go/src/ndc/ai_seller/cmd/app/main.go:31
2025-03-24T10:25:11.506+0500	INFO	app/main.go:29	Listen: 	{"address": "localhost:8080"}
2025-03-24T10:25:11.791+0500	ERROR	v1/auth.go:569	response	{"code": 500, "status": "INTERNAL_SERVER_ERROR", "description": "The server encountered an unexpected condition that prevented it from fulfilling the request", "data": "ERROR: column \"guid\" does not exist (SQLSTATE 42703)", "custom_message": ""}
sugurta/api/handlers/v1.(*authRoutes).handleResponse
	/Users/ahrorbek/go/src/ndc/ai_seller/api/handlers/v1/auth.go:569
sugurta/api/handlers/v1.(*authRoutes).register
	/Users/ahrorbek/go/src/ndc/ai_seller/api/handlers/v1/auth.go:132
github.com/gin-gonic/gin.(*Context).Next
	/Users/ahrorbek/go/src/ndc/ai_seller/vendor/github.com/gin-gonic/gin/context.go:185
sugurta/api.NewRouter.Recovery.func3
	/Users/ahrorbek/go/src/ndc/ai_seller/api/middleware/recovery.go:40
github.com/gin-gonic/gin.(*Context).Next
	/Users/ahrorbek/go/src/ndc/ai_seller/vendor/github.com/gin-gonic/gin/context.go:185
sugurta/api.NewRouter.Logger.func2
	/Users/ahrorbek/go/src/ndc/ai_seller/api/middleware/logger.go:25
github.com/gin-gonic/gin.(*Context).Next
	/Users/ahrorbek/go/src/ndc/ai_seller/vendor/github.com/gin-gonic/gin/context.go:185
github.com/gin-gonic/gin.CustomRecoveryWithWriter.func1
	/Users/ahrorbek/go/src/ndc/ai_seller/vendor/github.com/gin-gonic/gin/recovery.go:102
github.com/gin-gonic/gin.(*Context).Next
	/Users/ahrorbek/go/src/ndc/ai_seller/vendor/github.com/gin-gonic/gin/context.go:185
github.com/gin-gonic/gin.LoggerWithConfig.func1
	/Users/ahrorbek/go/src/ndc/ai_seller/vendor/github.com/gin-gonic/gin/logger.go:249
github.com/gin-gonic/gin.(*Context).Next
	/Users/ahrorbek/go/src/ndc/ai_seller/vendor/github.com/gin-gonic/gin/context.go:185
github.com/gin-gonic/gin.(*Engine).handleHTTPRequest
	/Users/ahrorbek/go/src/ndc/ai_seller/vendor/github.com/gin-gonic/gin/gin.go:633
github.com/gin-gonic/gin.(*Engine).ServeHTTP
	/Users/ahrorbek/go/src/ndc/ai_seller/vendor/github.com/gin-gonic/gin/gin.go:589
net/http.serverHandler.ServeHTTP
	/opt/homebrew/Cellar/go/1.23.5/libexec/src/net/http/server.go:3210
net/http.(*conn).serve
	/opt/homebrew/Cellar/go/1.23.5/libexec/src/net/http/server.go:2092
2025-03-24T10:25:11.792+0500	INFO	middleware/logger.go:26	127.0.0.1 - POST /v1/auth/register 
2025-03-24T10:28:11.474+0500	INFO	app/main.go:40	api gateway service stops
2025-03-24T10:28:11.474+0500	ERROR	app/main.go:31	app run	{"error": "http: Server closed"}
main.main.func1
	/Users/ahrorbek/go/src/ndc/ai_seller/cmd/app/main.go:31
2025-03-24T10:28:19.934+0500	INFO	app/main.go:29	Listen: 	{"address": "localhost:8080"}
2025-03-24T10:28:20.179+0500	ERROR	v1/auth.go:569	response	{"code": 500, "status": "INTERNAL_SERVER_ERROR", "description": "The server encountered an unexpected condition that prevented it from fulfilling the request", "data": "ERROR: column \"guid\" does not exist (SQLSTATE 42703)", "custom_message": ""}
sugurta/api/handlers/v1.(*authRoutes).handleResponse
	/Users/ahrorbek/go/src/ndc/ai_seller/api/handlers/v1/auth.go:569
sugurta/api/handlers/v1.(*authRoutes).register
	/Users/ahrorbek/go/src/ndc/ai_seller/api/handlers/v1/auth.go:132
github.com/gin-gonic/gin.(*Context).Next
	/Users/ahrorbek/go/src/ndc/ai_seller/vendor/github.com/gin-gonic/gin/context.go:185
sugurta/api.NewRouter.Recovery.func3
	/Users/ahrorbek/go/src/ndc/ai_seller/api/middleware/recovery.go:40
github.com/gin-gonic/gin.(*Context).Next
	/Users/ahrorbek/go/src/ndc/ai_seller/vendor/github.com/gin-gonic/gin/context.go:185
sugurta/api.NewRouter.Logger.func2
	/Users/ahrorbek/go/src/ndc/ai_seller/api/middleware/logger.go:25
github.com/gin-gonic/gin.(*Context).Next
	/Users/ahrorbek/go/src/ndc/ai_seller/vendor/github.com/gin-gonic/gin/context.go:185
github.com/gin-gonic/gin.CustomRecoveryWithWriter.func1
	/Users/ahrorbek/go/src/ndc/ai_seller/vendor/github.com/gin-gonic/gin/recovery.go:102
github.com/gin-gonic/gin.(*Context).Next
	/Users/ahrorbek/go/src/ndc/ai_seller/vendor/github.com/gin-gonic/gin/context.go:185
github.com/gin-gonic/gin.LoggerWithConfig.func1
	/Users/ahrorbek/go/src/ndc/ai_seller/vendor/github.com/gin-gonic/gin/logger.go:249
github.com/gin-gonic/gin.(*Context).Next
	/Users/ahrorbek/go/src/ndc/ai_seller/vendor/github.com/gin-gonic/gin/context.go:185
github.com/gin-gonic/gin.(*Engine).handleHTTPRequest
	/Users/ahrorbek/go/src/ndc/ai_seller/vendor/github.com/gin-gonic/gin/gin.go:633
github.com/gin-gonic/gin.(*Engine).ServeHTTP
	/Users/ahrorbek/go/src/ndc/ai_seller/vendor/github.com/gin-gonic/gin/gin.go:589
net/http.serverHandler.ServeHTTP
	/opt/homebrew/Cellar/go/1.23.5/libexec/src/net/http/server.go:3210
net/http.(*conn).serve
	/opt/homebrew/Cellar/go/1.23.5/libexec/src/net/http/server.go:2092
2025-03-24T10:28:20.179+0500	INFO	middleware/logger.go:26	127.0.0.1 - POST /v1/auth/register 
2025-03-24T10:29:02.766+0500	INFO	app/main.go:40	api gateway service stops
2025-03-24T10:29:02.767+0500	ERROR	app/main.go:31	app run	{"error": "http: Server closed"}
main.main.func1
	/Users/ahrorbek/go/src/ndc/ai_seller/cmd/app/main.go:31
2025-03-24T10:29:10.036+0500	INFO	app/main.go:29	Listen: 	{"address": "localhost:8080"}
2025-03-24T10:29:10.378+0500	ERROR	v1/auth.go:569	response	{"code": 500, "status": "INTERNAL_SERVER_ERROR", "description": "The server encountered an unexpected condition that prevented it from fulfilling the request", "data": "ERROR: column \"guid\" does not exist (SQLSTATE 42703)", "custom_message": ""}
sugurta/api/handlers/v1.(*authRoutes).handleResponse
	/Users/ahrorbek/go/src/ndc/ai_seller/api/handlers/v1/auth.go:569
sugurta/api/handlers/v1.(*authRoutes).register
	/Users/ahrorbek/go/src/ndc/ai_seller/api/handlers/v1/auth.go:132
github.com/gin-gonic/gin.(*Context).Next
	/Users/ahrorbek/go/src/ndc/ai_seller/vendor/github.com/gin-gonic/gin/context.go:185
sugurta/api.NewRouter.Recovery.func3
	/Users/ahrorbek/go/src/ndc/ai_seller/api/middleware/recovery.go:40
github.com/gin-gonic/gin.(*Context).Next
	/Users/ahrorbek/go/src/ndc/ai_seller/vendor/github.com/gin-gonic/gin/context.go:185
sugurta/api.NewRouter.Logger.func2
	/Users/ahrorbek/go/src/ndc/ai_seller/api/middleware/logger.go:25
github.com/gin-gonic/gin.(*Context).Next
	/Users/ahrorbek/go/src/ndc/ai_seller/vendor/github.com/gin-gonic/gin/context.go:185
github.com/gin-gonic/gin.CustomRecoveryWithWriter.func1
	/Users/ahrorbek/go/src/ndc/ai_seller/vendor/github.com/gin-gonic/gin/recovery.go:102
github.com/gin-gonic/gin.(*Context).Next
	/Users/ahrorbek/go/src/ndc/ai_seller/vendor/github.com/gin-gonic/gin/context.go:185
github.com/gin-gonic/gin.LoggerWithConfig.func1
	/Users/ahrorbek/go/src/ndc/ai_seller/vendor/github.com/gin-gonic/gin/logger.go:249
github.com/gin-gonic/gin.(*Context).Next
	/Users/ahrorbek/go/src/ndc/ai_seller/vendor/github.com/gin-gonic/gin/context.go:185
github.com/gin-gonic/gin.(*Engine).handleHTTPRequest
	/Users/ahrorbek/go/src/ndc/ai_seller/vendor/github.com/gin-gonic/gin/gin.go:633
github.com/gin-gonic/gin.(*Engine).ServeHTTP
	/Users/ahrorbek/go/src/ndc/ai_seller/vendor/github.com/gin-gonic/gin/gin.go:589
net/http.serverHandler.ServeHTTP
	/opt/homebrew/Cellar/go/1.23.5/libexec/src/net/http/server.go:3210
net/http.(*conn).serve
	/opt/homebrew/Cellar/go/1.23.5/libexec/src/net/http/server.go:2092
2025-03-24T10:29:10.379+0500	INFO	middleware/logger.go:26	127.0.0.1 - POST /v1/auth/register 
2025-03-24T10:31:07.144+0500	INFO	app/main.go:40	api gateway service stops
2025-03-24T10:31:07.145+0500	ERROR	app/main.go:31	app run	{"error": "http: Server closed"}
main.main.func1
	/Users/ahrorbek/go/src/ndc/ai_seller/cmd/app/main.go:31
2025-03-24T10:31:13.442+0500	INFO	app/main.go:29	Listen: 	{"address": "localhost:8080"}
2025-03-24T10:31:13.984+0500	ERROR	v1/auth.go:569	response	{"code": 500, "status": "INTERNAL_SERVER_ERROR", "description": "The server encountered an unexpected condition that prevented it from fulfilling the request", "data": "ERROR: column \"email\" does not exist (SQLSTATE 42703)", "custom_message": ""}
sugurta/api/handlers/v1.(*authRoutes).handleResponse
	/Users/ahrorbek/go/src/ndc/ai_seller/api/handlers/v1/auth.go:569
sugurta/api/handlers/v1.(*authRoutes).register
	/Users/ahrorbek/go/src/ndc/ai_seller/api/handlers/v1/auth.go:132
github.com/gin-gonic/gin.(*Context).Next
	/Users/ahrorbek/go/src/ndc/ai_seller/vendor/github.com/gin-gonic/gin/context.go:185
sugurta/api.NewRouter.Recovery.func3
	/Users/ahrorbek/go/src/ndc/ai_seller/api/middleware/recovery.go:40
github.com/gin-gonic/gin.(*Context).Next
	/Users/ahrorbek/go/src/ndc/ai_seller/vendor/github.com/gin-gonic/gin/context.go:185
sugurta/api.NewRouter.Logger.func2
	/Users/ahrorbek/go/src/ndc/ai_seller/api/middleware/logger.go:25
github.com/gin-gonic/gin.(*Context).Next
	/Users/ahrorbek/go/src/ndc/ai_seller/vendor/github.com/gin-gonic/gin/context.go:185
github.com/gin-gonic/gin.CustomRecoveryWithWriter.func1
	/Users/ahrorbek/go/src/ndc/ai_seller/vendor/github.com/gin-gonic/gin/recovery.go:102
github.com/gin-gonic/gin.(*Context).Next
	/Users/ahrorbek/go/src/ndc/ai_seller/vendor/github.com/gin-gonic/gin/context.go:185
github.com/gin-gonic/gin.LoggerWithConfig.func1
	/Users/ahrorbek/go/src/ndc/ai_seller/vendor/github.com/gin-gonic/gin/logger.go:249
github.com/gin-gonic/gin.(*Context).Next
	/Users/ahrorbek/go/src/ndc/ai_seller/vendor/github.com/gin-gonic/gin/context.go:185
github.com/gin-gonic/gin.(*Engine).handleHTTPRequest
	/Users/ahrorbek/go/src/ndc/ai_seller/vendor/github.com/gin-gonic/gin/gin.go:633
github.com/gin-gonic/gin.(*Engine).ServeHTTP
	/Users/ahrorbek/go/src/ndc/ai_seller/vendor/github.com/gin-gonic/gin/gin.go:589
net/http.serverHandler.ServeHTTP
	/opt/homebrew/Cellar/go/1.23.5/libexec/src/net/http/server.go:3210
net/http.(*conn).serve
	/opt/homebrew/Cellar/go/1.23.5/libexec/src/net/http/server.go:2092
2025-03-24T10:31:13.985+0500	INFO	middleware/logger.go:26	127.0.0.1 - POST /v1/auth/register 
2025-03-24T10:33:13.870+0500	INFO	app/main.go:40	api gateway service stops
2025-03-24T10:33:13.872+0500	ERROR	app/main.go:31	app run	{"error": "http: Server closed"}
main.main.func1
	/Users/ahrorbek/go/src/ndc/ai_seller/cmd/app/main.go:31
2025-03-24T10:33:20.513+0500	INFO	app/main.go:29	Listen: 	{"address": "localhost:8080"}
2025-03-24T10:33:20.556+0500	ERROR	v1/auth.go:569	response	{"code": 500, "status": "INTERNAL_SERVER_ERROR", "description": "The server encountered an unexpected condition that prevented it from fulfilling the request", "data": "object not found", "custom_message": ""}
sugurta/api/handlers/v1.(*authRoutes).handleResponse
	/Users/ahrorbek/go/src/ndc/ai_seller/api/handlers/v1/auth.go:569
sugurta/api/handlers/v1.(*authRoutes).register
	/Users/ahrorbek/go/src/ndc/ai_seller/api/handlers/v1/auth.go:132
github.com/gin-gonic/gin.(*Context).Next
	/Users/ahrorbek/go/src/ndc/ai_seller/vendor/github.com/gin-gonic/gin/context.go:185
sugurta/api.NewRouter.Recovery.func3
	/Users/ahrorbek/go/src/ndc/ai_seller/api/middleware/recovery.go:40
github.com/gin-gonic/gin.(*Context).Next
	/Users/ahrorbek/go/src/ndc/ai_seller/vendor/github.com/gin-gonic/gin/context.go:185
sugurta/api.NewRouter.Logger.func2
	/Users/ahrorbek/go/src/ndc/ai_seller/api/middleware/logger.go:25
github.com/gin-gonic/gin.(*Context).Next
	/Users/ahrorbek/go/src/ndc/ai_seller/vendor/github.com/gin-gonic/gin/context.go:185
github.com/gin-gonic/gin.CustomRecoveryWithWriter.func1
	/Users/ahrorbek/go/src/ndc/ai_seller/vendor/github.com/gin-gonic/gin/recovery.go:102
github.com/gin-gonic/gin.(*Context).Next
	/Users/ahrorbek/go/src/ndc/ai_seller/vendor/github.com/gin-gonic/gin/context.go:185
github.com/gin-gonic/gin.LoggerWithConfig.func1
	/Users/ahrorbek/go/src/ndc/ai_seller/vendor/github.com/gin-gonic/gin/logger.go:249
github.com/gin-gonic/gin.(*Context).Next
	/Users/ahrorbek/go/src/ndc/ai_seller/vendor/github.com/gin-gonic/gin/context.go:185
github.com/gin-gonic/gin.(*Engine).handleHTTPRequest
	/Users/ahrorbek/go/src/ndc/ai_seller/vendor/github.com/gin-gonic/gin/gin.go:633
github.com/gin-gonic/gin.(*Engine).ServeHTTP
	/Users/ahrorbek/go/src/ndc/ai_seller/vendor/github.com/gin-gonic/gin/gin.go:589
net/http.serverHandler.ServeHTTP
	/opt/homebrew/Cellar/go/1.23.5/libexec/src/net/http/server.go:3210
net/http.(*conn).serve
	/opt/homebrew/Cellar/go/1.23.5/libexec/src/net/http/server.go:2092
2025-03-24T10:33:20.556+0500	INFO	middleware/logger.go:26	127.0.0.1 - POST /v1/auth/register 
2025-03-24T10:33:51.592+0500	INFO	app/main.go:40	api gateway service stops
2025-03-24T10:33:51.592+0500	ERROR	app/main.go:31	app run	{"error": "http: Server closed"}
main.main.func1
	/Users/ahrorbek/go/src/ndc/ai_seller/cmd/app/main.go:31
2025-03-24T10:33:56.780+0500	INFO	app/main.go:29	Listen: 	{"address": "localhost:8080"}
2025-03-24T10:33:57.005+0500	ERROR	v1/auth.go:569	response	{"code": 500, "status": "INTERNAL_SERVER_ERROR", "description": "The server encountered an unexpected condition that prevented it from fulfilling the request", "data": "object not found", "custom_message": ""}
sugurta/api/handlers/v1.(*authRoutes).handleResponse
	/Users/ahrorbek/go/src/ndc/ai_seller/api/handlers/v1/auth.go:569
sugurta/api/handlers/v1.(*authRoutes).register
	/Users/ahrorbek/go/src/ndc/ai_seller/api/handlers/v1/auth.go:132
github.com/gin-gonic/gin.(*Context).Next
	/Users/ahrorbek/go/src/ndc/ai_seller/vendor/github.com/gin-gonic/gin/context.go:185
sugurta/api.NewRouter.Recovery.func3
	/Users/ahrorbek/go/src/ndc/ai_seller/api/middleware/recovery.go:40
github.com/gin-gonic/gin.(*Context).Next
	/Users/ahrorbek/go/src/ndc/ai_seller/vendor/github.com/gin-gonic/gin/context.go:185
sugurta/api.NewRouter.Logger.func2
	/Users/ahrorbek/go/src/ndc/ai_seller/api/middleware/logger.go:25
github.com/gin-gonic/gin.(*Context).Next
	/Users/ahrorbek/go/src/ndc/ai_seller/vendor/github.com/gin-gonic/gin/context.go:185
github.com/gin-gonic/gin.CustomRecoveryWithWriter.func1
	/Users/ahrorbek/go/src/ndc/ai_seller/vendor/github.com/gin-gonic/gin/recovery.go:102
github.com/gin-gonic/gin.(*Context).Next
	/Users/ahrorbek/go/src/ndc/ai_seller/vendor/github.com/gin-gonic/gin/context.go:185
github.com/gin-gonic/gin.LoggerWithConfig.func1
	/Users/ahrorbek/go/src/ndc/ai_seller/vendor/github.com/gin-gonic/gin/logger.go:249
github.com/gin-gonic/gin.(*Context).Next
	/Users/ahrorbek/go/src/ndc/ai_seller/vendor/github.com/gin-gonic/gin/context.go:185
github.com/gin-gonic/gin.(*Engine).handleHTTPRequest
	/Users/ahrorbek/go/src/ndc/ai_seller/vendor/github.com/gin-gonic/gin/gin.go:633
github.com/gin-gonic/gin.(*Engine).ServeHTTP
	/Users/ahrorbek/go/src/ndc/ai_seller/vendor/github.com/gin-gonic/gin/gin.go:589
net/http.serverHandler.ServeHTTP
	/opt/homebrew/Cellar/go/1.23.5/libexec/src/net/http/server.go:3210
net/http.(*conn).serve
	/opt/homebrew/Cellar/go/1.23.5/libexec/src/net/http/server.go:2092
2025-03-24T10:33:57.006+0500	INFO	middleware/logger.go:26	127.0.0.1 - POST /v1/auth/register 
2025-03-24T10:34:33.764+0500	INFO	app/main.go:40	api gateway service stops
2025-03-24T10:34:33.765+0500	ERROR	app/main.go:31	app run	{"error": "http: Server closed"}
main.main.func1
	/Users/ahrorbek/go/src/ndc/ai_seller/cmd/app/main.go:31
2025-03-24T10:34:39.334+0500	INFO	app/main.go:29	Listen: 	{"address": "localhost:8080"}
2025-03-24T10:34:39.471+0500	ERROR	v1/auth.go:569	response	{"code": 500, "status": "INTERNAL_SERVER_ERROR", "description": "The server encountered an unexpected condition that prevented it from fulfilling the request", "data": "object not found", "custom_message": ""}
sugurta/api/handlers/v1.(*authRoutes).handleResponse
	/Users/ahrorbek/go/src/ndc/ai_seller/api/handlers/v1/auth.go:569
sugurta/api/handlers/v1.(*authRoutes).register
	/Users/ahrorbek/go/src/ndc/ai_seller/api/handlers/v1/auth.go:132
github.com/gin-gonic/gin.(*Context).Next
	/Users/ahrorbek/go/src/ndc/ai_seller/vendor/github.com/gin-gonic/gin/context.go:185
sugurta/api.NewRouter.Recovery.func3
	/Users/ahrorbek/go/src/ndc/ai_seller/api/middleware/recovery.go:40
github.com/gin-gonic/gin.(*Context).Next
	/Users/ahrorbek/go/src/ndc/ai_seller/vendor/github.com/gin-gonic/gin/context.go:185
sugurta/api.NewRouter.Logger.func2
	/Users/ahrorbek/go/src/ndc/ai_seller/api/middleware/logger.go:25
github.com/gin-gonic/gin.(*Context).Next
	/Users/ahrorbek/go/src/ndc/ai_seller/vendor/github.com/gin-gonic/gin/context.go:185
github.com/gin-gonic/gin.CustomRecoveryWithWriter.func1
	/Users/ahrorbek/go/src/ndc/ai_seller/vendor/github.com/gin-gonic/gin/recovery.go:102
github.com/gin-gonic/gin.(*Context).Next
	/Users/ahrorbek/go/src/ndc/ai_seller/vendor/github.com/gin-gonic/gin/context.go:185
github.com/gin-gonic/gin.LoggerWithConfig.func1
	/Users/ahrorbek/go/src/ndc/ai_seller/vendor/github.com/gin-gonic/gin/logger.go:249
github.com/gin-gonic/gin.(*Context).Next
	/Users/ahrorbek/go/src/ndc/ai_seller/vendor/github.com/gin-gonic/gin/context.go:185
github.com/gin-gonic/gin.(*Engine).handleHTTPRequest
	/Users/ahrorbek/go/src/ndc/ai_seller/vendor/github.com/gin-gonic/gin/gin.go:633
github.com/gin-gonic/gin.(*Engine).ServeHTTP
	/Users/ahrorbek/go/src/ndc/ai_seller/vendor/github.com/gin-gonic/gin/gin.go:589
net/http.serverHandler.ServeHTTP
	/opt/homebrew/Cellar/go/1.23.5/libexec/src/net/http/server.go:3210
net/http.(*conn).serve
	/opt/homebrew/Cellar/go/1.23.5/libexec/src/net/http/server.go:2092
2025-03-24T10:34:39.471+0500	INFO	middleware/logger.go:26	127.0.0.1 - POST /v1/auth/register 
2025-03-24T10:35:12.675+0500	INFO	app/main.go:40	api gateway service stops
2025-03-24T10:35:12.676+0500	ERROR	app/main.go:31	app run	{"error": "http: Server closed"}
main.main.func1
	/Users/ahrorbek/go/src/ndc/ai_seller/cmd/app/main.go:31
2025-03-24T10:35:19.539+0500	INFO	app/main.go:29	Listen: 	{"address": "localhost:8080"}
2025-03-24T10:35:21.509+0500	INFO	middleware/logger.go:26	127.0.0.1 - POST /v1/auth/register 
2025-03-24T10:35:22.861+0500	ERROR	v1/auth.go:171	failed to send verification code: failed to send email: 535 5.7.8 Username and Password not accepted. For more information, go to
5.7.8  https://support.google.com/mail/?p=BadCredentials ffacd0b85a97d-3997f995423sm9704782f8f.20 - gsmtp
sugurta/api/handlers/v1.(*authRoutes).register.func1
	/Users/ahrorbek/go/src/ndc/ai_seller/api/handlers/v1/auth.go:171
2025-03-24T10:36:52.744+0500	INFO	middleware/logger.go:26	127.0.0.1 - POST /v1/auth/register 
2025-03-24T10:36:53.678+0500	ERROR	v1/auth.go:171	failed to send verification code: failed to send email: 535 5.7.8 Username and Password not accepted. For more information, go to
5.7.8  https://support.google.com/mail/?p=BadCredentials ffacd0b85a97d-3997f9a3c90sm10068888f8f.36 - gsmtp
sugurta/api/handlers/v1.(*authRoutes).register.func1
	/Users/ahrorbek/go/src/ndc/ai_seller/api/handlers/v1/auth.go:171
2025-03-24T10:39:01.565+0500	INFO	app/main.go:40	api gateway service stops
2025-03-24T10:39:01.566+0500	ERROR	app/main.go:31	app run	{"error": "http: Server closed"}
main.main.func1
	/Users/ahrorbek/go/src/ndc/ai_seller/cmd/app/main.go:31
2025-03-24T10:39:09.858+0500	INFO	app/main.go:29	Listen: 	{"address": "localhost:8080"}
2025-03-24T10:39:10.438+0500	INFO	middleware/logger.go:26	127.0.0.1 - POST /v1/auth/register 
2025-03-24T10:39:11.401+0500	ERROR	v1/auth.go:171	failed to send verification code: failed to send email: 535 5.7.8 Username and Password not accepted. For more information, go to
5.7.8  https://support.google.com/mail/?p=BadCredentials ffacd0b85a97d-3997f9eff79sm9920261f8f.95 - gsmtp
sugurta/api/handlers/v1.(*authRoutes).register.func1
	/Users/ahrorbek/go/src/ndc/ai_seller/api/handlers/v1/auth.go:171
2025-03-24T10:41:52.134+0500	INFO	app/main.go:40	api gateway service stops
2025-03-24T10:41:52.135+0500	ERROR	app/main.go:31	app run	{"error": "http: Server closed"}
main.main.func1
	/Users/ahrorbek/go/src/ndc/ai_seller/cmd/app/main.go:31
2025-03-24T10:42:00.805+0500	INFO	app/main.go:29	Listen: 	{"address": "localhost:8080"}
2025-03-24T10:42:01.639+0500	INFO	middleware/logger.go:26	127.0.0.1 - POST /v1/auth/register 
2025-04-08T12:33:00.129+0500	INFO	app/main.go:29	Listen: 	{"address": "localhost:8080"}
2025-04-08T12:33:25.969+0500	INFO	middleware/logger.go:26	127.0.0.1 - GET /swagger/index.html 
2025-04-08T12:33:25.979+0500	INFO	middleware/logger.go:26	127.0.0.1 - GET /swagger/swagger-ui.css 
2025-04-08T12:33:25.981+0500	INFO	middleware/logger.go:26	127.0.0.1 - GET /swagger/swagger-ui-standalone-preset.js 
2025-04-08T12:33:25.982+0500	INFO	middleware/logger.go:26	127.0.0.1 - GET /swagger/swagger-ui-bundle.js 
2025-04-08T12:33:26.161+0500	INFO	middleware/logger.go:26	127.0.0.1 - GET /swagger/doc.json 
2025-04-08T12:33:26.209+0500	INFO	middleware/logger.go:26	127.0.0.1 - GET /swagger/favicon-32x32.png 
2025-04-08T12:39:58.134+0500	ERROR	v1/auth.go:571	response	{"code": 400, "status": "BAD_REQUEST", "description": "The server could not understand the request due to invalid syntax", "data": "Key: 'LoginRequest.Email' Error:Field validation for 'Email' failed on the 'email' tag", "custom_message": ""}
sugurta/api/handlers/v1.(*authRoutes).handleResponse
	/home/dilshod/Documents/ndc_ai/sugurta_go_api_geteway/api/handlers/v1/auth.go:571
sugurta/api/handlers/v1.(*authRoutes).login
	/home/dilshod/Documents/ndc_ai/sugurta_go_api_geteway/api/handlers/v1/auth.go:349
github.com/gin-gonic/gin.(*Context).Next
	/home/dilshod/go/pkg/mod/github.com/gin-gonic/gin@v1.10.0/context.go:185
sugurta/api.NewRouter.Recovery.func3
	/home/dilshod/Documents/ndc_ai/sugurta_go_api_geteway/api/middleware/recovery.go:40
github.com/gin-gonic/gin.(*Context).Next
	/home/dilshod/go/pkg/mod/github.com/gin-gonic/gin@v1.10.0/context.go:185
sugurta/api.NewRouter.Logger.func2
	/home/dilshod/Documents/ndc_ai/sugurta_go_api_geteway/api/middleware/logger.go:25
github.com/gin-gonic/gin.(*Context).Next
	/home/dilshod/go/pkg/mod/github.com/gin-gonic/gin@v1.10.0/context.go:185
github.com/gin-gonic/gin.CustomRecoveryWithWriter.func1
	/home/dilshod/go/pkg/mod/github.com/gin-gonic/gin@v1.10.0/recovery.go:102
github.com/gin-gonic/gin.(*Context).Next
	/home/dilshod/go/pkg/mod/github.com/gin-gonic/gin@v1.10.0/context.go:185
github.com/gin-gonic/gin.LoggerWithConfig.func1
	/home/dilshod/go/pkg/mod/github.com/gin-gonic/gin@v1.10.0/logger.go:249
github.com/gin-gonic/gin.(*Context).Next
	/home/dilshod/go/pkg/mod/github.com/gin-gonic/gin@v1.10.0/context.go:185
github.com/gin-gonic/gin.(*Engine).handleHTTPRequest
	/home/dilshod/go/pkg/mod/github.com/gin-gonic/gin@v1.10.0/gin.go:633
github.com/gin-gonic/gin.(*Engine).ServeHTTP
	/home/dilshod/go/pkg/mod/github.com/gin-gonic/gin@v1.10.0/gin.go:589
net/http.serverHandler.ServeHTTP
	/home/dilshod/go/pkg/mod/golang.org/toolchain@v0.0.1-go1.23.5.linux-amd64/src/net/http/server.go:3210
net/http.(*conn).serve
	/home/dilshod/go/pkg/mod/golang.org/toolchain@v0.0.1-go1.23.5.linux-amd64/src/net/http/server.go:2092
2025-04-08T12:39:58.134+0500	INFO	middleware/logger.go:26	127.0.0.1 - POST /v1/auth/login 
2025-04-08T12:43:20.217+0500	INFO	app/main.go:40	api gateway service stops
2025-04-08T12:43:20.217+0500	ERROR	app/main.go:31	app run	{"error": "http: Server closed"}
main.main.func1
	/home/dilshod/Documents/ndc_ai/sugurta_go_api_geteway/cmd/app/main.go:31
2025-04-08T12:43:21.669+0500	INFO	app/main.go:29	Listen: 	{"address": "localhost:8080"}
2025-04-08T12:43:23.818+0500	ERROR	v1/auth.go:571	response	{"code": 400, "status": "BAD_REQUEST", "description": "The server could not understand the request due to invalid syntax", "data": "Key: 'LoginRequest.Email' Error:Field validation for 'Email' failed on the 'email' tag", "custom_message": ""}
sugurta/api/handlers/v1.(*authRoutes).handleResponse
	/home/dilshod/Documents/ndc_ai/sugurta_go_api_geteway/api/handlers/v1/auth.go:571
sugurta/api/handlers/v1.(*authRoutes).login
	/home/dilshod/Documents/ndc_ai/sugurta_go_api_geteway/api/handlers/v1/auth.go:349
github.com/gin-gonic/gin.(*Context).Next
	/home/dilshod/go/pkg/mod/github.com/gin-gonic/gin@v1.10.0/context.go:185
sugurta/api.NewRouter.Recovery.func3
	/home/dilshod/Documents/ndc_ai/sugurta_go_api_geteway/api/middleware/recovery.go:40
github.com/gin-gonic/gin.(*Context).Next
	/home/dilshod/go/pkg/mod/github.com/gin-gonic/gin@v1.10.0/context.go:185
sugurta/api.NewRouter.Logger.func2
	/home/dilshod/Documents/ndc_ai/sugurta_go_api_geteway/api/middleware/logger.go:25
github.com/gin-gonic/gin.(*Context).Next
	/home/dilshod/go/pkg/mod/github.com/gin-gonic/gin@v1.10.0/context.go:185
github.com/gin-gonic/gin.CustomRecoveryWithWriter.func1
	/home/dilshod/go/pkg/mod/github.com/gin-gonic/gin@v1.10.0/recovery.go:102
github.com/gin-gonic/gin.(*Context).Next
	/home/dilshod/go/pkg/mod/github.com/gin-gonic/gin@v1.10.0/context.go:185
github.com/gin-gonic/gin.LoggerWithConfig.func1
	/home/dilshod/go/pkg/mod/github.com/gin-gonic/gin@v1.10.0/logger.go:249
github.com/gin-gonic/gin.(*Context).Next
	/home/dilshod/go/pkg/mod/github.com/gin-gonic/gin@v1.10.0/context.go:185
github.com/gin-gonic/gin.(*Engine).handleHTTPRequest
	/home/dilshod/go/pkg/mod/github.com/gin-gonic/gin@v1.10.0/gin.go:633
github.com/gin-gonic/gin.(*Engine).ServeHTTP
	/home/dilshod/go/pkg/mod/github.com/gin-gonic/gin@v1.10.0/gin.go:589
net/http.serverHandler.ServeHTTP
	/home/dilshod/go/pkg/mod/golang.org/toolchain@v0.0.1-go1.23.5.linux-amd64/src/net/http/server.go:3210
net/http.(*conn).serve
	/home/dilshod/go/pkg/mod/golang.org/toolchain@v0.0.1-go1.23.5.linux-amd64/src/net/http/server.go:2092
2025-04-08T12:43:23.818+0500	INFO	middleware/logger.go:26	127.0.0.1 - POST /v1/auth/login 
2025-04-08T12:43:45.767+0500	INFO	app/main.go:40	api gateway service stops
2025-04-08T12:43:45.768+0500	ERROR	app/main.go:31	app run	{"error": "http: Server closed"}
main.main.func1
	/home/dilshod/Documents/ndc_ai/sugurta_go_api_geteway/cmd/app/main.go:31
2025-04-08T12:43:46.938+0500	INFO	app/main.go:29	Listen: 	{"address": "localhost:8080"}
2025-04-08T12:43:49.286+0500	ERROR	v1/auth.go:571	response	{"code": 400, "status": "BAD_REQUEST", "description": "The server could not understand the request due to invalid syntax", "data": "Key: 'LoginRequest.Email' Error:Field validation for 'Email' failed on the 'email' tag", "custom_message": ""}
sugurta/api/handlers/v1.(*authRoutes).handleResponse
	/home/dilshod/Documents/ndc_ai/sugurta_go_api_geteway/api/handlers/v1/auth.go:571
sugurta/api/handlers/v1.(*authRoutes).login
	/home/dilshod/Documents/ndc_ai/sugurta_go_api_geteway/api/handlers/v1/auth.go:349
github.com/gin-gonic/gin.(*Context).Next
	/home/dilshod/go/pkg/mod/github.com/gin-gonic/gin@v1.10.0/context.go:185
sugurta/api.NewRouter.Recovery.func3
	/home/dilshod/Documents/ndc_ai/sugurta_go_api_geteway/api/middleware/recovery.go:40
github.com/gin-gonic/gin.(*Context).Next
	/home/dilshod/go/pkg/mod/github.com/gin-gonic/gin@v1.10.0/context.go:185
sugurta/api.NewRouter.Logger.func2
	/home/dilshod/Documents/ndc_ai/sugurta_go_api_geteway/api/middleware/logger.go:25
github.com/gin-gonic/gin.(*Context).Next
	/home/dilshod/go/pkg/mod/github.com/gin-gonic/gin@v1.10.0/context.go:185
github.com/gin-gonic/gin.CustomRecoveryWithWriter.func1
	/home/dilshod/go/pkg/mod/github.com/gin-gonic/gin@v1.10.0/recovery.go:102
github.com/gin-gonic/gin.(*Context).Next
	/home/dilshod/go/pkg/mod/github.com/gin-gonic/gin@v1.10.0/context.go:185
github.com/gin-gonic/gin.LoggerWithConfig.func1
	/home/dilshod/go/pkg/mod/github.com/gin-gonic/gin@v1.10.0/logger.go:249
github.com/gin-gonic/gin.(*Context).Next
	/home/dilshod/go/pkg/mod/github.com/gin-gonic/gin@v1.10.0/context.go:185
github.com/gin-gonic/gin.(*Engine).handleHTTPRequest
	/home/dilshod/go/pkg/mod/github.com/gin-gonic/gin@v1.10.0/gin.go:633
github.com/gin-gonic/gin.(*Engine).ServeHTTP
	/home/dilshod/go/pkg/mod/github.com/gin-gonic/gin@v1.10.0/gin.go:589
net/http.serverHandler.ServeHTTP
	/home/dilshod/go/pkg/mod/golang.org/toolchain@v0.0.1-go1.23.5.linux-amd64/src/net/http/server.go:3210
net/http.(*conn).serve
	/home/dilshod/go/pkg/mod/golang.org/toolchain@v0.0.1-go1.23.5.linux-amd64/src/net/http/server.go:2092
2025-04-08T12:43:49.286+0500	INFO	middleware/logger.go:26	127.0.0.1 - POST /v1/auth/login 
2025-04-08T12:44:47.865+0500	INFO	app/main.go:40	api gateway service stops
2025-04-08T12:44:47.865+0500	ERROR	app/main.go:31	app run	{"error": "http: Server closed"}
main.main.func1
	/home/dilshod/Documents/ndc_ai/sugurta_go_api_geteway/cmd/app/main.go:31
2025-04-08T12:44:48.982+0500	INFO	app/main.go:29	Listen: 	{"address": "localhost:8080"}
2025-04-08T12:44:51.422+0500	ERROR	v1/auth.go:572	response	{"code": 400, "status": "BAD_REQUEST", "description": "The server could not understand the request due to invalid syntax", "data": "Key: 'LoginRequest.Email' Error:Field validation for 'Email' failed on the 'email' tag", "custom_message": ""}
sugurta/api/handlers/v1.(*authRoutes).handleResponse
	/home/dilshod/Documents/ndc_ai/sugurta_go_api_geteway/api/handlers/v1/auth.go:572
sugurta/api/handlers/v1.(*authRoutes).login
	/home/dilshod/Documents/ndc_ai/sugurta_go_api_geteway/api/handlers/v1/auth.go:350
github.com/gin-gonic/gin.(*Context).Next
	/home/dilshod/go/pkg/mod/github.com/gin-gonic/gin@v1.10.0/context.go:185
sugurta/api.NewRouter.Recovery.func3
	/home/dilshod/Documents/ndc_ai/sugurta_go_api_geteway/api/middleware/recovery.go:40
github.com/gin-gonic/gin.(*Context).Next
	/home/dilshod/go/pkg/mod/github.com/gin-gonic/gin@v1.10.0/context.go:185
sugurta/api.NewRouter.Logger.func2
	/home/dilshod/Documents/ndc_ai/sugurta_go_api_geteway/api/middleware/logger.go:25
github.com/gin-gonic/gin.(*Context).Next
	/home/dilshod/go/pkg/mod/github.com/gin-gonic/gin@v1.10.0/context.go:185
github.com/gin-gonic/gin.CustomRecoveryWithWriter.func1
	/home/dilshod/go/pkg/mod/github.com/gin-gonic/gin@v1.10.0/recovery.go:102
github.com/gin-gonic/gin.(*Context).Next
	/home/dilshod/go/pkg/mod/github.com/gin-gonic/gin@v1.10.0/context.go:185
github.com/gin-gonic/gin.LoggerWithConfig.func1
	/home/dilshod/go/pkg/mod/github.com/gin-gonic/gin@v1.10.0/logger.go:249
github.com/gin-gonic/gin.(*Context).Next
	/home/dilshod/go/pkg/mod/github.com/gin-gonic/gin@v1.10.0/context.go:185
github.com/gin-gonic/gin.(*Engine).handleHTTPRequest
	/home/dilshod/go/pkg/mod/github.com/gin-gonic/gin@v1.10.0/gin.go:633
github.com/gin-gonic/gin.(*Engine).ServeHTTP
	/home/dilshod/go/pkg/mod/github.com/gin-gonic/gin@v1.10.0/gin.go:589
net/http.serverHandler.ServeHTTP
	/home/dilshod/go/pkg/mod/golang.org/toolchain@v0.0.1-go1.23.5.linux-amd64/src/net/http/server.go:3210
net/http.(*conn).serve
	/home/dilshod/go/pkg/mod/golang.org/toolchain@v0.0.1-go1.23.5.linux-amd64/src/net/http/server.go:2092
2025-04-08T12:44:51.423+0500	INFO	middleware/logger.go:26	127.0.0.1 - POST /v1/auth/login 
2025-04-08T12:45:47.646+0500	ERROR	v1/auth.go:572	response	{"code": 400, "status": "BAD_REQUEST", "description": "The server could not understand the request due to invalid syntax", "data": "wrong email or password", "custom_message": ""}
sugurta/api/handlers/v1.(*authRoutes).handleResponse
	/home/dilshod/Documents/ndc_ai/sugurta_go_api_geteway/api/handlers/v1/auth.go:572
sugurta/api/handlers/v1.(*authRoutes).login
	/home/dilshod/Documents/ndc_ai/sugurta_go_api_geteway/api/handlers/v1/auth.go:363
github.com/gin-gonic/gin.(*Context).Next
	/home/dilshod/go/pkg/mod/github.com/gin-gonic/gin@v1.10.0/context.go:185
sugurta/api.NewRouter.Recovery.func3
	/home/dilshod/Documents/ndc_ai/sugurta_go_api_geteway/api/middleware/recovery.go:40
github.com/gin-gonic/gin.(*Context).Next
	/home/dilshod/go/pkg/mod/github.com/gin-gonic/gin@v1.10.0/context.go:185
sugurta/api.NewRouter.Logger.func2
	/home/dilshod/Documents/ndc_ai/sugurta_go_api_geteway/api/middleware/logger.go:25
github.com/gin-gonic/gin.(*Context).Next
	/home/dilshod/go/pkg/mod/github.com/gin-gonic/gin@v1.10.0/context.go:185
github.com/gin-gonic/gin.CustomRecoveryWithWriter.func1
	/home/dilshod/go/pkg/mod/github.com/gin-gonic/gin@v1.10.0/recovery.go:102
github.com/gin-gonic/gin.(*Context).Next
	/home/dilshod/go/pkg/mod/github.com/gin-gonic/gin@v1.10.0/context.go:185
github.com/gin-gonic/gin.LoggerWithConfig.func1
	/home/dilshod/go/pkg/mod/github.com/gin-gonic/gin@v1.10.0/logger.go:249
github.com/gin-gonic/gin.(*Context).Next
	/home/dilshod/go/pkg/mod/github.com/gin-gonic/gin@v1.10.0/context.go:185
github.com/gin-gonic/gin.(*Engine).handleHTTPRequest
	/home/dilshod/go/pkg/mod/github.com/gin-gonic/gin@v1.10.0/gin.go:633
github.com/gin-gonic/gin.(*Engine).ServeHTTP
	/home/dilshod/go/pkg/mod/github.com/gin-gonic/gin@v1.10.0/gin.go:589
net/http.serverHandler.ServeHTTP
	/home/dilshod/go/pkg/mod/golang.org/toolchain@v0.0.1-go1.23.5.linux-amd64/src/net/http/server.go:3210
net/http.(*conn).serve
	/home/dilshod/go/pkg/mod/golang.org/toolchain@v0.0.1-go1.23.5.linux-amd64/src/net/http/server.go:2092
2025-04-08T12:45:47.646+0500	INFO	middleware/logger.go:26	127.0.0.1 - POST /v1/auth/login 
2025-04-08T14:01:53.269+0500	INFO	app/main.go:29	Listen: 	{"address": "localhost:8080"}
2025-04-08T14:01:58.793+0500	INFO	middleware/logger.go:26	127.0.0.1 - GET /swagger/index.html 
2025-04-08T14:01:58.801+0500	INFO	middleware/logger.go:26	127.0.0.1 - GET /swagger/swagger-ui.css 
2025-04-08T14:01:58.801+0500	INFO	middleware/logger.go:26	127.0.0.1 - GET /swagger/swagger-ui-bundle.js 
2025-04-08T14:01:58.803+0500	INFO	middleware/logger.go:26	127.0.0.1 - GET /swagger/swagger-ui-standalone-preset.js 
2025-04-08T14:01:58.930+0500	INFO	middleware/logger.go:26	127.0.0.1 - GET /swagger/doc.json 
2025-04-08T14:01:58.935+0500	INFO	middleware/logger.go:26	127.0.0.1 - GET /swagger/favicon-32x32.png 
2025-04-08T14:02:07.105+0500	INFO	middleware/logger.go:26	127.0.0.1 - GET /v1/orders?limit=10&offset=0 
2025-04-08T14:04:11.964+0500	INFO	app/main.go:40	api gateway service stops
2025-04-08T14:04:11.964+0500	ERROR	app/main.go:31	app run	{"error": "http: Server closed"}
main.main.func1
	/home/dilshod/Documents/ndc_ai/sugurta_go_api_geteway/cmd/app/main.go:31
2025-04-08T14:04:13.245+0500	INFO	app/main.go:29	Listen: 	{"address": "localhost:8080"}
2025-04-08T14:04:16.214+0500	ERROR	middleware/recovery.go:31	127.0.0.1 - GET /v1/orders/?limit=10&offset=0 PANIC DETECTED: runtime error: invalid memory address or nil pointer dereference
goroutine 46 [running]:
runtime/debug.Stack()
	/home/dilshod/go/pkg/mod/golang.org/toolchain@v0.0.1-go1.23.5.linux-amd64/src/runtime/debug/stack.go:26 +0x5e
sugurta/api/middleware.buildPanicMessage(0xc000bc8000, {0x124c440, 0x279e190})
	/home/dilshod/Documents/ndc_ai/sugurta_go_api_geteway/api/middleware/recovery.go:21 +0x4b4
sugurta/api.NewRouter.Recovery.func3.1()
	/home/dilshod/Documents/ndc_ai/sugurta_go_api_geteway/api/middleware/recovery.go:31 +0x47
panic({0x124c440?, 0x279e190?})
	/home/dilshod/go/pkg/mod/golang.org/toolchain@v0.0.1-go1.23.5.linux-amd64/src/runtime/panic.go:785 +0x132
sugurta/api/handlers/v1.(*OrderRoutes).listOrders(0xc00066c100, 0xc000bc8000)
	/home/dilshod/Documents/ndc_ai/sugurta_go_api_geteway/api/handlers/v1/order.go:135 +0x17d
github.com/gin-gonic/gin.(*Context).Next(0xc000bc8000)
	/home/dilshod/go/pkg/mod/github.com/gin-gonic/gin@v1.10.0/context.go:185 +0x2b
sugurta/api.NewRouter.Recovery.func3(0xc00020a418?)
	/home/dilshod/Documents/ndc_ai/sugurta_go_api_geteway/api/middleware/recovery.go:40 +0x48
github.com/gin-gonic/gin.(*Context).Next(0xc000bc8000)
	/home/dilshod/go/pkg/mod/github.com/gin-gonic/gin@v1.10.0/context.go:185 +0x2b
sugurta/api.NewRouter.Logger.func2(0xc000bc8000)
	/home/dilshod/Documents/ndc_ai/sugurta_go_api_geteway/api/middleware/logger.go:25 +0x25
github.com/gin-gonic/gin.(*Context).Next(...)
	/home/dilshod/go/pkg/mod/github.com/gin-gonic/gin@v1.10.0/context.go:185
github.com/gin-gonic/gin.CustomRecoveryWithWriter.func1(0xc000bc8000)
	/home/dilshod/go/pkg/mod/github.com/gin-gonic/gin@v1.10.0/recovery.go:102 +0x6f
github.com/gin-gonic/gin.(*Context).Next(...)
	/home/dilshod/go/pkg/mod/github.com/gin-gonic/gin@v1.10.0/context.go:185
github.com/gin-gonic/gin.LoggerWithConfig.func1(0xc000bc8000)
	/home/dilshod/go/pkg/mod/github.com/gin-gonic/gin@v1.10.0/logger.go:249 +0xe5
github.com/gin-gonic/gin.(*Context).Next(...)
	/home/dilshod/go/pkg/mod/github.com/gin-gonic/gin@v1.10.0/context.go:185
github.com/gin-gonic/gin.(*Engine).handleHTTPRequest(0xc0001269c0, 0xc000bc8000)
	/home/dilshod/go/pkg/mod/github.com/gin-gonic/gin@v1.10.0/gin.go:633 +0x892
github.com/gin-gonic/gin.(*Engine).ServeHTTP(0xc0001269c0, {0x15e1d08, 0xc000bc60e0}, 0xc0001ec140)
	/home/dilshod/go/pkg/mod/github.com/gin-gonic/gin@v1.10.0/gin.go:589 +0x1b2
net/http.serverHandler.ServeHTTP({0xc0005f69c0?}, {0x15e1d08?, 0xc000bc60e0?}, 0x6?)
	/home/dilshod/go/pkg/mod/golang.org/toolchain@v0.0.1-go1.23.5.linux-amd64/src/net/http/server.go:3210 +0x8e
net/http.(*conn).serve(0xc000ba4240, {0x15e60c8, 0xc0005f68d0})
	/home/dilshod/go/pkg/mod/golang.org/toolchain@v0.0.1-go1.23.5.linux-amd64/src/net/http/server.go:2092 +0x5d0
created by net/http.(*Server).Serve in goroutine 42
	/home/dilshod/go/pkg/mod/golang.org/toolchain@v0.0.1-go1.23.5.linux-amd64/src/net/http/server.go:3360 +0x485


sugurta/api.NewRouter.Recovery.func3.1
	/home/dilshod/Documents/ndc_ai/sugurta_go_api_geteway/api/middleware/recovery.go:31
runtime.gopanic
	/home/dilshod/go/pkg/mod/golang.org/toolchain@v0.0.1-go1.23.5.linux-amd64/src/runtime/panic.go:785
runtime.panicmem
	/home/dilshod/go/pkg/mod/golang.org/toolchain@v0.0.1-go1.23.5.linux-amd64/src/runtime/panic.go:262
runtime.sigpanic
	/home/dilshod/go/pkg/mod/golang.org/toolchain@v0.0.1-go1.23.5.linux-amd64/src/runtime/signal_unix.go:917
sugurta/api/handlers/v1.(*OrderRoutes).listOrders
	/home/dilshod/Documents/ndc_ai/sugurta_go_api_geteway/api/handlers/v1/order.go:135
github.com/gin-gonic/gin.(*Context).Next
	/home/dilshod/go/pkg/mod/github.com/gin-gonic/gin@v1.10.0/context.go:185
sugurta/api.NewRouter.Recovery.func3
	/home/dilshod/Documents/ndc_ai/sugurta_go_api_geteway/api/middleware/recovery.go:40
github.com/gin-gonic/gin.(*Context).Next
	/home/dilshod/go/pkg/mod/github.com/gin-gonic/gin@v1.10.0/context.go:185
sugurta/api.NewRouter.Logger.func2
	/home/dilshod/Documents/ndc_ai/sugurta_go_api_geteway/api/middleware/logger.go:25
github.com/gin-gonic/gin.(*Context).Next
	/home/dilshod/go/pkg/mod/github.com/gin-gonic/gin@v1.10.0/context.go:185
github.com/gin-gonic/gin.CustomRecoveryWithWriter.func1
	/home/dilshod/go/pkg/mod/github.com/gin-gonic/gin@v1.10.0/recovery.go:102
github.com/gin-gonic/gin.(*Context).Next
	/home/dilshod/go/pkg/mod/github.com/gin-gonic/gin@v1.10.0/context.go:185
github.com/gin-gonic/gin.LoggerWithConfig.func1
	/home/dilshod/go/pkg/mod/github.com/gin-gonic/gin@v1.10.0/logger.go:249
github.com/gin-gonic/gin.(*Context).Next
	/home/dilshod/go/pkg/mod/github.com/gin-gonic/gin@v1.10.0/context.go:185
github.com/gin-gonic/gin.(*Engine).handleHTTPRequest
	/home/dilshod/go/pkg/mod/github.com/gin-gonic/gin@v1.10.0/gin.go:633
github.com/gin-gonic/gin.(*Engine).ServeHTTP
	/home/dilshod/go/pkg/mod/github.com/gin-gonic/gin@v1.10.0/gin.go:589
net/http.serverHandler.ServeHTTP
	/home/dilshod/go/pkg/mod/golang.org/toolchain@v0.0.1-go1.23.5.linux-amd64/src/net/http/server.go:3210
net/http.(*conn).serve
	/home/dilshod/go/pkg/mod/golang.org/toolchain@v0.0.1-go1.23.5.linux-amd64/src/net/http/server.go:2092
2025-04-08T14:04:16.215+0500	INFO	middleware/logger.go:26	127.0.0.1 - GET /v1/orders/?limit=10&offset=0 
2025-04-08T14:09:13.659+0500	INFO	app/main.go:40	api gateway service stops
2025-04-08T14:09:13.659+0500	ERROR	app/main.go:31	app run	{"error": "http: Server closed"}
main.main.func1
	/home/dilshod/Documents/ndc_ai/sugurta_go_api_geteway/cmd/app/main.go:31
2025-04-08T14:09:15.019+0500	INFO	app/main.go:29	Listen: 	{"address": "localhost:8080"}
2025-04-08T14:09:17.797+0500	ERROR	middleware/recovery.go:31	127.0.0.1 - GET /v1/orders/?limit=10&offset=0 PANIC DETECTED: runtime error: invalid memory address or nil pointer dereference
goroutine 67 [running]:
runtime/debug.Stack()
	/home/dilshod/go/pkg/mod/golang.org/toolchain@v0.0.1-go1.23.5.linux-amd64/src/runtime/debug/stack.go:26 +0x5e
sugurta/api/middleware.buildPanicMessage(0xc000cbc000, {0x124c440, 0x279e190})
	/home/dilshod/Documents/ndc_ai/sugurta_go_api_geteway/api/middleware/recovery.go:21 +0x4b4
sugurta/api.NewRouter.Recovery.func3.1()
	/home/dilshod/Documents/ndc_ai/sugurta_go_api_geteway/api/middleware/recovery.go:31 +0x47
panic({0x124c440?, 0x279e190?})
	/home/dilshod/go/pkg/mod/golang.org/toolchain@v0.0.1-go1.23.5.linux-amd64/src/runtime/panic.go:785 +0x132
sugurta/api/handlers/v1.(*OrderRoutes).listOrders(0xc000060e40, 0xc000cbc000)
	/home/dilshod/Documents/ndc_ai/sugurta_go_api_geteway/api/handlers/v1/order.go:137 +0x1c5
github.com/gin-gonic/gin.(*Context).Next(0xc000cbc000)
	/home/dilshod/go/pkg/mod/github.com/gin-gonic/gin@v1.10.0/context.go:185 +0x2b
sugurta/api.NewRouter.Recovery.func3(0xc000c880c0?)
	/home/dilshod/Documents/ndc_ai/sugurta_go_api_geteway/api/middleware/recovery.go:40 +0x48
github.com/gin-gonic/gin.(*Context).Next(0xc000cbc000)
	/home/dilshod/go/pkg/mod/github.com/gin-gonic/gin@v1.10.0/context.go:185 +0x2b
sugurta/api.NewRouter.Logger.func2(0xc000cbc000)
	/home/dilshod/Documents/ndc_ai/sugurta_go_api_geteway/api/middleware/logger.go:25 +0x25
github.com/gin-gonic/gin.(*Context).Next(...)
	/home/dilshod/go/pkg/mod/github.com/gin-gonic/gin@v1.10.0/context.go:185
github.com/gin-gonic/gin.CustomRecoveryWithWriter.func1(0xc000cbc000)
	/home/dilshod/go/pkg/mod/github.com/gin-gonic/gin@v1.10.0/recovery.go:102 +0x6f
github.com/gin-gonic/gin.(*Context).Next(...)
	/home/dilshod/go/pkg/mod/github.com/gin-gonic/gin@v1.10.0/context.go:185
github.com/gin-gonic/gin.LoggerWithConfig.func1(0xc000cbc000)
	/home/dilshod/go/pkg/mod/github.com/gin-gonic/gin@v1.10.0/logger.go:249 +0xe5
github.com/gin-gonic/gin.(*Context).Next(...)
	/home/dilshod/go/pkg/mod/github.com/gin-gonic/gin@v1.10.0/context.go:185
github.com/gin-gonic/gin.(*Engine).handleHTTPRequest(0xc000126b60, 0xc000cbc000)
	/home/dilshod/go/pkg/mod/github.com/gin-gonic/gin@v1.10.0/gin.go:633 +0x892
github.com/gin-gonic/gin.(*Engine).ServeHTTP(0xc000126b60, {0x15e1d28, 0xc000cba000}, 0xc00019a3c0)
	/home/dilshod/go/pkg/mod/github.com/gin-gonic/gin@v1.10.0/gin.go:589 +0x1b2
net/http.serverHandler.ServeHTTP({0xc000c8a3f0?}, {0x15e1d28?, 0xc000cba000?}, 0x6?)
	/home/dilshod/go/pkg/mod/golang.org/toolchain@v0.0.1-go1.23.5.linux-amd64/src/net/http/server.go:3210 +0x8e
net/http.(*conn).serve(0xc000cac000, {0x15e60e8, 0xc000c8a300})
	/home/dilshod/go/pkg/mod/golang.org/toolchain@v0.0.1-go1.23.5.linux-amd64/src/net/http/server.go:2092 +0x5d0
created by net/http.(*Server).Serve in goroutine 52
	/home/dilshod/go/pkg/mod/golang.org/toolchain@v0.0.1-go1.23.5.linux-amd64/src/net/http/server.go:3360 +0x485


sugurta/api.NewRouter.Recovery.func3.1
	/home/dilshod/Documents/ndc_ai/sugurta_go_api_geteway/api/middleware/recovery.go:31
runtime.gopanic
	/home/dilshod/go/pkg/mod/golang.org/toolchain@v0.0.1-go1.23.5.linux-amd64/src/runtime/panic.go:785
runtime.panicmem
	/home/dilshod/go/pkg/mod/golang.org/toolchain@v0.0.1-go1.23.5.linux-amd64/src/runtime/panic.go:262
runtime.sigpanic
	/home/dilshod/go/pkg/mod/golang.org/toolchain@v0.0.1-go1.23.5.linux-amd64/src/runtime/signal_unix.go:917
sugurta/api/handlers/v1.(*OrderRoutes).listOrders
	/home/dilshod/Documents/ndc_ai/sugurta_go_api_geteway/api/handlers/v1/order.go:137
github.com/gin-gonic/gin.(*Context).Next
	/home/dilshod/go/pkg/mod/github.com/gin-gonic/gin@v1.10.0/context.go:185
sugurta/api.NewRouter.Recovery.func3
	/home/dilshod/Documents/ndc_ai/sugurta_go_api_geteway/api/middleware/recovery.go:40
github.com/gin-gonic/gin.(*Context).Next
	/home/dilshod/go/pkg/mod/github.com/gin-gonic/gin@v1.10.0/context.go:185
sugurta/api.NewRouter.Logger.func2
	/home/dilshod/Documents/ndc_ai/sugurta_go_api_geteway/api/middleware/logger.go:25
github.com/gin-gonic/gin.(*Context).Next
	/home/dilshod/go/pkg/mod/github.com/gin-gonic/gin@v1.10.0/context.go:185
github.com/gin-gonic/gin.CustomRecoveryWithWriter.func1
	/home/dilshod/go/pkg/mod/github.com/gin-gonic/gin@v1.10.0/recovery.go:102
github.com/gin-gonic/gin.(*Context).Next
	/home/dilshod/go/pkg/mod/github.com/gin-gonic/gin@v1.10.0/context.go:185
github.com/gin-gonic/gin.LoggerWithConfig.func1
	/home/dilshod/go/pkg/mod/github.com/gin-gonic/gin@v1.10.0/logger.go:249
github.com/gin-gonic/gin.(*Context).Next
	/home/dilshod/go/pkg/mod/github.com/gin-gonic/gin@v1.10.0/context.go:185
github.com/gin-gonic/gin.(*Engine).handleHTTPRequest
	/home/dilshod/go/pkg/mod/github.com/gin-gonic/gin@v1.10.0/gin.go:633
github.com/gin-gonic/gin.(*Engine).ServeHTTP
	/home/dilshod/go/pkg/mod/github.com/gin-gonic/gin@v1.10.0/gin.go:589
net/http.serverHandler.ServeHTTP
	/home/dilshod/go/pkg/mod/golang.org/toolchain@v0.0.1-go1.23.5.linux-amd64/src/net/http/server.go:3210
net/http.(*conn).serve
	/home/dilshod/go/pkg/mod/golang.org/toolchain@v0.0.1-go1.23.5.linux-amd64/src/net/http/server.go:2092
2025-04-08T14:09:17.797+0500	INFO	middleware/logger.go:26	127.0.0.1 - GET /v1/orders/?limit=10&offset=0 
2025-04-08T14:09:41.266+0500	INFO	app/main.go:40	api gateway service stops
2025-04-08T14:09:41.267+0500	ERROR	app/main.go:31	app run	{"error": "http: Server closed"}
main.main.func1
	/home/dilshod/Documents/ndc_ai/sugurta_go_api_geteway/cmd/app/main.go:31
2025-04-08T14:09:42.760+0500	INFO	app/main.go:29	Listen: 	{"address": "localhost:8080"}
2025-04-08T14:09:45.374+0500	ERROR	middleware/recovery.go:31	127.0.0.1 - GET /v1/orders/?limit=10&offset=0 PANIC DETECTED: runtime error: invalid memory address or nil pointer dereference
goroutine 67 [running]:
runtime/debug.Stack()
	/home/dilshod/go/pkg/mod/golang.org/toolchain@v0.0.1-go1.23.5.linux-amd64/src/runtime/debug/stack.go:26 +0x5e
sugurta/api/middleware.buildPanicMessage(0xc000c4c000, {0x124c440, 0x279e190})
	/home/dilshod/Documents/ndc_ai/sugurta_go_api_geteway/api/middleware/recovery.go:21 +0x4b4
sugurta/api.NewRouter.Recovery.func3.1()
	/home/dilshod/Documents/ndc_ai/sugurta_go_api_geteway/api/middleware/recovery.go:31 +0x47
panic({0x124c440?, 0x279e190?})
	/home/dilshod/go/pkg/mod/golang.org/toolchain@v0.0.1-go1.23.5.linux-amd64/src/runtime/panic.go:785 +0x132
sugurta/api/handlers/v1.(*OrderRoutes).listOrders(0xc0006d9180, 0xc000c4c000)
	/home/dilshod/Documents/ndc_ai/sugurta_go_api_geteway/api/handlers/v1/order.go:137 +0x204
github.com/gin-gonic/gin.(*Context).Next(0xc000c4c000)
	/home/dilshod/go/pkg/mod/github.com/gin-gonic/gin@v1.10.0/context.go:185 +0x2b
sugurta/api.NewRouter.Recovery.func3(0xc000c0a0c0?)
	/home/dilshod/Documents/ndc_ai/sugurta_go_api_geteway/api/middleware/recovery.go:40 +0x48
github.com/gin-gonic/gin.(*Context).Next(0xc000c4c000)
	/home/dilshod/go/pkg/mod/github.com/gin-gonic/gin@v1.10.0/context.go:185 +0x2b
sugurta/api.NewRouter.Logger.func2(0xc000c4c000)
	/home/dilshod/Documents/ndc_ai/sugurta_go_api_geteway/api/middleware/logger.go:25 +0x25
github.com/gin-gonic/gin.(*Context).Next(...)
	/home/dilshod/go/pkg/mod/github.com/gin-gonic/gin@v1.10.0/context.go:185
github.com/gin-gonic/gin.CustomRecoveryWithWriter.func1(0xc000c4c000)
	/home/dilshod/go/pkg/mod/github.com/gin-gonic/gin@v1.10.0/recovery.go:102 +0x6f
github.com/gin-gonic/gin.(*Context).Next(...)
	/home/dilshod/go/pkg/mod/github.com/gin-gonic/gin@v1.10.0/context.go:185
github.com/gin-gonic/gin.LoggerWithConfig.func1(0xc000c4c000)
	/home/dilshod/go/pkg/mod/github.com/gin-gonic/gin@v1.10.0/logger.go:249 +0xe5
github.com/gin-gonic/gin.(*Context).Next(...)
	/home/dilshod/go/pkg/mod/github.com/gin-gonic/gin@v1.10.0/context.go:185
github.com/gin-gonic/gin.(*Engine).handleHTTPRequest(0xc0000fa4e0, 0xc000c4c000)
	/home/dilshod/go/pkg/mod/github.com/gin-gonic/gin@v1.10.0/gin.go:633 +0x892
github.com/gin-gonic/gin.(*Engine).ServeHTTP(0xc0000fa4e0, {0x15e1d48, 0xc000c48000}, 0xc000198280)
	/home/dilshod/go/pkg/mod/github.com/gin-gonic/gin@v1.10.0/gin.go:589 +0x1b2
net/http.serverHandler.ServeHTTP({0xc000c0c3f0?}, {0x15e1d48?, 0xc000c48000?}, 0x6?)
	/home/dilshod/go/pkg/mod/golang.org/toolchain@v0.0.1-go1.23.5.linux-amd64/src/net/http/server.go:3210 +0x8e
net/http.(*conn).serve(0xc000c3a000, {0x15e6108, 0xc000c0c300})
	/home/dilshod/go/pkg/mod/golang.org/toolchain@v0.0.1-go1.23.5.linux-amd64/src/net/http/server.go:2092 +0x5d0
created by net/http.(*Server).Serve in goroutine 11
	/home/dilshod/go/pkg/mod/golang.org/toolchain@v0.0.1-go1.23.5.linux-amd64/src/net/http/server.go:3360 +0x485


sugurta/api.NewRouter.Recovery.func3.1
	/home/dilshod/Documents/ndc_ai/sugurta_go_api_geteway/api/middleware/recovery.go:31
runtime.gopanic
	/home/dilshod/go/pkg/mod/golang.org/toolchain@v0.0.1-go1.23.5.linux-amd64/src/runtime/panic.go:785
runtime.panicmem
	/home/dilshod/go/pkg/mod/golang.org/toolchain@v0.0.1-go1.23.5.linux-amd64/src/runtime/panic.go:262
runtime.sigpanic
	/home/dilshod/go/pkg/mod/golang.org/toolchain@v0.0.1-go1.23.5.linux-amd64/src/runtime/signal_unix.go:917
sugurta/api/handlers/v1.(*OrderRoutes).listOrders
	/home/dilshod/Documents/ndc_ai/sugurta_go_api_geteway/api/handlers/v1/order.go:137
github.com/gin-gonic/gin.(*Context).Next
	/home/dilshod/go/pkg/mod/github.com/gin-gonic/gin@v1.10.0/context.go:185
sugurta/api.NewRouter.Recovery.func3
	/home/dilshod/Documents/ndc_ai/sugurta_go_api_geteway/api/middleware/recovery.go:40
github.com/gin-gonic/gin.(*Context).Next
	/home/dilshod/go/pkg/mod/github.com/gin-gonic/gin@v1.10.0/context.go:185
sugurta/api.NewRouter.Logger.func2
	/home/dilshod/Documents/ndc_ai/sugurta_go_api_geteway/api/middleware/logger.go:25
github.com/gin-gonic/gin.(*Context).Next
	/home/dilshod/go/pkg/mod/github.com/gin-gonic/gin@v1.10.0/context.go:185
github.com/gin-gonic/gin.CustomRecoveryWithWriter.func1
	/home/dilshod/go/pkg/mod/github.com/gin-gonic/gin@v1.10.0/recovery.go:102
github.com/gin-gonic/gin.(*Context).Next
	/home/dilshod/go/pkg/mod/github.com/gin-gonic/gin@v1.10.0/context.go:185
github.com/gin-gonic/gin.LoggerWithConfig.func1
	/home/dilshod/go/pkg/mod/github.com/gin-gonic/gin@v1.10.0/logger.go:249
github.com/gin-gonic/gin.(*Context).Next
	/home/dilshod/go/pkg/mod/github.com/gin-gonic/gin@v1.10.0/context.go:185
github.com/gin-gonic/gin.(*Engine).handleHTTPRequest
	/home/dilshod/go/pkg/mod/github.com/gin-gonic/gin@v1.10.0/gin.go:633
github.com/gin-gonic/gin.(*Engine).ServeHTTP
	/home/dilshod/go/pkg/mod/github.com/gin-gonic/gin@v1.10.0/gin.go:589
net/http.serverHandler.ServeHTTP
	/home/dilshod/go/pkg/mod/golang.org/toolchain@v0.0.1-go1.23.5.linux-amd64/src/net/http/server.go:3210
net/http.(*conn).serve
	/home/dilshod/go/pkg/mod/golang.org/toolchain@v0.0.1-go1.23.5.linux-amd64/src/net/http/server.go:2092
2025-04-08T14:09:45.374+0500	INFO	middleware/logger.go:26	127.0.0.1 - GET /v1/orders/?limit=10&offset=0 
2025-04-08T14:10:22.730+0500	INFO	app/main.go:40	api gateway service stops
2025-04-08T14:10:22.730+0500	ERROR	app/main.go:31	app run	{"error": "http: Server closed"}
main.main.func1
	/home/dilshod/Documents/ndc_ai/sugurta_go_api_geteway/cmd/app/main.go:31
2025-04-08T14:10:23.849+0500	INFO	app/main.go:29	Listen: 	{"address": "localhost:8080"}
2025-04-08T14:10:25.595+0500	ERROR	middleware/recovery.go:31	127.0.0.1 - GET /v1/orders/?limit=10&offset=0 PANIC DETECTED: runtime error: invalid memory address or nil pointer dereference
goroutine 66 [running]:
runtime/debug.Stack()
	/home/dilshod/go/pkg/mod/golang.org/toolchain@v0.0.1-go1.23.5.linux-amd64/src/runtime/debug/stack.go:26 +0x5e
sugurta/api/middleware.buildPanicMessage(0xc000c12000, {0x124c440, 0x279e190})
	/home/dilshod/Documents/ndc_ai/sugurta_go_api_geteway/api/middleware/recovery.go:21 +0x4b4
sugurta/api.NewRouter.Recovery.func3.1()
	/home/dilshod/Documents/ndc_ai/sugurta_go_api_geteway/api/middleware/recovery.go:31 +0x47
panic({0x124c440?, 0x279e190?})
	/home/dilshod/go/pkg/mod/golang.org/toolchain@v0.0.1-go1.23.5.linux-amd64/src/runtime/panic.go:785 +0x132
sugurta/api/handlers/v1.(*OrderRoutes).listOrders(0xc000124a40, 0xc000c12000)
	/home/dilshod/Documents/ndc_ai/sugurta_go_api_geteway/api/handlers/v1/order.go:137 +0x216
github.com/gin-gonic/gin.(*Context).Next(0xc000c12000)
	/home/dilshod/go/pkg/mod/github.com/gin-gonic/gin@v1.10.0/context.go:185 +0x2b
sugurta/api.NewRouter.Recovery.func3(0xc0001b6180?)
	/home/dilshod/Documents/ndc_ai/sugurta_go_api_geteway/api/middleware/recovery.go:40 +0x48
github.com/gin-gonic/gin.(*Context).Next(0xc000c12000)
	/home/dilshod/go/pkg/mod/github.com/gin-gonic/gin@v1.10.0/context.go:185 +0x2b
sugurta/api.NewRouter.Logger.func2(0xc000c12000)
	/home/dilshod/Documents/ndc_ai/sugurta_go_api_geteway/api/middleware/logger.go:25 +0x25
github.com/gin-gonic/gin.(*Context).Next(...)
	/home/dilshod/go/pkg/mod/github.com/gin-gonic/gin@v1.10.0/context.go:185
github.com/gin-gonic/gin.CustomRecoveryWithWriter.func1(0xc000c12000)
	/home/dilshod/go/pkg/mod/github.com/gin-gonic/gin@v1.10.0/recovery.go:102 +0x6f
github.com/gin-gonic/gin.(*Context).Next(...)
	/home/dilshod/go/pkg/mod/github.com/gin-gonic/gin@v1.10.0/context.go:185
github.com/gin-gonic/gin.LoggerWithConfig.func1(0xc000c12000)
	/home/dilshod/go/pkg/mod/github.com/gin-gonic/gin@v1.10.0/logger.go:249 +0xe5
github.com/gin-gonic/gin.(*Context).Next(...)
	/home/dilshod/go/pkg/mod/github.com/gin-gonic/gin@v1.10.0/context.go:185
github.com/gin-gonic/gin.(*Engine).handleHTTPRequest(0xc0006ee000, 0xc000c12000)
	/home/dilshod/go/pkg/mod/github.com/gin-gonic/gin@v1.10.0/gin.go:633 +0x892
github.com/gin-gonic/gin.(*Engine).ServeHTTP(0xc0006ee000, {0x15e1d68, 0xc0005580e0}, 0xc0002183c0)
	/home/dilshod/go/pkg/mod/github.com/gin-gonic/gin@v1.10.0/gin.go:589 +0x1b2
net/http.serverHandler.ServeHTTP({0xc000572ae0?}, {0x15e1d68?, 0xc0005580e0?}, 0x6?)
	/home/dilshod/go/pkg/mod/golang.org/toolchain@v0.0.1-go1.23.5.linux-amd64/src/net/http/server.go:3210 +0x8e
net/http.(*conn).serve(0xc00057a120, {0x15e6128, 0xc0005729f0})
	/home/dilshod/go/pkg/mod/golang.org/toolchain@v0.0.1-go1.23.5.linux-amd64/src/net/http/server.go:2092 +0x5d0
created by net/http.(*Server).Serve in goroutine 28
	/home/dilshod/go/pkg/mod/golang.org/toolchain@v0.0.1-go1.23.5.linux-amd64/src/net/http/server.go:3360 +0x485


sugurta/api.NewRouter.Recovery.func3.1
	/home/dilshod/Documents/ndc_ai/sugurta_go_api_geteway/api/middleware/recovery.go:31
runtime.gopanic
	/home/dilshod/go/pkg/mod/golang.org/toolchain@v0.0.1-go1.23.5.linux-amd64/src/runtime/panic.go:785
runtime.panicmem
	/home/dilshod/go/pkg/mod/golang.org/toolchain@v0.0.1-go1.23.5.linux-amd64/src/runtime/panic.go:262
runtime.sigpanic
	/home/dilshod/go/pkg/mod/golang.org/toolchain@v0.0.1-go1.23.5.linux-amd64/src/runtime/signal_unix.go:917
sugurta/api/handlers/v1.(*OrderRoutes).listOrders
	/home/dilshod/Documents/ndc_ai/sugurta_go_api_geteway/api/handlers/v1/order.go:137
github.com/gin-gonic/gin.(*Context).Next
	/home/dilshod/go/pkg/mod/github.com/gin-gonic/gin@v1.10.0/context.go:185
sugurta/api.NewRouter.Recovery.func3
	/home/dilshod/Documents/ndc_ai/sugurta_go_api_geteway/api/middleware/recovery.go:40
github.com/gin-gonic/gin.(*Context).Next
	/home/dilshod/go/pkg/mod/github.com/gin-gonic/gin@v1.10.0/context.go:185
sugurta/api.NewRouter.Logger.func2
	/home/dilshod/Documents/ndc_ai/sugurta_go_api_geteway/api/middleware/logger.go:25
github.com/gin-gonic/gin.(*Context).Next
	/home/dilshod/go/pkg/mod/github.com/gin-gonic/gin@v1.10.0/context.go:185
github.com/gin-gonic/gin.CustomRecoveryWithWriter.func1
	/home/dilshod/go/pkg/mod/github.com/gin-gonic/gin@v1.10.0/recovery.go:102
github.com/gin-gonic/gin.(*Context).Next
	/home/dilshod/go/pkg/mod/github.com/gin-gonic/gin@v1.10.0/context.go:185
github.com/gin-gonic/gin.LoggerWithConfig.func1
	/home/dilshod/go/pkg/mod/github.com/gin-gonic/gin@v1.10.0/logger.go:249
github.com/gin-gonic/gin.(*Context).Next
	/home/dilshod/go/pkg/mod/github.com/gin-gonic/gin@v1.10.0/context.go:185
github.com/gin-gonic/gin.(*Engine).handleHTTPRequest
	/home/dilshod/go/pkg/mod/github.com/gin-gonic/gin@v1.10.0/gin.go:633
github.com/gin-gonic/gin.(*Engine).ServeHTTP
	/home/dilshod/go/pkg/mod/github.com/gin-gonic/gin@v1.10.0/gin.go:589
net/http.serverHandler.ServeHTTP
	/home/dilshod/go/pkg/mod/golang.org/toolchain@v0.0.1-go1.23.5.linux-amd64/src/net/http/server.go:3210
net/http.(*conn).serve
	/home/dilshod/go/pkg/mod/golang.org/toolchain@v0.0.1-go1.23.5.linux-amd64/src/net/http/server.go:2092
2025-04-08T14:10:25.595+0500	INFO	middleware/logger.go:26	127.0.0.1 - GET /v1/orders/?limit=10&offset=0 
2025-04-08T14:10:37.174+0500	INFO	app/main.go:40	api gateway service stops
2025-04-08T14:10:37.174+0500	ERROR	app/main.go:31	app run	{"error": "http: Server closed"}
main.main.func1
	/home/dilshod/Documents/ndc_ai/sugurta_go_api_geteway/cmd/app/main.go:31
2025-04-08T14:10:38.416+0500	INFO	app/main.go:29	Listen: 	{"address": "localhost:8080"}
2025-04-08T14:10:40.153+0500	ERROR	middleware/recovery.go:31	127.0.0.1 - GET /v1/orders/?limit=10&offset=0 PANIC DETECTED: runtime error: invalid memory address or nil pointer dereference
goroutine 66 [running]:
runtime/debug.Stack()
	/home/dilshod/go/pkg/mod/golang.org/toolchain@v0.0.1-go1.23.5.linux-amd64/src/runtime/debug/stack.go:26 +0x5e
sugurta/api/middleware.buildPanicMessage(0xc00014a500, {0x124c440, 0x279e190})
	/home/dilshod/Documents/ndc_ai/sugurta_go_api_geteway/api/middleware/recovery.go:21 +0x4b4
sugurta/api.NewRouter.Recovery.func3.1()
	/home/dilshod/Documents/ndc_ai/sugurta_go_api_geteway/api/middleware/recovery.go:31 +0x47
panic({0x124c440?, 0x279e190?})
	/home/dilshod/go/pkg/mod/golang.org/toolchain@v0.0.1-go1.23.5.linux-amd64/src/runtime/panic.go:785 +0x132
sugurta/api/handlers/v1.(*OrderRoutes).listOrders(0xc0001b7e40, 0xc00014a500)
	/home/dilshod/Documents/ndc_ai/sugurta_go_api_geteway/api/handlers/v1/order.go:137 +0x216
github.com/gin-gonic/gin.(*Context).Next(0xc00014a500)
	/home/dilshod/go/pkg/mod/github.com/gin-gonic/gin@v1.10.0/context.go:185 +0x2b
sugurta/api.NewRouter.Recovery.func3(0xc0001d4780?)
	/home/dilshod/Documents/ndc_ai/sugurta_go_api_geteway/api/middleware/recovery.go:40 +0x48
github.com/gin-gonic/gin.(*Context).Next(0xc00014a500)
	/home/dilshod/go/pkg/mod/github.com/gin-gonic/gin@v1.10.0/context.go:185 +0x2b
sugurta/api.NewRouter.Logger.func2(0xc00014a500)
	/home/dilshod/Documents/ndc_ai/sugurta_go_api_geteway/api/middleware/logger.go:25 +0x25
github.com/gin-gonic/gin.(*Context).Next(...)
	/home/dilshod/go/pkg/mod/github.com/gin-gonic/gin@v1.10.0/context.go:185
github.com/gin-gonic/gin.CustomRecoveryWithWriter.func1(0xc00014a500)
	/home/dilshod/go/pkg/mod/github.com/gin-gonic/gin@v1.10.0/recovery.go:102 +0x6f
github.com/gin-gonic/gin.(*Context).Next(...)
	/home/dilshod/go/pkg/mod/github.com/gin-gonic/gin@v1.10.0/context.go:185
github.com/gin-gonic/gin.LoggerWithConfig.func1(0xc00014a500)
	/home/dilshod/go/pkg/mod/github.com/gin-gonic/gin@v1.10.0/logger.go:249 +0xe5
github.com/gin-gonic/gin.(*Context).Next(...)
	/home/dilshod/go/pkg/mod/github.com/gin-gonic/gin@v1.10.0/context.go:185
github.com/gin-gonic/gin.(*Engine).handleHTTPRequest(0xc0000fa680, 0xc00014a500)
	/home/dilshod/go/pkg/mod/github.com/gin-gonic/gin@v1.10.0/gin.go:633 +0x892
github.com/gin-gonic/gin.(*Engine).ServeHTTP(0xc0000fa680, {0x15e1dc8, 0xc00012e460}, 0xc0001dac80)
	/home/dilshod/go/pkg/mod/github.com/gin-gonic/gin@v1.10.0/gin.go:589 +0x1b2
net/http.serverHandler.ServeHTTP({0xc000b9e2a0?}, {0x15e1dc8?, 0xc00012e460?}, 0x6?)
	/home/dilshod/go/pkg/mod/golang.org/toolchain@v0.0.1-go1.23.5.linux-amd64/src/net/http/server.go:3210 +0x8e
net/http.(*conn).serve(0xc00012d3b0, {0x15e6188, 0xc000b9e1b0})
	/home/dilshod/go/pkg/mod/golang.org/toolchain@v0.0.1-go1.23.5.linux-amd64/src/net/http/server.go:2092 +0x5d0
created by net/http.(*Server).Serve in goroutine 29
	/home/dilshod/go/pkg/mod/golang.org/toolchain@v0.0.1-go1.23.5.linux-amd64/src/net/http/server.go:3360 +0x485


sugurta/api.NewRouter.Recovery.func3.1
	/home/dilshod/Documents/ndc_ai/sugurta_go_api_geteway/api/middleware/recovery.go:31
runtime.gopanic
	/home/dilshod/go/pkg/mod/golang.org/toolchain@v0.0.1-go1.23.5.linux-amd64/src/runtime/panic.go:785
runtime.panicmem
	/home/dilshod/go/pkg/mod/golang.org/toolchain@v0.0.1-go1.23.5.linux-amd64/src/runtime/panic.go:262
runtime.sigpanic
	/home/dilshod/go/pkg/mod/golang.org/toolchain@v0.0.1-go1.23.5.linux-amd64/src/runtime/signal_unix.go:917
sugurta/api/handlers/v1.(*OrderRoutes).listOrders
	/home/dilshod/Documents/ndc_ai/sugurta_go_api_geteway/api/handlers/v1/order.go:137
github.com/gin-gonic/gin.(*Context).Next
	/home/dilshod/go/pkg/mod/github.com/gin-gonic/gin@v1.10.0/context.go:185
sugurta/api.NewRouter.Recovery.func3
	/home/dilshod/Documents/ndc_ai/sugurta_go_api_geteway/api/middleware/recovery.go:40
github.com/gin-gonic/gin.(*Context).Next
	/home/dilshod/go/pkg/mod/github.com/gin-gonic/gin@v1.10.0/context.go:185
sugurta/api.NewRouter.Logger.func2
	/home/dilshod/Documents/ndc_ai/sugurta_go_api_geteway/api/middleware/logger.go:25
github.com/gin-gonic/gin.(*Context).Next
	/home/dilshod/go/pkg/mod/github.com/gin-gonic/gin@v1.10.0/context.go:185
github.com/gin-gonic/gin.CustomRecoveryWithWriter.func1
	/home/dilshod/go/pkg/mod/github.com/gin-gonic/gin@v1.10.0/recovery.go:102
github.com/gin-gonic/gin.(*Context).Next
	/home/dilshod/go/pkg/mod/github.com/gin-gonic/gin@v1.10.0/context.go:185
github.com/gin-gonic/gin.LoggerWithConfig.func1
	/home/dilshod/go/pkg/mod/github.com/gin-gonic/gin@v1.10.0/logger.go:249
github.com/gin-gonic/gin.(*Context).Next
	/home/dilshod/go/pkg/mod/github.com/gin-gonic/gin@v1.10.0/context.go:185
github.com/gin-gonic/gin.(*Engine).handleHTTPRequest
	/home/dilshod/go/pkg/mod/github.com/gin-gonic/gin@v1.10.0/gin.go:633
github.com/gin-gonic/gin.(*Engine).ServeHTTP
	/home/dilshod/go/pkg/mod/github.com/gin-gonic/gin@v1.10.0/gin.go:589
net/http.serverHandler.ServeHTTP
	/home/dilshod/go/pkg/mod/golang.org/toolchain@v0.0.1-go1.23.5.linux-amd64/src/net/http/server.go:3210
net/http.(*conn).serve
	/home/dilshod/go/pkg/mod/golang.org/toolchain@v0.0.1-go1.23.5.linux-amd64/src/net/http/server.go:2092
2025-04-08T14:10:40.153+0500	INFO	middleware/logger.go:26	127.0.0.1 - GET /v1/orders/?limit=10&offset=0 
2025-04-08T14:13:59.031+0500	INFO	app/main.go:40	api gateway service stops
2025-04-08T14:13:59.031+0500	ERROR	app/main.go:31	app run	{"error": "http: Server closed"}
main.main.func1
	/home/dilshod/Documents/ndc_ai/sugurta_go_api_geteway/cmd/app/main.go:31
2025-04-08T14:14:00.865+0500	INFO	app/main.go:29	Listen: 	{"address": "localhost:8080"}
2025-04-08T14:14:03.550+0500	ERROR	middleware/recovery.go:31	127.0.0.1 - GET /v1/orders/?limit=10&offset=0 PANIC DETECTED: runtime error: invalid memory address or nil pointer dereference
goroutine 57 [running]:
runtime/debug.Stack()
	/home/dilshod/go/pkg/mod/golang.org/toolchain@v0.0.1-go1.23.5.linux-amd64/src/runtime/debug/stack.go:26 +0x5e
sugurta/api/middleware.buildPanicMessage(0xc00023aa00, {0x124c440, 0x279e190})
	/home/dilshod/Documents/ndc_ai/sugurta_go_api_geteway/api/middleware/recovery.go:21 +0x4b4
sugurta/api.NewRouter.Recovery.func3.1()
	/home/dilshod/Documents/ndc_ai/sugurta_go_api_geteway/api/middleware/recovery.go:31 +0x47
panic({0x124c440?, 0x279e190?})
	/home/dilshod/go/pkg/mod/golang.org/toolchain@v0.0.1-go1.23.5.linux-amd64/src/runtime/panic.go:785 +0x132
sugurta/api/handlers/v1.(*OrderRoutes).listOrders(0xc0002b9d00, 0xc00023aa00)
	/home/dilshod/Documents/ndc_ai/sugurta_go_api_geteway/api/handlers/v1/order.go:137 +0x216
github.com/gin-gonic/gin.(*Context).Next(0xc00023aa00)
	/home/dilshod/go/pkg/mod/github.com/gin-gonic/gin@v1.10.0/context.go:185 +0x2b
sugurta/api.NewRouter.Recovery.func3(0xc00023a700?)
	/home/dilshod/Documents/ndc_ai/sugurta_go_api_geteway/api/middleware/recovery.go:40 +0x48
github.com/gin-gonic/gin.(*Context).Next(0xc00023aa00)
	/home/dilshod/go/pkg/mod/github.com/gin-gonic/gin@v1.10.0/context.go:185 +0x2b
sugurta/api.NewRouter.Logger.func2(0xc00023aa00)
	/home/dilshod/Documents/ndc_ai/sugurta_go_api_geteway/api/middleware/logger.go:25 +0x25
github.com/gin-gonic/gin.(*Context).Next(...)
	/home/dilshod/go/pkg/mod/github.com/gin-gonic/gin@v1.10.0/context.go:185
github.com/gin-gonic/gin.CustomRecoveryWithWriter.func1(0xc00023aa00)
	/home/dilshod/go/pkg/mod/github.com/gin-gonic/gin@v1.10.0/recovery.go:102 +0x6f
github.com/gin-gonic/gin.(*Context).Next(...)
	/home/dilshod/go/pkg/mod/github.com/gin-gonic/gin@v1.10.0/context.go:185
github.com/gin-gonic/gin.LoggerWithConfig.func1(0xc00023aa00)
	/home/dilshod/go/pkg/mod/github.com/gin-gonic/gin@v1.10.0/logger.go:249 +0xe5
github.com/gin-gonic/gin.(*Context).Next(...)
	/home/dilshod/go/pkg/mod/github.com/gin-gonic/gin@v1.10.0/context.go:185
github.com/gin-gonic/gin.(*Engine).handleHTTPRequest(0xc0002e4d00, 0xc00023aa00)
	/home/dilshod/go/pkg/mod/github.com/gin-gonic/gin@v1.10.0/gin.go:633 +0x892
github.com/gin-gonic/gin.(*Engine).ServeHTTP(0xc0002e4d00, {0x15e1dc8, 0xc00021cb60}, 0xc0002d7040)
	/home/dilshod/go/pkg/mod/github.com/gin-gonic/gin@v1.10.0/gin.go:589 +0x1b2
net/http.serverHandler.ServeHTTP({0xc000b8f170?}, {0x15e1dc8?, 0xc00021cb60?}, 0x6?)
	/home/dilshod/go/pkg/mod/golang.org/toolchain@v0.0.1-go1.23.5.linux-amd64/src/net/http/server.go:3210 +0x8e
net/http.(*conn).serve(0xc0001fd950, {0x15e6188, 0xc000b8f080})
	/home/dilshod/go/pkg/mod/golang.org/toolchain@v0.0.1-go1.23.5.linux-amd64/src/net/http/server.go:2092 +0x5d0
created by net/http.(*Server).Serve in goroutine 33
	/home/dilshod/go/pkg/mod/golang.org/toolchain@v0.0.1-go1.23.5.linux-amd64/src/net/http/server.go:3360 +0x485


sugurta/api.NewRouter.Recovery.func3.1
	/home/dilshod/Documents/ndc_ai/sugurta_go_api_geteway/api/middleware/recovery.go:31
runtime.gopanic
	/home/dilshod/go/pkg/mod/golang.org/toolchain@v0.0.1-go1.23.5.linux-amd64/src/runtime/panic.go:785
runtime.panicmem
	/home/dilshod/go/pkg/mod/golang.org/toolchain@v0.0.1-go1.23.5.linux-amd64/src/runtime/panic.go:262
runtime.sigpanic
	/home/dilshod/go/pkg/mod/golang.org/toolchain@v0.0.1-go1.23.5.linux-amd64/src/runtime/signal_unix.go:917
sugurta/api/handlers/v1.(*OrderRoutes).listOrders
	/home/dilshod/Documents/ndc_ai/sugurta_go_api_geteway/api/handlers/v1/order.go:137
github.com/gin-gonic/gin.(*Context).Next
	/home/dilshod/go/pkg/mod/github.com/gin-gonic/gin@v1.10.0/context.go:185
sugurta/api.NewRouter.Recovery.func3
	/home/dilshod/Documents/ndc_ai/sugurta_go_api_geteway/api/middleware/recovery.go:40
github.com/gin-gonic/gin.(*Context).Next
	/home/dilshod/go/pkg/mod/github.com/gin-gonic/gin@v1.10.0/context.go:185
sugurta/api.NewRouter.Logger.func2
	/home/dilshod/Documents/ndc_ai/sugurta_go_api_geteway/api/middleware/logger.go:25
github.com/gin-gonic/gin.(*Context).Next
	/home/dilshod/go/pkg/mod/github.com/gin-gonic/gin@v1.10.0/context.go:185
github.com/gin-gonic/gin.CustomRecoveryWithWriter.func1
	/home/dilshod/go/pkg/mod/github.com/gin-gonic/gin@v1.10.0/recovery.go:102
github.com/gin-gonic/gin.(*Context).Next
	/home/dilshod/go/pkg/mod/github.com/gin-gonic/gin@v1.10.0/context.go:185
github.com/gin-gonic/gin.LoggerWithConfig.func1
	/home/dilshod/go/pkg/mod/github.com/gin-gonic/gin@v1.10.0/logger.go:249
github.com/gin-gonic/gin.(*Context).Next
	/home/dilshod/go/pkg/mod/github.com/gin-gonic/gin@v1.10.0/context.go:185
github.com/gin-gonic/gin.(*Engine).handleHTTPRequest
	/home/dilshod/go/pkg/mod/github.com/gin-gonic/gin@v1.10.0/gin.go:633
github.com/gin-gonic/gin.(*Engine).ServeHTTP
	/home/dilshod/go/pkg/mod/github.com/gin-gonic/gin@v1.10.0/gin.go:589
net/http.serverHandler.ServeHTTP
	/home/dilshod/go/pkg/mod/golang.org/toolchain@v0.0.1-go1.23.5.linux-amd64/src/net/http/server.go:3210
net/http.(*conn).serve
	/home/dilshod/go/pkg/mod/golang.org/toolchain@v0.0.1-go1.23.5.linux-amd64/src/net/http/server.go:2092
2025-04-08T14:14:03.550+0500	INFO	middleware/logger.go:26	127.0.0.1 - GET /v1/orders/?limit=10&offset=0 
2025-04-08T14:34:57.683+0500	INFO	app/main.go:40	api gateway service stops
2025-04-08T14:34:57.683+0500	ERROR	app/main.go:31	app run	{"error": "http: Server closed"}
main.main.func1
	/home/dilshod/Documents/ndc_ai/sugurta_go_api_geteway/cmd/app/main.go:31
2025-04-08T14:34:59.388+0500	INFO	app/main.go:29	Listen: 	{"address": "localhost:8080"}
2025-04-08T14:35:01.913+0500	ERROR	middleware/recovery.go:31	127.0.0.1 - GET /v1/orders/?limit=10&offset=0 PANIC DETECTED: runtime error: invalid memory address or nil pointer dereference
goroutine 42 [running]:
runtime/debug.Stack()
	/home/dilshod/go/pkg/mod/golang.org/toolchain@v0.0.1-go1.23.5.linux-amd64/src/runtime/debug/stack.go:26 +0x5e
sugurta/api/middleware.buildPanicMessage(0xc000ba2200, {0x124f4e0, 0x27a3190})
	/home/dilshod/Documents/ndc_ai/sugurta_go_api_geteway/api/middleware/recovery.go:21 +0x4b4
sugurta/api.NewRouter.Recovery.func3.1()
	/home/dilshod/Documents/ndc_ai/sugurta_go_api_geteway/api/middleware/recovery.go:31 +0x47
panic({0x124f4e0?, 0x27a3190?})
	/home/dilshod/go/pkg/mod/golang.org/toolchain@v0.0.1-go1.23.5.linux-amd64/src/runtime/panic.go:785 +0x132
github.com/Masterminds/squirrel.(*selectData).ToSql(0xc0000f10b0)
	/home/dilshod/go/pkg/mod/github.com/!masterminds/squirrel@v1.5.4/select.go:60 +0x3e
github.com/Masterminds/squirrel.SelectBuilder.ToSql({{0x15f1fd8, 0xc0001fb420}})
	/home/dilshod/go/pkg/mod/github.com/!masterminds/squirrel@v1.5.4/select.go:218 +0xfd
sugurta/internal/infrastructure/repository/postgresql.(*OrderRepo).List(0xc0006da300, {0x15e9f90, 0xc0001fae70}, 0xa, 0x0, 0xc000b876e0)
	/home/dilshod/Documents/ndc_ai/sugurta_go_api_geteway/internal/infrastructure/repository/postgresql/order.go:124 +0x2c5
sugurta/internal/usecase/order.(*orderService).List(0xc0006da318, {0x15ea3a8?, 0xc000ba2200?}, 0xa, 0x0, 0xc000b876e0)
	/home/dilshod/Documents/ndc_ai/sugurta_go_api_geteway/internal/usecase/order/order.go:65 +0xa6
sugurta/api/handlers/v1.(*OrderRoutes).listOrders(0xc000024700, 0xc000ba2200)
	/home/dilshod/Documents/ndc_ai/sugurta_go_api_geteway/api/handlers/v1/order.go:137 +0x235
github.com/gin-gonic/gin.(*Context).Next(0xc000ba2200)
	/home/dilshod/go/pkg/mod/github.com/gin-gonic/gin@v1.10.0/context.go:185 +0x2b
sugurta/api.NewRouter.Recovery.func3(0xc000024a00?)
	/home/dilshod/Documents/ndc_ai/sugurta_go_api_geteway/api/middleware/recovery.go:40 +0x48
github.com/gin-gonic/gin.(*Context).Next(0xc000ba2200)
	/home/dilshod/go/pkg/mod/github.com/gin-gonic/gin@v1.10.0/context.go:185 +0x2b
sugurta/api.NewRouter.Logger.func2(0xc000ba2200)
	/home/dilshod/Documents/ndc_ai/sugurta_go_api_geteway/api/middleware/logger.go:25 +0x25
github.com/gin-gonic/gin.(*Context).Next(...)
	/home/dilshod/go/pkg/mod/github.com/gin-gonic/gin@v1.10.0/context.go:185
github.com/gin-gonic/gin.CustomRecoveryWithWriter.func1(0xc000ba2200)
	/home/dilshod/go/pkg/mod/github.com/gin-gonic/gin@v1.10.0/recovery.go:102 +0x6f
github.com/gin-gonic/gin.(*Context).Next(...)
	/home/dilshod/go/pkg/mod/github.com/gin-gonic/gin@v1.10.0/context.go:185
github.com/gin-gonic/gin.LoggerWithConfig.func1(0xc000ba2200)
	/home/dilshod/go/pkg/mod/github.com/gin-gonic/gin@v1.10.0/logger.go:249 +0xe5
github.com/gin-gonic/gin.(*Context).Next(...)
	/home/dilshod/go/pkg/mod/github.com/gin-gonic/gin@v1.10.0/context.go:185
github.com/gin-gonic/gin.(*Engine).handleHTTPRequest(0xc000b84000, 0xc000ba2200)
	/home/dilshod/go/pkg/mod/github.com/gin-gonic/gin@v1.10.0/gin.go:633 +0x892
github.com/gin-gonic/gin.(*Engine).ServeHTTP(0xc000b84000, {0x15e5b28, 0xc000b820e0}, 0xc0000ca500)
	/home/dilshod/go/pkg/mod/github.com/gin-gonic/gin@v1.10.0/gin.go:589 +0x1b2
net/http.serverHandler.ServeHTTP({0xc000b875c0?}, {0x15e5b28?, 0xc000b820e0?}, 0x6?)
	/home/dilshod/go/pkg/mod/golang.org/toolchain@v0.0.1-go1.23.5.linux-amd64/src/net/http/server.go:3210 +0x8e
net/http.(*conn).serve(0xc000bc2000, {0x15e9ee8, 0xc000b874d0})
	/home/dilshod/go/pkg/mod/golang.org/toolchain@v0.0.1-go1.23.5.linux-amd64/src/net/http/server.go:2092 +0x5d0
created by net/http.(*Server).Serve in goroutine 77
	/home/dilshod/go/pkg/mod/golang.org/toolchain@v0.0.1-go1.23.5.linux-amd64/src/net/http/server.go:3360 +0x485


sugurta/api.NewRouter.Recovery.func3.1
	/home/dilshod/Documents/ndc_ai/sugurta_go_api_geteway/api/middleware/recovery.go:31
runtime.gopanic
	/home/dilshod/go/pkg/mod/golang.org/toolchain@v0.0.1-go1.23.5.linux-amd64/src/runtime/panic.go:785
runtime.panicmem
	/home/dilshod/go/pkg/mod/golang.org/toolchain@v0.0.1-go1.23.5.linux-amd64/src/runtime/panic.go:262
runtime.sigpanic
	/home/dilshod/go/pkg/mod/golang.org/toolchain@v0.0.1-go1.23.5.linux-amd64/src/runtime/signal_unix.go:917
github.com/Masterminds/squirrel.(*selectData).ToSql
	/home/dilshod/go/pkg/mod/github.com/!masterminds/squirrel@v1.5.4/select.go:60
github.com/Masterminds/squirrel.SelectBuilder.ToSql
	/home/dilshod/go/pkg/mod/github.com/!masterminds/squirrel@v1.5.4/select.go:218
sugurta/internal/infrastructure/repository/postgresql.(*OrderRepo).List
	/home/dilshod/Documents/ndc_ai/sugurta_go_api_geteway/internal/infrastructure/repository/postgresql/order.go:124
sugurta/internal/usecase/order.(*orderService).List
	/home/dilshod/Documents/ndc_ai/sugurta_go_api_geteway/internal/usecase/order/order.go:65
sugurta/api/handlers/v1.(*OrderRoutes).listOrders
	/home/dilshod/Documents/ndc_ai/sugurta_go_api_geteway/api/handlers/v1/order.go:137
github.com/gin-gonic/gin.(*Context).Next
	/home/dilshod/go/pkg/mod/github.com/gin-gonic/gin@v1.10.0/context.go:185
sugurta/api.NewRouter.Recovery.func3
	/home/dilshod/Documents/ndc_ai/sugurta_go_api_geteway/api/middleware/recovery.go:40
github.com/gin-gonic/gin.(*Context).Next
	/home/dilshod/go/pkg/mod/github.com/gin-gonic/gin@v1.10.0/context.go:185
sugurta/api.NewRouter.Logger.func2
	/home/dilshod/Documents/ndc_ai/sugurta_go_api_geteway/api/middleware/logger.go:25
github.com/gin-gonic/gin.(*Context).Next
	/home/dilshod/go/pkg/mod/github.com/gin-gonic/gin@v1.10.0/context.go:185
github.com/gin-gonic/gin.CustomRecoveryWithWriter.func1
	/home/dilshod/go/pkg/mod/github.com/gin-gonic/gin@v1.10.0/recovery.go:102
github.com/gin-gonic/gin.(*Context).Next
	/home/dilshod/go/pkg/mod/github.com/gin-gonic/gin@v1.10.0/context.go:185
github.com/gin-gonic/gin.LoggerWithConfig.func1
	/home/dilshod/go/pkg/mod/github.com/gin-gonic/gin@v1.10.0/logger.go:249
github.com/gin-gonic/gin.(*Context).Next
	/home/dilshod/go/pkg/mod/github.com/gin-gonic/gin@v1.10.0/context.go:185
github.com/gin-gonic/gin.(*Engine).handleHTTPRequest
	/home/dilshod/go/pkg/mod/github.com/gin-gonic/gin@v1.10.0/gin.go:633
github.com/gin-gonic/gin.(*Engine).ServeHTTP
	/home/dilshod/go/pkg/mod/github.com/gin-gonic/gin@v1.10.0/gin.go:589
net/http.serverHandler.ServeHTTP
	/home/dilshod/go/pkg/mod/golang.org/toolchain@v0.0.1-go1.23.5.linux-amd64/src/net/http/server.go:3210
net/http.(*conn).serve
	/home/dilshod/go/pkg/mod/golang.org/toolchain@v0.0.1-go1.23.5.linux-amd64/src/net/http/server.go:2092
2025-04-08T14:35:01.913+0500	INFO	middleware/logger.go:26	127.0.0.1 - GET /v1/orders/?limit=10&offset=0 
2025-04-08T14:39:13.297+0500	INFO	app/main.go:40	api gateway service stops
2025-04-08T14:39:13.297+0500	ERROR	app/main.go:31	app run	{"error": "http: Server closed"}
main.main.func1
	/home/dilshod/Documents/ndc_ai/sugurta_go_api_geteway/cmd/app/main.go:31
2025-04-08T14:39:14.542+0500	INFO	app/main.go:29	Listen: 	{"address": "localhost:8080"}
2025-04-08T14:49:22.602+0500	INFO	app/main.go:40	api gateway service stops
2025-04-08T14:49:22.602+0500	ERROR	app/main.go:31	app run	{"error": "http: Server closed"}
main.main.func1
	/home/dilshod/Documents/ndc_ai/sugurta_go_api_geteway/cmd/app/main.go:31
2025-04-08T14:49:23.824+0500	INFO	app/main.go:29	Listen: 	{"address": "localhost:8080"}
2025-04-08T14:49:25.727+0500	ERROR	middleware/recovery.go:31	127.0.0.1 - GET /v1/orders/?limit=10&offset=0 PANIC DETECTED: runtime error: invalid memory address or nil pointer dereference
goroutine 37 [running]:
runtime/debug.Stack()
	/home/dilshod/go/pkg/mod/golang.org/toolchain@v0.0.1-go1.23.5.linux-amd64/src/runtime/debug/stack.go:26 +0x5e
sugurta/api/middleware.buildPanicMessage(0xc000bce200, {0x124f4e0, 0x27a3190})
	/home/dilshod/Documents/ndc_ai/sugurta_go_api_geteway/api/middleware/recovery.go:21 +0x4b4
sugurta/api.NewRouter.Recovery.func3.1()
	/home/dilshod/Documents/ndc_ai/sugurta_go_api_geteway/api/middleware/recovery.go:31 +0x47
panic({0x124f4e0?, 0x27a3190?})
	/home/dilshod/go/pkg/mod/golang.org/toolchain@v0.0.1-go1.23.5.linux-amd64/src/runtime/panic.go:785 +0x132
github.com/Masterminds/squirrel.(*selectData).ToSql(0xc00026d090)
	/home/dilshod/go/pkg/mod/github.com/!masterminds/squirrel@v1.5.4/select.go:60 +0x3e
github.com/Masterminds/squirrel.SelectBuilder.ToSql({{0x15f20d8, 0xc00027afc0}})
	/home/dilshod/go/pkg/mod/github.com/!masterminds/squirrel@v1.5.4/select.go:218 +0xfd
sugurta/internal/infrastructure/repository/postgresql.(*OrderRepo).List(0xc000013770, {0x15ea090, 0xc00027abd0}, 0xa, 0x0, 0xc000bad710)
	/home/dilshod/Documents/ndc_ai/sugurta_go_api_geteway/internal/infrastructure/repository/postgresql/order.go:124 +0x2c5
sugurta/internal/usecase/order.(*orderService).List(0xc000013788, {0x15ea4a8?, 0xc000bce200?}, 0xa, 0x0, 0xc000bad710)
	/home/dilshod/Documents/ndc_ai/sugurta_go_api_geteway/internal/usecase/order/order.go:65 +0xa6
sugurta/api/handlers/v1.(*OrderRoutes).listOrders(0xc000b926c0, 0xc000bce200)
	/home/dilshod/Documents/ndc_ai/sugurta_go_api_geteway/api/handlers/v1/order.go:138 +0x2b1
github.com/gin-gonic/gin.(*Context).Next(0xc000bce200)
	/home/dilshod/go/pkg/mod/github.com/gin-gonic/gin@v1.10.0/context.go:185 +0x2b
sugurta/api.NewRouter.Recovery.func3(0xc000ba6380?)
	/home/dilshod/Documents/ndc_ai/sugurta_go_api_geteway/api/middleware/recovery.go:40 +0x48
github.com/gin-gonic/gin.(*Context).Next(0xc000bce200)
	/home/dilshod/go/pkg/mod/github.com/gin-gonic/gin@v1.10.0/context.go:185 +0x2b
sugurta/api.NewRouter.Logger.func2(0xc000bce200)
	/home/dilshod/Documents/ndc_ai/sugurta_go_api_geteway/api/middleware/logger.go:25 +0x25
github.com/gin-gonic/gin.(*Context).Next(...)
	/home/dilshod/go/pkg/mod/github.com/gin-gonic/gin@v1.10.0/context.go:185
github.com/gin-gonic/gin.CustomRecoveryWithWriter.func1(0xc000bce200)
	/home/dilshod/go/pkg/mod/github.com/gin-gonic/gin@v1.10.0/recovery.go:102 +0x6f
github.com/gin-gonic/gin.(*Context).Next(...)
	/home/dilshod/go/pkg/mod/github.com/gin-gonic/gin@v1.10.0/context.go:185
github.com/gin-gonic/gin.LoggerWithConfig.func1(0xc000bce200)
	/home/dilshod/go/pkg/mod/github.com/gin-gonic/gin@v1.10.0/logger.go:249 +0xe5
github.com/gin-gonic/gin.(*Context).Next(...)
	/home/dilshod/go/pkg/mod/github.com/gin-gonic/gin@v1.10.0/context.go:185
github.com/gin-gonic/gin.(*Engine).handleHTTPRequest(0xc0001e21a0, 0xc000bce200)
	/home/dilshod/go/pkg/mod/github.com/gin-gonic/gin@v1.10.0/gin.go:633 +0x892
github.com/gin-gonic/gin.(*Engine).ServeHTTP(0xc0001e21a0, {0x15e5c28, 0xc000bb20e0}, 0xc00019a3c0)
	/home/dilshod/go/pkg/mod/github.com/gin-gonic/gin@v1.10.0/gin.go:589 +0x1b2
net/http.serverHandler.ServeHTTP({0xc000bad5f0?}, {0x15e5c28?, 0xc000bb20e0?}, 0x6?)
	/home/dilshod/go/pkg/mod/golang.org/toolchain@v0.0.1-go1.23.5.linux-amd64/src/net/http/server.go:3210 +0x8e
net/http.(*conn).serve(0xc000bf2000, {0x15e9fe8, 0xc000bad500})
	/home/dilshod/go/pkg/mod/golang.org/toolchain@v0.0.1-go1.23.5.linux-amd64/src/net/http/server.go:2092 +0x5d0
created by net/http.(*Server).Serve in goroutine 59
	/home/dilshod/go/pkg/mod/golang.org/toolchain@v0.0.1-go1.23.5.linux-amd64/src/net/http/server.go:3360 +0x485


sugurta/api.NewRouter.Recovery.func3.1
	/home/dilshod/Documents/ndc_ai/sugurta_go_api_geteway/api/middleware/recovery.go:31
runtime.gopanic
	/home/dilshod/go/pkg/mod/golang.org/toolchain@v0.0.1-go1.23.5.linux-amd64/src/runtime/panic.go:785
runtime.panicmem
	/home/dilshod/go/pkg/mod/golang.org/toolchain@v0.0.1-go1.23.5.linux-amd64/src/runtime/panic.go:262
runtime.sigpanic
	/home/dilshod/go/pkg/mod/golang.org/toolchain@v0.0.1-go1.23.5.linux-amd64/src/runtime/signal_unix.go:917
github.com/Masterminds/squirrel.(*selectData).ToSql
	/home/dilshod/go/pkg/mod/github.com/!masterminds/squirrel@v1.5.4/select.go:60
github.com/Masterminds/squirrel.SelectBuilder.ToSql
	/home/dilshod/go/pkg/mod/github.com/!masterminds/squirrel@v1.5.4/select.go:218
sugurta/internal/infrastructure/repository/postgresql.(*OrderRepo).List
	/home/dilshod/Documents/ndc_ai/sugurta_go_api_geteway/internal/infrastructure/repository/postgresql/order.go:124
sugurta/internal/usecase/order.(*orderService).List
	/home/dilshod/Documents/ndc_ai/sugurta_go_api_geteway/internal/usecase/order/order.go:65
sugurta/api/handlers/v1.(*OrderRoutes).listOrders
	/home/dilshod/Documents/ndc_ai/sugurta_go_api_geteway/api/handlers/v1/order.go:138
github.com/gin-gonic/gin.(*Context).Next
	/home/dilshod/go/pkg/mod/github.com/gin-gonic/gin@v1.10.0/context.go:185
sugurta/api.NewRouter.Recovery.func3
	/home/dilshod/Documents/ndc_ai/sugurta_go_api_geteway/api/middleware/recovery.go:40
github.com/gin-gonic/gin.(*Context).Next
	/home/dilshod/go/pkg/mod/github.com/gin-gonic/gin@v1.10.0/context.go:185
sugurta/api.NewRouter.Logger.func2
	/home/dilshod/Documents/ndc_ai/sugurta_go_api_geteway/api/middleware/logger.go:25
github.com/gin-gonic/gin.(*Context).Next
	/home/dilshod/go/pkg/mod/github.com/gin-gonic/gin@v1.10.0/context.go:185
github.com/gin-gonic/gin.CustomRecoveryWithWriter.func1
	/home/dilshod/go/pkg/mod/github.com/gin-gonic/gin@v1.10.0/recovery.go:102
github.com/gin-gonic/gin.(*Context).Next
	/home/dilshod/go/pkg/mod/github.com/gin-gonic/gin@v1.10.0/context.go:185
github.com/gin-gonic/gin.LoggerWithConfig.func1
	/home/dilshod/go/pkg/mod/github.com/gin-gonic/gin@v1.10.0/logger.go:249
github.com/gin-gonic/gin.(*Context).Next
	/home/dilshod/go/pkg/mod/github.com/gin-gonic/gin@v1.10.0/context.go:185
github.com/gin-gonic/gin.(*Engine).handleHTTPRequest
	/home/dilshod/go/pkg/mod/github.com/gin-gonic/gin@v1.10.0/gin.go:633
github.com/gin-gonic/gin.(*Engine).ServeHTTP
	/home/dilshod/go/pkg/mod/github.com/gin-gonic/gin@v1.10.0/gin.go:589
net/http.serverHandler.ServeHTTP
	/home/dilshod/go/pkg/mod/golang.org/toolchain@v0.0.1-go1.23.5.linux-amd64/src/net/http/server.go:3210
net/http.(*conn).serve
	/home/dilshod/go/pkg/mod/golang.org/toolchain@v0.0.1-go1.23.5.linux-amd64/src/net/http/server.go:2092
2025-04-08T14:49:25.727+0500	INFO	middleware/logger.go:26	127.0.0.1 - GET /v1/orders/?limit=10&offset=0 
2025-04-08T14:52:20.072+0500	ERROR	middleware/recovery.go:31	127.0.0.1 - GET /v1/orders/?limit=10&offset=0&filter=11 PANIC DETECTED: runtime error: invalid memory address or nil pointer dereference
goroutine 29 [running]:
runtime/debug.Stack()
	/home/dilshod/go/pkg/mod/golang.org/toolchain@v0.0.1-go1.23.5.linux-amd64/src/runtime/debug/stack.go:26 +0x5e
sugurta/api/middleware.buildPanicMessage(0xc000bce000, {0x124f4e0, 0x27a3190})
	/home/dilshod/Documents/ndc_ai/sugurta_go_api_geteway/api/middleware/recovery.go:21 +0x4b4
sugurta/api.NewRouter.Recovery.func3.1()
	/home/dilshod/Documents/ndc_ai/sugurta_go_api_geteway/api/middleware/recovery.go:31 +0x47
panic({0x124f4e0?, 0x27a3190?})
	/home/dilshod/go/pkg/mod/golang.org/toolchain@v0.0.1-go1.23.5.linux-amd64/src/runtime/panic.go:785 +0x132
github.com/Masterminds/squirrel.(*selectData).ToSql(0xc000273090)
	/home/dilshod/go/pkg/mod/github.com/!masterminds/squirrel@v1.5.4/select.go:60 +0x3e
github.com/Masterminds/squirrel.SelectBuilder.ToSql({{0x15f20d8, 0xc000288460}})
	/home/dilshod/go/pkg/mod/github.com/!masterminds/squirrel@v1.5.4/select.go:218 +0xfd
sugurta/internal/infrastructure/repository/postgresql.(*OrderRepo).List(0xc000013770, {0x15ea090, 0xc000288000}, 0xa, 0x0, 0xc0000b0240)
	/home/dilshod/Documents/ndc_ai/sugurta_go_api_geteway/internal/infrastructure/repository/postgresql/order.go:124 +0x2c5
sugurta/internal/usecase/order.(*orderService).List(0xc000013788, {0x15ea4a8?, 0xc000bce000?}, 0xa, 0x0, 0xc0000b0240)
	/home/dilshod/Documents/ndc_ai/sugurta_go_api_geteway/internal/usecase/order/order.go:65 +0xa6
sugurta/api/handlers/v1.(*OrderRoutes).listOrders(0xc000b926c0, 0xc000bce000)
	/home/dilshod/Documents/ndc_ai/sugurta_go_api_geteway/api/handlers/v1/order.go:138 +0x2b1
github.com/gin-gonic/gin.(*Context).Next(0xc000bce000)
	/home/dilshod/go/pkg/mod/github.com/gin-gonic/gin@v1.10.0/context.go:185 +0x2b
sugurta/api.NewRouter.Recovery.func3(0xc000276158?)
	/home/dilshod/Documents/ndc_ai/sugurta_go_api_geteway/api/middleware/recovery.go:40 +0x48
github.com/gin-gonic/gin.(*Context).Next(0xc000bce000)
	/home/dilshod/go/pkg/mod/github.com/gin-gonic/gin@v1.10.0/context.go:185 +0x2b
sugurta/api.NewRouter.Logger.func2(0xc000bce000)
	/home/dilshod/Documents/ndc_ai/sugurta_go_api_geteway/api/middleware/logger.go:25 +0x25
github.com/gin-gonic/gin.(*Context).Next(...)
	/home/dilshod/go/pkg/mod/github.com/gin-gonic/gin@v1.10.0/context.go:185
github.com/gin-gonic/gin.CustomRecoveryWithWriter.func1(0xc000bce000)
	/home/dilshod/go/pkg/mod/github.com/gin-gonic/gin@v1.10.0/recovery.go:102 +0x6f
github.com/gin-gonic/gin.(*Context).Next(...)
	/home/dilshod/go/pkg/mod/github.com/gin-gonic/gin@v1.10.0/context.go:185
github.com/gin-gonic/gin.LoggerWithConfig.func1(0xc000bce000)
	/home/dilshod/go/pkg/mod/github.com/gin-gonic/gin@v1.10.0/logger.go:249 +0xe5
github.com/gin-gonic/gin.(*Context).Next(...)
	/home/dilshod/go/pkg/mod/github.com/gin-gonic/gin@v1.10.0/context.go:185
github.com/gin-gonic/gin.(*Engine).handleHTTPRequest(0xc0001e21a0, 0xc000bce000)
	/home/dilshod/go/pkg/mod/github.com/gin-gonic/gin@v1.10.0/gin.go:633 +0x892
github.com/gin-gonic/gin.(*Engine).ServeHTTP(0xc0001e21a0, {0x15e5c28, 0xc000bb21c0}, 0xc00019a280)
	/home/dilshod/go/pkg/mod/github.com/gin-gonic/gin@v1.10.0/gin.go:589 +0x1b2
net/http.serverHandler.ServeHTTP({0xc000176090?}, {0x15e5c28?, 0xc000bb21c0?}, 0x6?)
	/home/dilshod/go/pkg/mod/golang.org/toolchain@v0.0.1-go1.23.5.linux-amd64/src/net/http/server.go:3210 +0x8e
net/http.(*conn).serve(0xc0001fc360, {0x15e9fe8, 0xc000bad500})
	/home/dilshod/go/pkg/mod/golang.org/toolchain@v0.0.1-go1.23.5.linux-amd64/src/net/http/server.go:2092 +0x5d0
created by net/http.(*Server).Serve in goroutine 59
	/home/dilshod/go/pkg/mod/golang.org/toolchain@v0.0.1-go1.23.5.linux-amd64/src/net/http/server.go:3360 +0x485


sugurta/api.NewRouter.Recovery.func3.1
	/home/dilshod/Documents/ndc_ai/sugurta_go_api_geteway/api/middleware/recovery.go:31
runtime.gopanic
	/home/dilshod/go/pkg/mod/golang.org/toolchain@v0.0.1-go1.23.5.linux-amd64/src/runtime/panic.go:785
runtime.panicmem
	/home/dilshod/go/pkg/mod/golang.org/toolchain@v0.0.1-go1.23.5.linux-amd64/src/runtime/panic.go:262
runtime.sigpanic
	/home/dilshod/go/pkg/mod/golang.org/toolchain@v0.0.1-go1.23.5.linux-amd64/src/runtime/signal_unix.go:917
github.com/Masterminds/squirrel.(*selectData).ToSql
	/home/dilshod/go/pkg/mod/github.com/!masterminds/squirrel@v1.5.4/select.go:60
github.com/Masterminds/squirrel.SelectBuilder.ToSql
	/home/dilshod/go/pkg/mod/github.com/!masterminds/squirrel@v1.5.4/select.go:218
sugurta/internal/infrastructure/repository/postgresql.(*OrderRepo).List
	/home/dilshod/Documents/ndc_ai/sugurta_go_api_geteway/internal/infrastructure/repository/postgresql/order.go:124
sugurta/internal/usecase/order.(*orderService).List
	/home/dilshod/Documents/ndc_ai/sugurta_go_api_geteway/internal/usecase/order/order.go:65
sugurta/api/handlers/v1.(*OrderRoutes).listOrders
	/home/dilshod/Documents/ndc_ai/sugurta_go_api_geteway/api/handlers/v1/order.go:138
github.com/gin-gonic/gin.(*Context).Next
	/home/dilshod/go/pkg/mod/github.com/gin-gonic/gin@v1.10.0/context.go:185
sugurta/api.NewRouter.Recovery.func3
	/home/dilshod/Documents/ndc_ai/sugurta_go_api_geteway/api/middleware/recovery.go:40
github.com/gin-gonic/gin.(*Context).Next
	/home/dilshod/go/pkg/mod/github.com/gin-gonic/gin@v1.10.0/context.go:185
sugurta/api.NewRouter.Logger.func2
	/home/dilshod/Documents/ndc_ai/sugurta_go_api_geteway/api/middleware/logger.go:25
github.com/gin-gonic/gin.(*Context).Next
	/home/dilshod/go/pkg/mod/github.com/gin-gonic/gin@v1.10.0/context.go:185
github.com/gin-gonic/gin.CustomRecoveryWithWriter.func1
	/home/dilshod/go/pkg/mod/github.com/gin-gonic/gin@v1.10.0/recovery.go:102
github.com/gin-gonic/gin.(*Context).Next
	/home/dilshod/go/pkg/mod/github.com/gin-gonic/gin@v1.10.0/context.go:185
github.com/gin-gonic/gin.LoggerWithConfig.func1
	/home/dilshod/go/pkg/mod/github.com/gin-gonic/gin@v1.10.0/logger.go:249
github.com/gin-gonic/gin.(*Context).Next
	/home/dilshod/go/pkg/mod/github.com/gin-gonic/gin@v1.10.0/context.go:185
github.com/gin-gonic/gin.(*Engine).handleHTTPRequest
	/home/dilshod/go/pkg/mod/github.com/gin-gonic/gin@v1.10.0/gin.go:633
github.com/gin-gonic/gin.(*Engine).ServeHTTP
	/home/dilshod/go/pkg/mod/github.com/gin-gonic/gin@v1.10.0/gin.go:589
net/http.serverHandler.ServeHTTP
	/home/dilshod/go/pkg/mod/golang.org/toolchain@v0.0.1-go1.23.5.linux-amd64/src/net/http/server.go:3210
net/http.(*conn).serve
	/home/dilshod/go/pkg/mod/golang.org/toolchain@v0.0.1-go1.23.5.linux-amd64/src/net/http/server.go:2092
2025-04-08T14:52:20.072+0500	INFO	middleware/logger.go:26	127.0.0.1 - GET /v1/orders/?limit=10&offset=0&filter=11 
2025-04-08T14:53:38.638+0500	ERROR	middleware/recovery.go:31	127.0.0.1 - GET /v1/orders/1 PANIC DETECTED: runtime error: invalid memory address or nil pointer dereference
goroutine 29 [running]:
runtime/debug.Stack()
	/home/dilshod/go/pkg/mod/golang.org/toolchain@v0.0.1-go1.23.5.linux-amd64/src/runtime/debug/stack.go:26 +0x5e
sugurta/api/middleware.buildPanicMessage(0xc00023a400, {0x124f4e0, 0x27a3190})
	/home/dilshod/Documents/ndc_ai/sugurta_go_api_geteway/api/middleware/recovery.go:21 +0x4b4
sugurta/api.NewRouter.Recovery.func3.1()
	/home/dilshod/Documents/ndc_ai/sugurta_go_api_geteway/api/middleware/recovery.go:31 +0x47
panic({0x124f4e0?, 0x27a3190?})
	/home/dilshod/go/pkg/mod/golang.org/toolchain@v0.0.1-go1.23.5.linux-amd64/src/runtime/panic.go:785 +0x132
github.com/Masterminds/squirrel.(*selectData).ToSql(0xc000273238)
	/home/dilshod/go/pkg/mod/github.com/!masterminds/squirrel@v1.5.4/select.go:60 +0x3e
github.com/Masterminds/squirrel.SelectBuilder.ToSql({{0x15f20d8, 0xc000260e70}})
	/home/dilshod/go/pkg/mod/github.com/!masterminds/squirrel@v1.5.4/select.go:218 +0xfd
sugurta/internal/infrastructure/repository/postgresql.(*OrderRepo).Get(0xc000013770, {0x15ea090, 0xc0002609a0}, 0xc0001762a0)
	/home/dilshod/Documents/ndc_ai/sugurta_go_api_geteway/internal/infrastructure/repository/postgresql/order.go:85 +0x1e5
sugurta/internal/usecase/order.(*orderService).Get(0xc000013788, {0x15ea4a8?, 0xc00023a400?}, 0xc0001762a0)
	/home/dilshod/Documents/ndc_ai/sugurta_go_api_geteway/internal/usecase/order/order.go:48 +0x7d
sugurta/api/handlers/v1.(*OrderRoutes).getOrder(0xc000b926c0, 0xc00023a400)
	/home/dilshod/Documents/ndc_ai/sugurta_go_api_geteway/api/handlers/v1/order.go:88 +0x144
github.com/gin-gonic/gin.(*Context).Next(0xc00023a400)
	/home/dilshod/go/pkg/mod/github.com/gin-gonic/gin@v1.10.0/context.go:185 +0x2b
sugurta/api.NewRouter.Recovery.func3(0xc00023a700?)
	/home/dilshod/Documents/ndc_ai/sugurta_go_api_geteway/api/middleware/recovery.go:40 +0x48
github.com/gin-gonic/gin.(*Context).Next(0xc00023a400)
	/home/dilshod/go/pkg/mod/github.com/gin-gonic/gin@v1.10.0/context.go:185 +0x2b
sugurta/api.NewRouter.Logger.func2(0xc00023a400)
	/home/dilshod/Documents/ndc_ai/sugurta_go_api_geteway/api/middleware/logger.go:25 +0x25
github.com/gin-gonic/gin.(*Context).Next(...)
	/home/dilshod/go/pkg/mod/github.com/gin-gonic/gin@v1.10.0/context.go:185
github.com/gin-gonic/gin.CustomRecoveryWithWriter.func1(0xc00023a400)
	/home/dilshod/go/pkg/mod/github.com/gin-gonic/gin@v1.10.0/recovery.go:102 +0x6f
github.com/gin-gonic/gin.(*Context).Next(...)
	/home/dilshod/go/pkg/mod/github.com/gin-gonic/gin@v1.10.0/context.go:185
github.com/gin-gonic/gin.LoggerWithConfig.func1(0xc00023a400)
	/home/dilshod/go/pkg/mod/github.com/gin-gonic/gin@v1.10.0/logger.go:249 +0xe5
github.com/gin-gonic/gin.(*Context).Next(...)
	/home/dilshod/go/pkg/mod/github.com/gin-gonic/gin@v1.10.0/context.go:185
github.com/gin-gonic/gin.(*Engine).handleHTTPRequest(0xc0001e21a0, 0xc00023a400)
	/home/dilshod/go/pkg/mod/github.com/gin-gonic/gin@v1.10.0/gin.go:633 +0x892
github.com/gin-gonic/gin.(*Engine).ServeHTTP(0xc0001e21a0, {0x15e5c28, 0xc00021c540}, 0xc0002d6140)
	/home/dilshod/go/pkg/mod/github.com/gin-gonic/gin@v1.10.0/gin.go:589 +0x1b2
net/http.serverHandler.ServeHTTP({0xc000176090?}, {0x15e5c28?, 0xc00021c540?}, 0x6?)
	/home/dilshod/go/pkg/mod/golang.org/toolchain@v0.0.1-go1.23.5.linux-amd64/src/net/http/server.go:3210 +0x8e
net/http.(*conn).serve(0xc0001fc360, {0x15e9fe8, 0xc000bad500})
	/home/dilshod/go/pkg/mod/golang.org/toolchain@v0.0.1-go1.23.5.linux-amd64/src/net/http/server.go:2092 +0x5d0
created by net/http.(*Server).Serve in goroutine 59
	/home/dilshod/go/pkg/mod/golang.org/toolchain@v0.0.1-go1.23.5.linux-amd64/src/net/http/server.go:3360 +0x485


sugurta/api.NewRouter.Recovery.func3.1
	/home/dilshod/Documents/ndc_ai/sugurta_go_api_geteway/api/middleware/recovery.go:31
runtime.gopanic
	/home/dilshod/go/pkg/mod/golang.org/toolchain@v0.0.1-go1.23.5.linux-amd64/src/runtime/panic.go:785
runtime.panicmem
	/home/dilshod/go/pkg/mod/golang.org/toolchain@v0.0.1-go1.23.5.linux-amd64/src/runtime/panic.go:262
runtime.sigpanic
	/home/dilshod/go/pkg/mod/golang.org/toolchain@v0.0.1-go1.23.5.linux-amd64/src/runtime/signal_unix.go:917
github.com/Masterminds/squirrel.(*selectData).ToSql
	/home/dilshod/go/pkg/mod/github.com/!masterminds/squirrel@v1.5.4/select.go:60
github.com/Masterminds/squirrel.SelectBuilder.ToSql
	/home/dilshod/go/pkg/mod/github.com/!masterminds/squirrel@v1.5.4/select.go:218
sugurta/internal/infrastructure/repository/postgresql.(*OrderRepo).Get
	/home/dilshod/Documents/ndc_ai/sugurta_go_api_geteway/internal/infrastructure/repository/postgresql/order.go:85
sugurta/internal/usecase/order.(*orderService).Get
	/home/dilshod/Documents/ndc_ai/sugurta_go_api_geteway/internal/usecase/order/order.go:48
sugurta/api/handlers/v1.(*OrderRoutes).getOrder
	/home/dilshod/Documents/ndc_ai/sugurta_go_api_geteway/api/handlers/v1/order.go:88
github.com/gin-gonic/gin.(*Context).Next
	/home/dilshod/go/pkg/mod/github.com/gin-gonic/gin@v1.10.0/context.go:185
sugurta/api.NewRouter.Recovery.func3
	/home/dilshod/Documents/ndc_ai/sugurta_go_api_geteway/api/middleware/recovery.go:40
github.com/gin-gonic/gin.(*Context).Next
	/home/dilshod/go/pkg/mod/github.com/gin-gonic/gin@v1.10.0/context.go:185
sugurta/api.NewRouter.Logger.func2
	/home/dilshod/Documents/ndc_ai/sugurta_go_api_geteway/api/middleware/logger.go:25
github.com/gin-gonic/gin.(*Context).Next
	/home/dilshod/go/pkg/mod/github.com/gin-gonic/gin@v1.10.0/context.go:185
github.com/gin-gonic/gin.CustomRecoveryWithWriter.func1
	/home/dilshod/go/pkg/mod/github.com/gin-gonic/gin@v1.10.0/recovery.go:102
github.com/gin-gonic/gin.(*Context).Next
	/home/dilshod/go/pkg/mod/github.com/gin-gonic/gin@v1.10.0/context.go:185
github.com/gin-gonic/gin.LoggerWithConfig.func1
	/home/dilshod/go/pkg/mod/github.com/gin-gonic/gin@v1.10.0/logger.go:249
github.com/gin-gonic/gin.(*Context).Next
	/home/dilshod/go/pkg/mod/github.com/gin-gonic/gin@v1.10.0/context.go:185
github.com/gin-gonic/gin.(*Engine).handleHTTPRequest
	/home/dilshod/go/pkg/mod/github.com/gin-gonic/gin@v1.10.0/gin.go:633
github.com/gin-gonic/gin.(*Engine).ServeHTTP
	/home/dilshod/go/pkg/mod/github.com/gin-gonic/gin@v1.10.0/gin.go:589
net/http.serverHandler.ServeHTTP
	/home/dilshod/go/pkg/mod/golang.org/toolchain@v0.0.1-go1.23.5.linux-amd64/src/net/http/server.go:3210
net/http.(*conn).serve
	/home/dilshod/go/pkg/mod/golang.org/toolchain@v0.0.1-go1.23.5.linux-amd64/src/net/http/server.go:2092
2025-04-08T14:53:38.638+0500	INFO	middleware/logger.go:26	127.0.0.1 - GET /v1/orders/1 
2025-04-08T15:09:09.583+0500	INFO	app/main.go:40	api gateway service stops
2025-04-08T15:09:09.583+0500	ERROR	app/main.go:31	app run	{"error": "http: Server closed"}
main.main.func1
	/home/dilshod/Documents/ndc_ai/sugurta_go_api_geteway/cmd/app/main.go:31
2025-04-08T15:09:10.966+0500	INFO	app/main.go:29	Listen: 	{"address": "localhost:8080"}
2025-04-08T15:09:17.603+0500	ERROR	middleware/recovery.go:31	127.0.0.1 - GET /v1/orders/?limit=10&offset=0&filter=11 PANIC DETECTED: runtime error: invalid memory address or nil pointer dereference
goroutine 63 [running]:
runtime/debug.Stack()
	/home/dilshod/go/pkg/mod/golang.org/toolchain@v0.0.1-go1.23.5.linux-amd64/src/runtime/debug/stack.go:26 +0x5e
sugurta/api/middleware.buildPanicMessage(0xc0001ca600, {0x124f4e0, 0x27a3190})
	/home/dilshod/Documents/ndc_ai/sugurta_go_api_geteway/api/middleware/recovery.go:21 +0x4b4
sugurta/api.NewRouter.Recovery.func3.1()
	/home/dilshod/Documents/ndc_ai/sugurta_go_api_geteway/api/middleware/recovery.go:31 +0x47
panic({0x124f4e0?, 0x27a3190?})
	/home/dilshod/go/pkg/mod/golang.org/toolchain@v0.0.1-go1.23.5.linux-amd64/src/runtime/panic.go:785 +0x132
github.com/Masterminds/squirrel.(*selectData).ToSql(0xc000541070)
	/home/dilshod/go/pkg/mod/github.com/!masterminds/squirrel@v1.5.4/select.go:60 +0x3e
github.com/Masterminds/squirrel.SelectBuilder.ToSql({{0x15f20f8, 0xc0001fd1f0}})
	/home/dilshod/go/pkg/mod/github.com/!masterminds/squirrel@v1.5.4/select.go:218 +0xfd
sugurta/internal/infrastructure/repository/postgresql.(*OrderRepo).List(0xc0000137d0, {0x15ea0b0, 0xc0001fcd20}, 0xa, 0x0, 0xc000bb4120)
	/home/dilshod/Documents/ndc_ai/sugurta_go_api_geteway/internal/infrastructure/repository/postgresql/order.go:124 +0x2c5
sugurta/internal/usecase/order.(*orderService).List(0xc0000137e8, {0x15ea4c8?, 0xc0001ca600?}, 0xa, 0x0, 0xc000bb4120)
	/home/dilshod/Documents/ndc_ai/sugurta_go_api_geteway/internal/usecase/order/order.go:66 +0xf5
sugurta/api/handlers/v1.(*OrderRoutes).listOrders(0xc000237b00, 0xc0001ca600)
	/home/dilshod/Documents/ndc_ai/sugurta_go_api_geteway/api/handlers/v1/order.go:138 +0x2b1
github.com/gin-gonic/gin.(*Context).Next(0xc0001ca600)
	/home/dilshod/go/pkg/mod/github.com/gin-gonic/gin@v1.10.0/context.go:185 +0x2b
sugurta/api.NewRouter.Recovery.func3(0xc0001ca300?)
	/home/dilshod/Documents/ndc_ai/sugurta_go_api_geteway/api/middleware/recovery.go:40 +0x48
github.com/gin-gonic/gin.(*Context).Next(0xc0001ca600)
	/home/dilshod/go/pkg/mod/github.com/gin-gonic/gin@v1.10.0/context.go:185 +0x2b
sugurta/api.NewRouter.Logger.func2(0xc0001ca600)
	/home/dilshod/Documents/ndc_ai/sugurta_go_api_geteway/api/middleware/logger.go:25 +0x25
github.com/gin-gonic/gin.(*Context).Next(...)
	/home/dilshod/go/pkg/mod/github.com/gin-gonic/gin@v1.10.0/context.go:185
github.com/gin-gonic/gin.CustomRecoveryWithWriter.func1(0xc0001ca600)
	/home/dilshod/go/pkg/mod/github.com/gin-gonic/gin@v1.10.0/recovery.go:102 +0x6f
github.com/gin-gonic/gin.(*Context).Next(...)
	/home/dilshod/go/pkg/mod/github.com/gin-gonic/gin@v1.10.0/context.go:185
github.com/gin-gonic/gin.LoggerWithConfig.func1(0xc0001ca600)
	/home/dilshod/go/pkg/mod/github.com/gin-gonic/gin@v1.10.0/logger.go:249 +0xe5
github.com/gin-gonic/gin.(*Context).Next(...)
	/home/dilshod/go/pkg/mod/github.com/gin-gonic/gin@v1.10.0/context.go:185
github.com/gin-gonic/gin.(*Engine).handleHTTPRequest(0xc0006824e0, 0xc0001ca600)
	/home/dilshod/go/pkg/mod/github.com/gin-gonic/gin@v1.10.0/gin.go:633 +0x892
github.com/gin-gonic/gin.(*Engine).ServeHTTP(0xc0006824e0, {0x15e5c48, 0xc0001ae460}, 0xc00025ac80)
	/home/dilshod/go/pkg/mod/github.com/gin-gonic/gin@v1.10.0/gin.go:589 +0x1b2
net/http.serverHandler.ServeHTTP({0xc000bb4000?}, {0x15e5c48?, 0xc0001ae460?}, 0x6?)
	/home/dilshod/go/pkg/mod/golang.org/toolchain@v0.0.1-go1.23.5.linux-amd64/src/net/http/server.go:3210 +0x8e
net/http.(*conn).serve(0xc0001ad320, {0x15ea008, 0xc00027be90})
	/home/dilshod/go/pkg/mod/golang.org/toolchain@v0.0.1-go1.23.5.linux-amd64/src/net/http/server.go:2092 +0x5d0
created by net/http.(*Server).Serve in goroutine 58
	/home/dilshod/go/pkg/mod/golang.org/toolchain@v0.0.1-go1.23.5.linux-amd64/src/net/http/server.go:3360 +0x485


sugurta/api.NewRouter.Recovery.func3.1
	/home/dilshod/Documents/ndc_ai/sugurta_go_api_geteway/api/middleware/recovery.go:31
runtime.gopanic
	/home/dilshod/go/pkg/mod/golang.org/toolchain@v0.0.1-go1.23.5.linux-amd64/src/runtime/panic.go:785
runtime.panicmem
	/home/dilshod/go/pkg/mod/golang.org/toolchain@v0.0.1-go1.23.5.linux-amd64/src/runtime/panic.go:262
runtime.sigpanic
	/home/dilshod/go/pkg/mod/golang.org/toolchain@v0.0.1-go1.23.5.linux-amd64/src/runtime/signal_unix.go:917
github.com/Masterminds/squirrel.(*selectData).ToSql
	/home/dilshod/go/pkg/mod/github.com/!masterminds/squirrel@v1.5.4/select.go:60
github.com/Masterminds/squirrel.SelectBuilder.ToSql
	/home/dilshod/go/pkg/mod/github.com/!masterminds/squirrel@v1.5.4/select.go:218
sugurta/internal/infrastructure/repository/postgresql.(*OrderRepo).List
	/home/dilshod/Documents/ndc_ai/sugurta_go_api_geteway/internal/infrastructure/repository/postgresql/order.go:124
sugurta/internal/usecase/order.(*orderService).List
	/home/dilshod/Documents/ndc_ai/sugurta_go_api_geteway/internal/usecase/order/order.go:66
sugurta/api/handlers/v1.(*OrderRoutes).listOrders
	/home/dilshod/Documents/ndc_ai/sugurta_go_api_geteway/api/handlers/v1/order.go:138
github.com/gin-gonic/gin.(*Context).Next
	/home/dilshod/go/pkg/mod/github.com/gin-gonic/gin@v1.10.0/context.go:185
sugurta/api.NewRouter.Recovery.func3
	/home/dilshod/Documents/ndc_ai/sugurta_go_api_geteway/api/middleware/recovery.go:40
github.com/gin-gonic/gin.(*Context).Next
	/home/dilshod/go/pkg/mod/github.com/gin-gonic/gin@v1.10.0/context.go:185
sugurta/api.NewRouter.Logger.func2
	/home/dilshod/Documents/ndc_ai/sugurta_go_api_geteway/api/middleware/logger.go:25
github.com/gin-gonic/gin.(*Context).Next
	/home/dilshod/go/pkg/mod/github.com/gin-gonic/gin@v1.10.0/context.go:185
github.com/gin-gonic/gin.CustomRecoveryWithWriter.func1
	/home/dilshod/go/pkg/mod/github.com/gin-gonic/gin@v1.10.0/recovery.go:102
github.com/gin-gonic/gin.(*Context).Next
	/home/dilshod/go/pkg/mod/github.com/gin-gonic/gin@v1.10.0/context.go:185
github.com/gin-gonic/gin.LoggerWithConfig.func1
	/home/dilshod/go/pkg/mod/github.com/gin-gonic/gin@v1.10.0/logger.go:249
github.com/gin-gonic/gin.(*Context).Next
	/home/dilshod/go/pkg/mod/github.com/gin-gonic/gin@v1.10.0/context.go:185
github.com/gin-gonic/gin.(*Engine).handleHTTPRequest
	/home/dilshod/go/pkg/mod/github.com/gin-gonic/gin@v1.10.0/gin.go:633
github.com/gin-gonic/gin.(*Engine).ServeHTTP
	/home/dilshod/go/pkg/mod/github.com/gin-gonic/gin@v1.10.0/gin.go:589
net/http.serverHandler.ServeHTTP
	/home/dilshod/go/pkg/mod/golang.org/toolchain@v0.0.1-go1.23.5.linux-amd64/src/net/http/server.go:3210
net/http.(*conn).serve
	/home/dilshod/go/pkg/mod/golang.org/toolchain@v0.0.1-go1.23.5.linux-amd64/src/net/http/server.go:2092
2025-04-08T15:09:17.603+0500	INFO	middleware/logger.go:26	127.0.0.1 - GET /v1/orders/?limit=10&offset=0&filter=11 
2025-04-08T15:09:39.223+0500	INFO	app/main.go:40	api gateway service stops
2025-04-08T15:09:39.223+0500	ERROR	app/main.go:31	app run	{"error": "http: Server closed"}
main.main.func1
	/home/dilshod/Documents/ndc_ai/sugurta_go_api_geteway/cmd/app/main.go:31
2025-04-08T15:09:40.569+0500	INFO	app/main.go:29	Listen: 	{"address": "localhost:8080"}
2025-04-08T15:09:42.146+0500	ERROR	middleware/recovery.go:31	127.0.0.1 - GET /v1/orders/?limit=10&offset=0&filter=11 PANIC DETECTED: runtime error: invalid memory address or nil pointer dereference
goroutine 38 [running]:
runtime/debug.Stack()
	/home/dilshod/go/pkg/mod/golang.org/toolchain@v0.0.1-go1.23.5.linux-amd64/src/runtime/debug/stack.go:26 +0x5e
sugurta/api/middleware.buildPanicMessage(0xc000148900, {0x124f4e0, 0x27a3190})
	/home/dilshod/Documents/ndc_ai/sugurta_go_api_geteway/api/middleware/recovery.go:21 +0x4b4
sugurta/api.NewRouter.Recovery.func3.1()
	/home/dilshod/Documents/ndc_ai/sugurta_go_api_geteway/api/middleware/recovery.go:31 +0x47
panic({0x124f4e0?, 0x27a3190?})
	/home/dilshod/go/pkg/mod/golang.org/toolchain@v0.0.1-go1.23.5.linux-amd64/src/runtime/panic.go:785 +0x132
github.com/Masterminds/squirrel.(*selectData).ToSql(0xc0001eb048)
	/home/dilshod/go/pkg/mod/github.com/!masterminds/squirrel@v1.5.4/select.go:60 +0x3e
github.com/Masterminds/squirrel.SelectBuilder.ToSql({{0x15f2138, 0xc000196150}})
	/home/dilshod/go/pkg/mod/github.com/!masterminds/squirrel@v1.5.4/select.go:218 +0xfd
sugurta/internal/infrastructure/repository/postgresql.(*OrderRepo).List(0xc000b98228, {0x15ea0f0, 0xc00018bb90}, 0xa, 0x0, 0xc0005f8c90)
	/home/dilshod/Documents/ndc_ai/sugurta_go_api_geteway/internal/infrastructure/repository/postgresql/order.go:124 +0x2c5
sugurta/internal/usecase/order.(*orderService).List(0xc000b98240, {0x15ea508?, 0xc000148900?}, 0xa, 0x0, 0xc0005f8c90)
	/home/dilshod/Documents/ndc_ai/sugurta_go_api_geteway/internal/usecase/order/order.go:66 +0x147
sugurta/api/handlers/v1.(*OrderRoutes).listOrders(0xc0001b99c0, 0xc000148900)
	/home/dilshod/Documents/ndc_ai/sugurta_go_api_geteway/api/handlers/v1/order.go:138 +0x2b1
github.com/gin-gonic/gin.(*Context).Next(0xc000148900)
	/home/dilshod/go/pkg/mod/github.com/gin-gonic/gin@v1.10.0/context.go:185 +0x2b
sugurta/api.NewRouter.Recovery.func3(0xc000219000?)
	/home/dilshod/Documents/ndc_ai/sugurta_go_api_geteway/api/middleware/recovery.go:40 +0x48
github.com/gin-gonic/gin.(*Context).Next(0xc000148900)
	/home/dilshod/go/pkg/mod/github.com/gin-gonic/gin@v1.10.0/context.go:185 +0x2b
sugurta/api.NewRouter.Logger.func2(0xc000148900)
	/home/dilshod/Documents/ndc_ai/sugurta_go_api_geteway/api/middleware/logger.go:25 +0x25
github.com/gin-gonic/gin.(*Context).Next(...)
	/home/dilshod/go/pkg/mod/github.com/gin-gonic/gin@v1.10.0/context.go:185
github.com/gin-gonic/gin.CustomRecoveryWithWriter.func1(0xc000148900)
	/home/dilshod/go/pkg/mod/github.com/gin-gonic/gin@v1.10.0/recovery.go:102 +0x6f
github.com/gin-gonic/gin.(*Context).Next(...)
	/home/dilshod/go/pkg/mod/github.com/gin-gonic/gin@v1.10.0/context.go:185
github.com/gin-gonic/gin.LoggerWithConfig.func1(0xc000148900)
	/home/dilshod/go/pkg/mod/github.com/gin-gonic/gin@v1.10.0/logger.go:249 +0xe5
github.com/gin-gonic/gin.(*Context).Next(...)
	/home/dilshod/go/pkg/mod/github.com/gin-gonic/gin@v1.10.0/context.go:185
github.com/gin-gonic/gin.(*Engine).handleHTTPRequest(0xc00022cb60, 0xc000148900)
	/home/dilshod/go/pkg/mod/github.com/gin-gonic/gin@v1.10.0/gin.go:633 +0x892
github.com/gin-gonic/gin.(*Engine).ServeHTTP(0xc00022cb60, {0x15e5c88, 0xc00012cb60}, 0xc0001dd040)
	/home/dilshod/go/pkg/mod/github.com/gin-gonic/gin@v1.10.0/gin.go:589 +0x1b2
net/http.serverHandler.ServeHTTP({0xc0005f8b70?}, {0x15e5c88?, 0xc00012cb60?}, 0x6?)
	/home/dilshod/go/pkg/mod/golang.org/toolchain@v0.0.1-go1.23.5.linux-amd64/src/net/http/server.go:3210 +0x8e
net/http.(*conn).serve(0xc00012b7a0, {0x15ea048, 0xc0005f8a80})
	/home/dilshod/go/pkg/mod/golang.org/toolchain@v0.0.1-go1.23.5.linux-amd64/src/net/http/server.go:2092 +0x5d0
created by net/http.(*Server).Serve in goroutine 75
	/home/dilshod/go/pkg/mod/golang.org/toolchain@v0.0.1-go1.23.5.linux-amd64/src/net/http/server.go:3360 +0x485


sugurta/api.NewRouter.Recovery.func3.1
	/home/dilshod/Documents/ndc_ai/sugurta_go_api_geteway/api/middleware/recovery.go:31
runtime.gopanic
	/home/dilshod/go/pkg/mod/golang.org/toolchain@v0.0.1-go1.23.5.linux-amd64/src/runtime/panic.go:785
runtime.panicmem
	/home/dilshod/go/pkg/mod/golang.org/toolchain@v0.0.1-go1.23.5.linux-amd64/src/runtime/panic.go:262
runtime.sigpanic
	/home/dilshod/go/pkg/mod/golang.org/toolchain@v0.0.1-go1.23.5.linux-amd64/src/runtime/signal_unix.go:917
github.com/Masterminds/squirrel.(*selectData).ToSql
	/home/dilshod/go/pkg/mod/github.com/!masterminds/squirrel@v1.5.4/select.go:60
github.com/Masterminds/squirrel.SelectBuilder.ToSql
	/home/dilshod/go/pkg/mod/github.com/!masterminds/squirrel@v1.5.4/select.go:218
sugurta/internal/infrastructure/repository/postgresql.(*OrderRepo).List
	/home/dilshod/Documents/ndc_ai/sugurta_go_api_geteway/internal/infrastructure/repository/postgresql/order.go:124
sugurta/internal/usecase/order.(*orderService).List
	/home/dilshod/Documents/ndc_ai/sugurta_go_api_geteway/internal/usecase/order/order.go:66
sugurta/api/handlers/v1.(*OrderRoutes).listOrders
	/home/dilshod/Documents/ndc_ai/sugurta_go_api_geteway/api/handlers/v1/order.go:138
github.com/gin-gonic/gin.(*Context).Next
	/home/dilshod/go/pkg/mod/github.com/gin-gonic/gin@v1.10.0/context.go:185
sugurta/api.NewRouter.Recovery.func3
	/home/dilshod/Documents/ndc_ai/sugurta_go_api_geteway/api/middleware/recovery.go:40
github.com/gin-gonic/gin.(*Context).Next
	/home/dilshod/go/pkg/mod/github.com/gin-gonic/gin@v1.10.0/context.go:185
sugurta/api.NewRouter.Logger.func2
	/home/dilshod/Documents/ndc_ai/sugurta_go_api_geteway/api/middleware/logger.go:25
github.com/gin-gonic/gin.(*Context).Next
	/home/dilshod/go/pkg/mod/github.com/gin-gonic/gin@v1.10.0/context.go:185
github.com/gin-gonic/gin.CustomRecoveryWithWriter.func1
	/home/dilshod/go/pkg/mod/github.com/gin-gonic/gin@v1.10.0/recovery.go:102
github.com/gin-gonic/gin.(*Context).Next
	/home/dilshod/go/pkg/mod/github.com/gin-gonic/gin@v1.10.0/context.go:185
github.com/gin-gonic/gin.LoggerWithConfig.func1
	/home/dilshod/go/pkg/mod/github.com/gin-gonic/gin@v1.10.0/logger.go:249
github.com/gin-gonic/gin.(*Context).Next
	/home/dilshod/go/pkg/mod/github.com/gin-gonic/gin@v1.10.0/context.go:185
github.com/gin-gonic/gin.(*Engine).handleHTTPRequest
	/home/dilshod/go/pkg/mod/github.com/gin-gonic/gin@v1.10.0/gin.go:633
github.com/gin-gonic/gin.(*Engine).ServeHTTP
	/home/dilshod/go/pkg/mod/github.com/gin-gonic/gin@v1.10.0/gin.go:589
net/http.serverHandler.ServeHTTP
	/home/dilshod/go/pkg/mod/golang.org/toolchain@v0.0.1-go1.23.5.linux-amd64/src/net/http/server.go:3210
net/http.(*conn).serve
	/home/dilshod/go/pkg/mod/golang.org/toolchain@v0.0.1-go1.23.5.linux-amd64/src/net/http/server.go:2092
2025-04-08T15:09:42.146+0500	INFO	middleware/logger.go:26	127.0.0.1 - GET /v1/orders/?limit=10&offset=0&filter=11 
2025-04-08T15:10:05.649+0500	INFO	app/main.go:40	api gateway service stops
2025-04-08T15:10:05.649+0500	ERROR	app/main.go:31	app run	{"error": "http: Server closed"}
main.main.func1
	/home/dilshod/Documents/ndc_ai/sugurta_go_api_geteway/cmd/app/main.go:31
2025-04-08T15:10:07.391+0500	INFO	app/main.go:29	Listen: 	{"address": "localhost:8080"}
2025-04-08T15:10:09.489+0500	ERROR	middleware/recovery.go:31	127.0.0.1 - GET /v1/orders/?limit=10&offset=0&filter=11 PANIC DETECTED: runtime error: invalid memory address or nil pointer dereference
goroutine 67 [running]:
runtime/debug.Stack()
	/home/dilshod/go/pkg/mod/golang.org/toolchain@v0.0.1-go1.23.5.linux-amd64/src/runtime/debug/stack.go:26 +0x5e
sugurta/api/middleware.buildPanicMessage(0xc000c44000, {0x124f4e0, 0x27a3190})
	/home/dilshod/Documents/ndc_ai/sugurta_go_api_geteway/api/middleware/recovery.go:21 +0x4b4
sugurta/api.NewRouter.Recovery.func3.1()
	/home/dilshod/Documents/ndc_ai/sugurta_go_api_geteway/api/middleware/recovery.go:31 +0x47
panic({0x124f4e0?, 0x27a3190?})
	/home/dilshod/go/pkg/mod/golang.org/toolchain@v0.0.1-go1.23.5.linux-amd64/src/runtime/panic.go:785 +0x132
github.com/Masterminds/squirrel.(*selectData).ToSql(0xc000c1d038)
	/home/dilshod/go/pkg/mod/github.com/!masterminds/squirrel@v1.5.4/select.go:60 +0x3e
github.com/Masterminds/squirrel.SelectBuilder.ToSql({{0x15f2138, 0xc00020c460}})
	/home/dilshod/go/pkg/mod/github.com/!masterminds/squirrel@v1.5.4/select.go:218 +0xfd
sugurta/internal/infrastructure/repository/postgresql.(*OrderRepo).List(0xc000136288, {0x15ea0f0, 0xc00020c070}, 0xa, 0x0, 0xc000c0c510)
	/home/dilshod/Documents/ndc_ai/sugurta_go_api_geteway/internal/infrastructure/repository/postgresql/order.go:124 +0x2c5
sugurta/internal/usecase/order.(*orderService).List(0xc0001362a0, {0x15ea508?, 0xc000c44000?}, 0xa, 0x0, 0xc000c0c510)
	/home/dilshod/Documents/ndc_ai/sugurta_go_api_geteway/internal/usecase/order/order.go:66 +0x14d
sugurta/api/handlers/v1.(*OrderRoutes).listOrders(0xc000530980, 0xc000c44000)
	/home/dilshod/Documents/ndc_ai/sugurta_go_api_geteway/api/handlers/v1/order.go:138 +0x2b1
github.com/gin-gonic/gin.(*Context).Next(0xc000c44000)
	/home/dilshod/go/pkg/mod/github.com/gin-gonic/gin@v1.10.0/context.go:185 +0x2b
sugurta/api.NewRouter.Recovery.func3(0xc000c0a0c0?)
	/home/dilshod/Documents/ndc_ai/sugurta_go_api_geteway/api/middleware/recovery.go:40 +0x48
github.com/gin-gonic/gin.(*Context).Next(0xc000c44000)
	/home/dilshod/go/pkg/mod/github.com/gin-gonic/gin@v1.10.0/context.go:185 +0x2b
sugurta/api.NewRouter.Logger.func2(0xc000c44000)
	/home/dilshod/Documents/ndc_ai/sugurta_go_api_geteway/api/middleware/logger.go:25 +0x25
github.com/gin-gonic/gin.(*Context).Next(...)
	/home/dilshod/go/pkg/mod/github.com/gin-gonic/gin@v1.10.0/context.go:185
github.com/gin-gonic/gin.CustomRecoveryWithWriter.func1(0xc000c44000)
	/home/dilshod/go/pkg/mod/github.com/gin-gonic/gin@v1.10.0/recovery.go:102 +0x6f
github.com/gin-gonic/gin.(*Context).Next(...)
	/home/dilshod/go/pkg/mod/github.com/gin-gonic/gin@v1.10.0/context.go:185
github.com/gin-gonic/gin.LoggerWithConfig.func1(0xc000c44000)
	/home/dilshod/go/pkg/mod/github.com/gin-gonic/gin@v1.10.0/logger.go:249 +0xe5
github.com/gin-gonic/gin.(*Context).Next(...)
	/home/dilshod/go/pkg/mod/github.com/gin-gonic/gin@v1.10.0/context.go:185
github.com/gin-gonic/gin.(*Engine).handleHTTPRequest(0xc00052e340, 0xc000c44000)
	/home/dilshod/go/pkg/mod/github.com/gin-gonic/gin@v1.10.0/gin.go:633 +0x892
github.com/gin-gonic/gin.(*Engine).ServeHTTP(0xc00052e340, {0x15e5c88, 0xc000c42000}, 0xc000218280)
	/home/dilshod/go/pkg/mod/github.com/gin-gonic/gin@v1.10.0/gin.go:589 +0x1b2
net/http.serverHandler.ServeHTTP({0xc000c0c3f0?}, {0x15e5c88?, 0xc000c42000?}, 0x6?)
	/home/dilshod/go/pkg/mod/golang.org/toolchain@v0.0.1-go1.23.5.linux-amd64/src/net/http/server.go:3210 +0x8e
net/http.(*conn).serve(0xc000c34000, {0x15ea048, 0xc000c0c300})
	/home/dilshod/go/pkg/mod/golang.org/toolchain@v0.0.1-go1.23.5.linux-amd64/src/net/http/server.go:2092 +0x5d0
created by net/http.(*Server).Serve in goroutine 43
	/home/dilshod/go/pkg/mod/golang.org/toolchain@v0.0.1-go1.23.5.linux-amd64/src/net/http/server.go:3360 +0x485


sugurta/api.NewRouter.Recovery.func3.1
	/home/dilshod/Documents/ndc_ai/sugurta_go_api_geteway/api/middleware/recovery.go:31
runtime.gopanic
	/home/dilshod/go/pkg/mod/golang.org/toolchain@v0.0.1-go1.23.5.linux-amd64/src/runtime/panic.go:785
runtime.panicmem
	/home/dilshod/go/pkg/mod/golang.org/toolchain@v0.0.1-go1.23.5.linux-amd64/src/runtime/panic.go:262
runtime.sigpanic
	/home/dilshod/go/pkg/mod/golang.org/toolchain@v0.0.1-go1.23.5.linux-amd64/src/runtime/signal_unix.go:917
github.com/Masterminds/squirrel.(*selectData).ToSql
	/home/dilshod/go/pkg/mod/github.com/!masterminds/squirrel@v1.5.4/select.go:60
github.com/Masterminds/squirrel.SelectBuilder.ToSql
	/home/dilshod/go/pkg/mod/github.com/!masterminds/squirrel@v1.5.4/select.go:218
sugurta/internal/infrastructure/repository/postgresql.(*OrderRepo).List
	/home/dilshod/Documents/ndc_ai/sugurta_go_api_geteway/internal/infrastructure/repository/postgresql/order.go:124
sugurta/internal/usecase/order.(*orderService).List
	/home/dilshod/Documents/ndc_ai/sugurta_go_api_geteway/internal/usecase/order/order.go:66
sugurta/api/handlers/v1.(*OrderRoutes).listOrders
	/home/dilshod/Documents/ndc_ai/sugurta_go_api_geteway/api/handlers/v1/order.go:138
github.com/gin-gonic/gin.(*Context).Next
	/home/dilshod/go/pkg/mod/github.com/gin-gonic/gin@v1.10.0/context.go:185
sugurta/api.NewRouter.Recovery.func3
	/home/dilshod/Documents/ndc_ai/sugurta_go_api_geteway/api/middleware/recovery.go:40
github.com/gin-gonic/gin.(*Context).Next
	/home/dilshod/go/pkg/mod/github.com/gin-gonic/gin@v1.10.0/context.go:185
sugurta/api.NewRouter.Logger.func2
	/home/dilshod/Documents/ndc_ai/sugurta_go_api_geteway/api/middleware/logger.go:25
github.com/gin-gonic/gin.(*Context).Next
	/home/dilshod/go/pkg/mod/github.com/gin-gonic/gin@v1.10.0/context.go:185
github.com/gin-gonic/gin.CustomRecoveryWithWriter.func1
	/home/dilshod/go/pkg/mod/github.com/gin-gonic/gin@v1.10.0/recovery.go:102
github.com/gin-gonic/gin.(*Context).Next
	/home/dilshod/go/pkg/mod/github.com/gin-gonic/gin@v1.10.0/context.go:185
github.com/gin-gonic/gin.LoggerWithConfig.func1
	/home/dilshod/go/pkg/mod/github.com/gin-gonic/gin@v1.10.0/logger.go:249
github.com/gin-gonic/gin.(*Context).Next
	/home/dilshod/go/pkg/mod/github.com/gin-gonic/gin@v1.10.0/context.go:185
github.com/gin-gonic/gin.(*Engine).handleHTTPRequest
	/home/dilshod/go/pkg/mod/github.com/gin-gonic/gin@v1.10.0/gin.go:633
github.com/gin-gonic/gin.(*Engine).ServeHTTP
	/home/dilshod/go/pkg/mod/github.com/gin-gonic/gin@v1.10.0/gin.go:589
net/http.serverHandler.ServeHTTP
	/home/dilshod/go/pkg/mod/golang.org/toolchain@v0.0.1-go1.23.5.linux-amd64/src/net/http/server.go:3210
net/http.(*conn).serve
	/home/dilshod/go/pkg/mod/golang.org/toolchain@v0.0.1-go1.23.5.linux-amd64/src/net/http/server.go:2092
2025-04-08T15:10:09.489+0500	INFO	middleware/logger.go:26	127.0.0.1 - GET /v1/orders/?limit=10&offset=0&filter=11 
2025-04-08T15:10:49.148+0500	INFO	app/main.go:40	api gateway service stops
2025-04-08T15:10:49.148+0500	ERROR	app/main.go:31	app run	{"error": "http: Server closed"}
main.main.func1
	/home/dilshod/Documents/ndc_ai/sugurta_go_api_geteway/cmd/app/main.go:31
2025-04-08T15:10:50.486+0500	INFO	app/main.go:29	Listen: 	{"address": "localhost:8080"}
2025-04-08T15:10:51.950+0500	ERROR	middleware/recovery.go:31	127.0.0.1 - GET /v1/orders/?limit=10&offset=0&filter=11 PANIC DETECTED: runtime error: invalid memory address or nil pointer dereference
goroutine 24 [running]:
runtime/debug.Stack()
	/home/dilshod/go/pkg/mod/golang.org/toolchain@v0.0.1-go1.23.5.linux-amd64/src/runtime/debug/stack.go:26 +0x5e
sugurta/api/middleware.buildPanicMessage(0xc0001ca300, {0x124f4e0, 0x27a3190})
	/home/dilshod/Documents/ndc_ai/sugurta_go_api_geteway/api/middleware/recovery.go:21 +0x4b4
sugurta/api.NewRouter.Recovery.func3.1()
	/home/dilshod/Documents/ndc_ai/sugurta_go_api_geteway/api/middleware/recovery.go:31 +0x47
panic({0x124f4e0?, 0x27a3190?})
	/home/dilshod/go/pkg/mod/golang.org/toolchain@v0.0.1-go1.23.5.linux-amd64/src/runtime/panic.go:785 +0x132
github.com/Masterminds/squirrel.(*selectData).ToSql(0xc000023028)
	/home/dilshod/go/pkg/mod/github.com/!masterminds/squirrel@v1.5.4/select.go:60 +0x3e
github.com/Masterminds/squirrel.SelectBuilder.ToSql({{0x15f2158, 0xc0001fc2a0}})
	/home/dilshod/go/pkg/mod/github.com/!masterminds/squirrel@v1.5.4/select.go:218 +0xfd
sugurta/internal/infrastructure/repository/postgresql.(*OrderRepo).List(0xc000b52870, {0x15ea110, 0xc00025dea0}, 0xa, 0x0, 0xc000158960)
	/home/dilshod/Documents/ndc_ai/sugurta_go_api_geteway/internal/infrastructure/repository/postgresql/order.go:124 +0x325
sugurta/internal/usecase/order.(*orderService).List(0xc000b52888, {0x15ea528?, 0xc0001ca300?}, 0xa, 0x0, 0xc000158960)
	/home/dilshod/Documents/ndc_ai/sugurta_go_api_geteway/internal/usecase/order/order.go:66 +0x14d
sugurta/api/handlers/v1.(*OrderRoutes).listOrders(0xc000117700, 0xc0001ca300)
	/home/dilshod/Documents/ndc_ai/sugurta_go_api_geteway/api/handlers/v1/order.go:138 +0x2b1
github.com/gin-gonic/gin.(*Context).Next(0xc0001ca300)
	/home/dilshod/go/pkg/mod/github.com/gin-gonic/gin@v1.10.0/context.go:185 +0x2b
sugurta/api.NewRouter.Recovery.func3(0xc000254900?)
	/home/dilshod/Documents/ndc_ai/sugurta_go_api_geteway/api/middleware/recovery.go:40 +0x48
github.com/gin-gonic/gin.(*Context).Next(0xc0001ca300)
	/home/dilshod/go/pkg/mod/github.com/gin-gonic/gin@v1.10.0/context.go:185 +0x2b
sugurta/api.NewRouter.Logger.func2(0xc0001ca300)
	/home/dilshod/Documents/ndc_ai/sugurta_go_api_geteway/api/middleware/logger.go:25 +0x25
github.com/gin-gonic/gin.(*Context).Next(...)
	/home/dilshod/go/pkg/mod/github.com/gin-gonic/gin@v1.10.0/context.go:185
github.com/gin-gonic/gin.CustomRecoveryWithWriter.func1(0xc0001ca300)
	/home/dilshod/go/pkg/mod/github.com/gin-gonic/gin@v1.10.0/recovery.go:102 +0x6f
github.com/gin-gonic/gin.(*Context).Next(...)
	/home/dilshod/go/pkg/mod/github.com/gin-gonic/gin@v1.10.0/context.go:185
github.com/gin-gonic/gin.LoggerWithConfig.func1(0xc0001ca300)
	/home/dilshod/go/pkg/mod/github.com/gin-gonic/gin@v1.10.0/logger.go:249 +0xe5
github.com/gin-gonic/gin.(*Context).Next(...)
	/home/dilshod/go/pkg/mod/github.com/gin-gonic/gin@v1.10.0/context.go:185
github.com/gin-gonic/gin.(*Engine).handleHTTPRequest(0xc000b7e340, 0xc0001ca300)
	/home/dilshod/go/pkg/mod/github.com/gin-gonic/gin@v1.10.0/gin.go:633 +0x892
github.com/gin-gonic/gin.(*Engine).ServeHTTP(0xc000b7e340, {0x15e5ca8, 0xc0001ae2a0}, 0xc00025ab40)
	/home/dilshod/go/pkg/mod/github.com/gin-gonic/gin@v1.10.0/gin.go:589 +0x1b2
net/http.serverHandler.ServeHTTP({0xc000158840?}, {0x15e5ca8?, 0xc0001ae2a0?}, 0x6?)
	/home/dilshod/go/pkg/mod/golang.org/toolchain@v0.0.1-go1.23.5.linux-amd64/src/net/http/server.go:3210 +0x8e
net/http.(*conn).serve(0xc0001ad050, {0x15ea068, 0xc000158750})
	/home/dilshod/go/pkg/mod/golang.org/toolchain@v0.0.1-go1.23.5.linux-amd64/src/net/http/server.go:2092 +0x5d0
created by net/http.(*Server).Serve in goroutine 61
	/home/dilshod/go/pkg/mod/golang.org/toolchain@v0.0.1-go1.23.5.linux-amd64/src/net/http/server.go:3360 +0x485


sugurta/api.NewRouter.Recovery.func3.1
	/home/dilshod/Documents/ndc_ai/sugurta_go_api_geteway/api/middleware/recovery.go:31
runtime.gopanic
	/home/dilshod/go/pkg/mod/golang.org/toolchain@v0.0.1-go1.23.5.linux-amd64/src/runtime/panic.go:785
runtime.panicmem
	/home/dilshod/go/pkg/mod/golang.org/toolchain@v0.0.1-go1.23.5.linux-amd64/src/runtime/panic.go:262
runtime.sigpanic
	/home/dilshod/go/pkg/mod/golang.org/toolchain@v0.0.1-go1.23.5.linux-amd64/src/runtime/signal_unix.go:917
github.com/Masterminds/squirrel.(*selectData).ToSql
	/home/dilshod/go/pkg/mod/github.com/!masterminds/squirrel@v1.5.4/select.go:60
github.com/Masterminds/squirrel.SelectBuilder.ToSql
	/home/dilshod/go/pkg/mod/github.com/!masterminds/squirrel@v1.5.4/select.go:218
sugurta/internal/infrastructure/repository/postgresql.(*OrderRepo).List
	/home/dilshod/Documents/ndc_ai/sugurta_go_api_geteway/internal/infrastructure/repository/postgresql/order.go:124
sugurta/internal/usecase/order.(*orderService).List
	/home/dilshod/Documents/ndc_ai/sugurta_go_api_geteway/internal/usecase/order/order.go:66
sugurta/api/handlers/v1.(*OrderRoutes).listOrders
	/home/dilshod/Documents/ndc_ai/sugurta_go_api_geteway/api/handlers/v1/order.go:138
github.com/gin-gonic/gin.(*Context).Next
	/home/dilshod/go/pkg/mod/github.com/gin-gonic/gin@v1.10.0/context.go:185
sugurta/api.NewRouter.Recovery.func3
	/home/dilshod/Documents/ndc_ai/sugurta_go_api_geteway/api/middleware/recovery.go:40
github.com/gin-gonic/gin.(*Context).Next
	/home/dilshod/go/pkg/mod/github.com/gin-gonic/gin@v1.10.0/context.go:185
sugurta/api.NewRouter.Logger.func2
	/home/dilshod/Documents/ndc_ai/sugurta_go_api_geteway/api/middleware/logger.go:25
github.com/gin-gonic/gin.(*Context).Next
	/home/dilshod/go/pkg/mod/github.com/gin-gonic/gin@v1.10.0/context.go:185
github.com/gin-gonic/gin.CustomRecoveryWithWriter.func1
	/home/dilshod/go/pkg/mod/github.com/gin-gonic/gin@v1.10.0/recovery.go:102
github.com/gin-gonic/gin.(*Context).Next
	/home/dilshod/go/pkg/mod/github.com/gin-gonic/gin@v1.10.0/context.go:185
github.com/gin-gonic/gin.LoggerWithConfig.func1
	/home/dilshod/go/pkg/mod/github.com/gin-gonic/gin@v1.10.0/logger.go:249
github.com/gin-gonic/gin.(*Context).Next
	/home/dilshod/go/pkg/mod/github.com/gin-gonic/gin@v1.10.0/context.go:185
github.com/gin-gonic/gin.(*Engine).handleHTTPRequest
	/home/dilshod/go/pkg/mod/github.com/gin-gonic/gin@v1.10.0/gin.go:633
github.com/gin-gonic/gin.(*Engine).ServeHTTP
	/home/dilshod/go/pkg/mod/github.com/gin-gonic/gin@v1.10.0/gin.go:589
net/http.serverHandler.ServeHTTP
	/home/dilshod/go/pkg/mod/golang.org/toolchain@v0.0.1-go1.23.5.linux-amd64/src/net/http/server.go:3210
net/http.(*conn).serve
	/home/dilshod/go/pkg/mod/golang.org/toolchain@v0.0.1-go1.23.5.linux-amd64/src/net/http/server.go:2092
2025-04-08T15:10:51.950+0500	INFO	middleware/logger.go:26	127.0.0.1 - GET /v1/orders/?limit=10&offset=0&filter=11 
2025-04-08T15:11:15.243+0500	INFO	app/main.go:40	api gateway service stops
2025-04-08T15:11:15.243+0500	ERROR	app/main.go:31	app run	{"error": "http: Server closed"}
main.main.func1
	/home/dilshod/Documents/ndc_ai/sugurta_go_api_geteway/cmd/app/main.go:31
2025-04-08T15:11:16.437+0500	INFO	app/main.go:29	Listen: 	{"address": "localhost:8080"}
2025-04-08T15:11:18.891+0500	ERROR	middleware/recovery.go:31	127.0.0.1 - GET /v1/orders/?limit=10&offset=0&filter=11 PANIC DETECTED: runtime error: invalid memory address or nil pointer dereference
goroutine 46 [running]:
runtime/debug.Stack()
	/home/dilshod/go/pkg/mod/golang.org/toolchain@v0.0.1-go1.23.5.linux-amd64/src/runtime/debug/stack.go:26 +0x5e
sugurta/api/middleware.buildPanicMessage(0xc000142600, {0x124f4e0, 0x27a3190})
	/home/dilshod/Documents/ndc_ai/sugurta_go_api_geteway/api/middleware/recovery.go:21 +0x4b4
sugurta/api.NewRouter.Recovery.func3.1()
	/home/dilshod/Documents/ndc_ai/sugurta_go_api_geteway/api/middleware/recovery.go:31 +0x47
panic({0x124f4e0?, 0x27a3190?})
	/home/dilshod/go/pkg/mod/golang.org/toolchain@v0.0.1-go1.23.5.linux-amd64/src/runtime/panic.go:785 +0x132
github.com/Masterminds/squirrel.(*selectData).ToSql(0xc000b9d018)
	/home/dilshod/go/pkg/mod/github.com/!masterminds/squirrel@v1.5.4/select.go:60 +0x3e
github.com/Masterminds/squirrel.SelectBuilder.ToSql({{0x15f2198, 0xc00020a700}})
	/home/dilshod/go/pkg/mod/github.com/!masterminds/squirrel@v1.5.4/select.go:218 +0xfd
sugurta/internal/infrastructure/repository/postgresql.(*OrderRepo).List(0xc000013758, {0x15ea150, 0xc00020a2a0}, 0xa, 0x0, 0xc00057eea0)
	/home/dilshod/Documents/ndc_ai/sugurta_go_api_geteway/internal/infrastructure/repository/postgresql/order.go:124 +0x325
sugurta/internal/usecase/order.(*orderService).List(0xc000013770, {0x15ea568?, 0xc000142600?}, 0xa, 0x0, 0xc00057eea0)
	/home/dilshod/Documents/ndc_ai/sugurta_go_api_geteway/internal/usecase/order/order.go:66 +0x14d
sugurta/api/handlers/v1.(*OrderRoutes).listOrders(0xc000061e40, 0xc000142600)
	/home/dilshod/Documents/ndc_ai/sugurta_go_api_geteway/api/handlers/v1/order.go:138 +0x2b1
github.com/gin-gonic/gin.(*Context).Next(0xc000142600)
	/home/dilshod/go/pkg/mod/github.com/gin-gonic/gin@v1.10.0/context.go:185 +0x2b
sugurta/api.NewRouter.Recovery.func3(0xc0001b6b00?)
	/home/dilshod/Documents/ndc_ai/sugurta_go_api_geteway/api/middleware/recovery.go:40 +0x48
github.com/gin-gonic/gin.(*Context).Next(0xc000142600)
	/home/dilshod/go/pkg/mod/github.com/gin-gonic/gin@v1.10.0/context.go:185 +0x2b
sugurta/api.NewRouter.Logger.func2(0xc000142600)
	/home/dilshod/Documents/ndc_ai/sugurta_go_api_geteway/api/middleware/logger.go:25 +0x25
github.com/gin-gonic/gin.(*Context).Next(...)
	/home/dilshod/go/pkg/mod/github.com/gin-gonic/gin@v1.10.0/context.go:185
github.com/gin-gonic/gin.CustomRecoveryWithWriter.func1(0xc000142600)
	/home/dilshod/go/pkg/mod/github.com/gin-gonic/gin@v1.10.0/recovery.go:102 +0x6f
github.com/gin-gonic/gin.(*Context).Next(...)
	/home/dilshod/go/pkg/mod/github.com/gin-gonic/gin@v1.10.0/context.go:185
github.com/gin-gonic/gin.LoggerWithConfig.func1(0xc000142600)
	/home/dilshod/go/pkg/mod/github.com/gin-gonic/gin@v1.10.0/logger.go:249 +0xe5
github.com/gin-gonic/gin.(*Context).Next(...)
	/home/dilshod/go/pkg/mod/github.com/gin-gonic/gin@v1.10.0/context.go:185
github.com/gin-gonic/gin.(*Engine).handleHTTPRequest(0xc0000fad00, 0xc000142600)
	/home/dilshod/go/pkg/mod/github.com/gin-gonic/gin@v1.10.0/gin.go:633 +0x892
github.com/gin-gonic/gin.(*Engine).ServeHTTP(0xc0000fad00, {0x15e5ce8, 0xc0001508c0}, 0xc0000ca780)
	/home/dilshod/go/pkg/mod/github.com/gin-gonic/gin@v1.10.0/gin.go:589 +0x1b2
net/http.serverHandler.ServeHTTP({0xc00057ed80?}, {0x15e5ce8?, 0xc0001508c0?}, 0x6?)
	/home/dilshod/go/pkg/mod/golang.org/toolchain@v0.0.1-go1.23.5.linux-amd64/src/net/http/server.go:3210 +0x8e
net/http.(*conn).serve(0xc000144870, {0x15ea0a8, 0xc00057ec90})
	/home/dilshod/go/pkg/mod/golang.org/toolchain@v0.0.1-go1.23.5.linux-amd64/src/net/http/server.go:2092 +0x5d0
created by net/http.(*Server).Serve in goroutine 26
	/home/dilshod/go/pkg/mod/golang.org/toolchain@v0.0.1-go1.23.5.linux-amd64/src/net/http/server.go:3360 +0x485


sugurta/api.NewRouter.Recovery.func3.1
	/home/dilshod/Documents/ndc_ai/sugurta_go_api_geteway/api/middleware/recovery.go:31
runtime.gopanic
	/home/dilshod/go/pkg/mod/golang.org/toolchain@v0.0.1-go1.23.5.linux-amd64/src/runtime/panic.go:785
runtime.panicmem
	/home/dilshod/go/pkg/mod/golang.org/toolchain@v0.0.1-go1.23.5.linux-amd64/src/runtime/panic.go:262
runtime.sigpanic
	/home/dilshod/go/pkg/mod/golang.org/toolchain@v0.0.1-go1.23.5.linux-amd64/src/runtime/signal_unix.go:917
github.com/Masterminds/squirrel.(*selectData).ToSql
	/home/dilshod/go/pkg/mod/github.com/!masterminds/squirrel@v1.5.4/select.go:60
github.com/Masterminds/squirrel.SelectBuilder.ToSql
	/home/dilshod/go/pkg/mod/github.com/!masterminds/squirrel@v1.5.4/select.go:218
sugurta/internal/infrastructure/repository/postgresql.(*OrderRepo).List
	/home/dilshod/Documents/ndc_ai/sugurta_go_api_geteway/internal/infrastructure/repository/postgresql/order.go:124
sugurta/internal/usecase/order.(*orderService).List
	/home/dilshod/Documents/ndc_ai/sugurta_go_api_geteway/internal/usecase/order/order.go:66
sugurta/api/handlers/v1.(*OrderRoutes).listOrders
	/home/dilshod/Documents/ndc_ai/sugurta_go_api_geteway/api/handlers/v1/order.go:138
github.com/gin-gonic/gin.(*Context).Next
	/home/dilshod/go/pkg/mod/github.com/gin-gonic/gin@v1.10.0/context.go:185
sugurta/api.NewRouter.Recovery.func3
	/home/dilshod/Documents/ndc_ai/sugurta_go_api_geteway/api/middleware/recovery.go:40
github.com/gin-gonic/gin.(*Context).Next
	/home/dilshod/go/pkg/mod/github.com/gin-gonic/gin@v1.10.0/context.go:185
sugurta/api.NewRouter.Logger.func2
	/home/dilshod/Documents/ndc_ai/sugurta_go_api_geteway/api/middleware/logger.go:25
github.com/gin-gonic/gin.(*Context).Next
	/home/dilshod/go/pkg/mod/github.com/gin-gonic/gin@v1.10.0/context.go:185
github.com/gin-gonic/gin.CustomRecoveryWithWriter.func1
	/home/dilshod/go/pkg/mod/github.com/gin-gonic/gin@v1.10.0/recovery.go:102
github.com/gin-gonic/gin.(*Context).Next
	/home/dilshod/go/pkg/mod/github.com/gin-gonic/gin@v1.10.0/context.go:185
github.com/gin-gonic/gin.LoggerWithConfig.func1
	/home/dilshod/go/pkg/mod/github.com/gin-gonic/gin@v1.10.0/logger.go:249
github.com/gin-gonic/gin.(*Context).Next
	/home/dilshod/go/pkg/mod/github.com/gin-gonic/gin@v1.10.0/context.go:185
github.com/gin-gonic/gin.(*Engine).handleHTTPRequest
	/home/dilshod/go/pkg/mod/github.com/gin-gonic/gin@v1.10.0/gin.go:633
github.com/gin-gonic/gin.(*Engine).ServeHTTP
	/home/dilshod/go/pkg/mod/github.com/gin-gonic/gin@v1.10.0/gin.go:589
net/http.serverHandler.ServeHTTP
	/home/dilshod/go/pkg/mod/golang.org/toolchain@v0.0.1-go1.23.5.linux-amd64/src/net/http/server.go:3210
net/http.(*conn).serve
	/home/dilshod/go/pkg/mod/golang.org/toolchain@v0.0.1-go1.23.5.linux-amd64/src/net/http/server.go:2092
2025-04-08T15:11:18.891+0500	INFO	middleware/logger.go:26	127.0.0.1 - GET /v1/orders/?limit=10&offset=0&filter=11 
2025-04-08T15:11:41.412+0500	INFO	app/main.go:40	api gateway service stops
2025-04-08T15:11:41.413+0500	ERROR	app/main.go:31	app run	{"error": "http: Server closed"}
main.main.func1
	/home/dilshod/Documents/ndc_ai/sugurta_go_api_geteway/cmd/app/main.go:31
2025-04-08T15:11:42.684+0500	INFO	app/main.go:29	Listen: 	{"address": "localhost:8080"}
2025-04-08T15:11:44.859+0500	ERROR	middleware/recovery.go:31	127.0.0.1 - GET /v1/orders/?limit=10&offset=0&filter=11 PANIC DETECTED: runtime error: invalid memory address or nil pointer dereference
goroutine 20 [running]:
runtime/debug.Stack()
	/home/dilshod/go/pkg/mod/golang.org/toolchain@v0.0.1-go1.23.5.linux-amd64/src/runtime/debug/stack.go:26 +0x5e
sugurta/api/middleware.buildPanicMessage(0xc000cba000, {0x124f4e0, 0x27a3190})
	/home/dilshod/Documents/ndc_ai/sugurta_go_api_geteway/api/middleware/recovery.go:21 +0x4b4
sugurta/api.NewRouter.Recovery.func3.1()
	/home/dilshod/Documents/ndc_ai/sugurta_go_api_geteway/api/middleware/recovery.go:31 +0x47
panic({0x124f4e0?, 0x27a3190?})
	/home/dilshod/go/pkg/mod/golang.org/toolchain@v0.0.1-go1.23.5.linux-amd64/src/runtime/panic.go:785 +0x132
github.com/Masterminds/squirrel.(*selectData).ToSql(0xc000c9d018)
	/home/dilshod/go/pkg/mod/github.com/!masterminds/squirrel@v1.5.4/select.go:60 +0x3e
github.com/Masterminds/squirrel.SelectBuilder.ToSql({{0x15f2198, 0xc0001f87e0}})
	/home/dilshod/go/pkg/mod/github.com/!masterminds/squirrel@v1.5.4/select.go:218 +0xfd
sugurta/internal/infrastructure/repository/postgresql.(*OrderRepo).List(0xc000c1c198, {0x15ea150, 0xc0001f8460}, 0xa, 0x0, 0xc00017a690)
	/home/dilshod/Documents/ndc_ai/sugurta_go_api_geteway/internal/infrastructure/repository/postgresql/order.go:124 +0x325
sugurta/internal/usecase/order.(*orderService).List(0xc000c1c1b0, {0x15ea568?, 0xc000cba000?}, 0xa, 0x0, 0xc00017a690)
	/home/dilshod/Documents/ndc_ai/sugurta_go_api_geteway/internal/usecase/order/order.go:66 +0x14d
sugurta/api/handlers/v1.(*OrderRoutes).listOrders(0xc000b9c940, 0xc000cba000)
	/home/dilshod/Documents/ndc_ai/sugurta_go_api_geteway/api/handlers/v1/order.go:138 +0x2b1
github.com/gin-gonic/gin.(*Context).Next(0xc000cba000)
	/home/dilshod/go/pkg/mod/github.com/gin-gonic/gin@v1.10.0/context.go:185 +0x2b
sugurta/api.NewRouter.Recovery.func3(0xc000c9e100?)
	/home/dilshod/Documents/ndc_ai/sugurta_go_api_geteway/api/middleware/recovery.go:40 +0x48
github.com/gin-gonic/gin.(*Context).Next(0xc000cba000)
	/home/dilshod/go/pkg/mod/github.com/gin-gonic/gin@v1.10.0/context.go:185 +0x2b
sugurta/api.NewRouter.Logger.func2(0xc000cba000)
	/home/dilshod/Documents/ndc_ai/sugurta_go_api_geteway/api/middleware/logger.go:25 +0x25
github.com/gin-gonic/gin.(*Context).Next(...)
	/home/dilshod/go/pkg/mod/github.com/gin-gonic/gin@v1.10.0/context.go:185
github.com/gin-gonic/gin.CustomRecoveryWithWriter.func1(0xc000cba000)
	/home/dilshod/go/pkg/mod/github.com/gin-gonic/gin@v1.10.0/recovery.go:102 +0x6f
github.com/gin-gonic/gin.(*Context).Next(...)
	/home/dilshod/go/pkg/mod/github.com/gin-gonic/gin@v1.10.0/context.go:185
github.com/gin-gonic/gin.LoggerWithConfig.func1(0xc000cba000)
	/home/dilshod/go/pkg/mod/github.com/gin-gonic/gin@v1.10.0/logger.go:249 +0xe5
github.com/gin-gonic/gin.(*Context).Next(...)
	/home/dilshod/go/pkg/mod/github.com/gin-gonic/gin@v1.10.0/context.go:185
github.com/gin-gonic/gin.(*Engine).handleHTTPRequest(0xc0000fa340, 0xc000cba000)
	/home/dilshod/go/pkg/mod/github.com/gin-gonic/gin@v1.10.0/gin.go:633 +0x892
github.com/gin-gonic/gin.(*Engine).ServeHTTP(0xc0000fa340, {0x15e5ce8, 0xc000cb8000}, 0xc000218280)
	/home/dilshod/go/pkg/mod/github.com/gin-gonic/gin@v1.10.0/gin.go:589 +0x1b2
net/http.serverHandler.ServeHTTP({0xc00017a570?}, {0x15e5ce8?, 0xc000cb8000?}, 0x6?)
	/home/dilshod/go/pkg/mod/golang.org/toolchain@v0.0.1-go1.23.5.linux-amd64/src/net/http/server.go:3210 +0x8e
net/http.(*conn).serve(0xc000c84090, {0x15ea0a8, 0xc00017a480})
	/home/dilshod/go/pkg/mod/golang.org/toolchain@v0.0.1-go1.23.5.linux-amd64/src/net/http/server.go:2092 +0x5d0
created by net/http.(*Server).Serve in goroutine 57
	/home/dilshod/go/pkg/mod/golang.org/toolchain@v0.0.1-go1.23.5.linux-amd64/src/net/http/server.go:3360 +0x485


sugurta/api.NewRouter.Recovery.func3.1
	/home/dilshod/Documents/ndc_ai/sugurta_go_api_geteway/api/middleware/recovery.go:31
runtime.gopanic
	/home/dilshod/go/pkg/mod/golang.org/toolchain@v0.0.1-go1.23.5.linux-amd64/src/runtime/panic.go:785
runtime.panicmem
	/home/dilshod/go/pkg/mod/golang.org/toolchain@v0.0.1-go1.23.5.linux-amd64/src/runtime/panic.go:262
runtime.sigpanic
	/home/dilshod/go/pkg/mod/golang.org/toolchain@v0.0.1-go1.23.5.linux-amd64/src/runtime/signal_unix.go:917
github.com/Masterminds/squirrel.(*selectData).ToSql
	/home/dilshod/go/pkg/mod/github.com/!masterminds/squirrel@v1.5.4/select.go:60
github.com/Masterminds/squirrel.SelectBuilder.ToSql
	/home/dilshod/go/pkg/mod/github.com/!masterminds/squirrel@v1.5.4/select.go:218
sugurta/internal/infrastructure/repository/postgresql.(*OrderRepo).List
	/home/dilshod/Documents/ndc_ai/sugurta_go_api_geteway/internal/infrastructure/repository/postgresql/order.go:124
sugurta/internal/usecase/order.(*orderService).List
	/home/dilshod/Documents/ndc_ai/sugurta_go_api_geteway/internal/usecase/order/order.go:66
sugurta/api/handlers/v1.(*OrderRoutes).listOrders
	/home/dilshod/Documents/ndc_ai/sugurta_go_api_geteway/api/handlers/v1/order.go:138
github.com/gin-gonic/gin.(*Context).Next
	/home/dilshod/go/pkg/mod/github.com/gin-gonic/gin@v1.10.0/context.go:185
sugurta/api.NewRouter.Recovery.func3
	/home/dilshod/Documents/ndc_ai/sugurta_go_api_geteway/api/middleware/recovery.go:40
github.com/gin-gonic/gin.(*Context).Next
	/home/dilshod/go/pkg/mod/github.com/gin-gonic/gin@v1.10.0/context.go:185
sugurta/api.NewRouter.Logger.func2
	/home/dilshod/Documents/ndc_ai/sugurta_go_api_geteway/api/middleware/logger.go:25
github.com/gin-gonic/gin.(*Context).Next
	/home/dilshod/go/pkg/mod/github.com/gin-gonic/gin@v1.10.0/context.go:185
github.com/gin-gonic/gin.CustomRecoveryWithWriter.func1
	/home/dilshod/go/pkg/mod/github.com/gin-gonic/gin@v1.10.0/recovery.go:102
github.com/gin-gonic/gin.(*Context).Next
	/home/dilshod/go/pkg/mod/github.com/gin-gonic/gin@v1.10.0/context.go:185
github.com/gin-gonic/gin.LoggerWithConfig.func1
	/home/dilshod/go/pkg/mod/github.com/gin-gonic/gin@v1.10.0/logger.go:249
github.com/gin-gonic/gin.(*Context).Next
	/home/dilshod/go/pkg/mod/github.com/gin-gonic/gin@v1.10.0/context.go:185
github.com/gin-gonic/gin.(*Engine).handleHTTPRequest
	/home/dilshod/go/pkg/mod/github.com/gin-gonic/gin@v1.10.0/gin.go:633
github.com/gin-gonic/gin.(*Engine).ServeHTTP
	/home/dilshod/go/pkg/mod/github.com/gin-gonic/gin@v1.10.0/gin.go:589
net/http.serverHandler.ServeHTTP
	/home/dilshod/go/pkg/mod/golang.org/toolchain@v0.0.1-go1.23.5.linux-amd64/src/net/http/server.go:3210
net/http.(*conn).serve
	/home/dilshod/go/pkg/mod/golang.org/toolchain@v0.0.1-go1.23.5.linux-amd64/src/net/http/server.go:2092
2025-04-08T15:11:44.859+0500	INFO	middleware/logger.go:26	127.0.0.1 - GET /v1/orders/?limit=10&offset=0&filter=11 
2025-04-08T15:11:55.206+0500	INFO	app/main.go:40	api gateway service stops
2025-04-08T15:11:55.207+0500	ERROR	app/main.go:31	app run	{"error": "http: Server closed"}
main.main.func1
	/home/dilshod/Documents/ndc_ai/sugurta_go_api_geteway/cmd/app/main.go:31
2025-04-08T15:11:56.451+0500	INFO	app/main.go:29	Listen: 	{"address": "localhost:8080"}
2025-04-08T15:11:58.201+0500	ERROR	middleware/recovery.go:31	127.0.0.1 - GET /v1/orders/?limit=10&offset=0&filter=11 PANIC DETECTED: runtime error: invalid memory address or nil pointer dereference
goroutine 66 [running]:
runtime/debug.Stack()
	/home/dilshod/go/pkg/mod/golang.org/toolchain@v0.0.1-go1.23.5.linux-amd64/src/runtime/debug/stack.go:26 +0x5e
sugurta/api/middleware.buildPanicMessage(0xc0006ea000, {0x124f4e0, 0x27a3190})
	/home/dilshod/Documents/ndc_ai/sugurta_go_api_geteway/api/middleware/recovery.go:21 +0x4b4
sugurta/api.NewRouter.Recovery.func3.1()
	/home/dilshod/Documents/ndc_ai/sugurta_go_api_geteway/api/middleware/recovery.go:31 +0x47
panic({0x124f4e0?, 0x27a3190?})
	/home/dilshod/go/pkg/mod/golang.org/toolchain@v0.0.1-go1.23.5.linux-amd64/src/runtime/panic.go:785 +0x132
github.com/Masterminds/squirrel.(*selectData).ToSql(0xc00026f018)
	/home/dilshod/go/pkg/mod/github.com/!masterminds/squirrel@v1.5.4/select.go:60 +0x3e
github.com/Masterminds/squirrel.SelectBuilder.ToSql({{0x15f21b8, 0xc000261500}})
	/home/dilshod/go/pkg/mod/github.com/!masterminds/squirrel@v1.5.4/select.go:218 +0xfd
sugurta/internal/infrastructure/repository/postgresql.(*OrderRepo).List(0xc0005e0270, {0x15ea170, 0xc0002610a0}, 0xa, 0x0, 0xc0005f2b40)
	/home/dilshod/Documents/ndc_ai/sugurta_go_api_geteway/internal/infrastructure/repository/postgresql/order.go:124 +0x325
sugurta/internal/usecase/order.(*orderService).List(0xc0005e0288, {0x15ea588?, 0xc0006ea000?}, 0xa, 0x0, 0xc0005f2b40)
	/home/dilshod/Documents/ndc_ai/sugurta_go_api_geteway/internal/usecase/order/order.go:66 +0x14d
sugurta/api/handlers/v1.(*OrderRoutes).listOrders(0xc0002f0a00, 0xc0006ea000)
	/home/dilshod/Documents/ndc_ai/sugurta_go_api_geteway/api/handlers/v1/order.go:138 +0x2b1
github.com/gin-gonic/gin.(*Context).Next(0xc0006ea000)
	/home/dilshod/go/pkg/mod/github.com/gin-gonic/gin@v1.10.0/context.go:185 +0x2b
sugurta/api.NewRouter.Recovery.func3(0xc000224100?)
	/home/dilshod/Documents/ndc_ai/sugurta_go_api_geteway/api/middleware/recovery.go:40 +0x48
github.com/gin-gonic/gin.(*Context).Next(0xc0006ea000)
	/home/dilshod/go/pkg/mod/github.com/gin-gonic/gin@v1.10.0/context.go:185 +0x2b
sugurta/api.NewRouter.Logger.func2(0xc0006ea000)
	/home/dilshod/Documents/ndc_ai/sugurta_go_api_geteway/api/middleware/logger.go:25 +0x25
github.com/gin-gonic/gin.(*Context).Next(...)
	/home/dilshod/go/pkg/mod/github.com/gin-gonic/gin@v1.10.0/context.go:185
github.com/gin-gonic/gin.CustomRecoveryWithWriter.func1(0xc0006ea000)
	/home/dilshod/go/pkg/mod/github.com/gin-gonic/gin@v1.10.0/recovery.go:102 +0x6f
github.com/gin-gonic/gin.(*Context).Next(...)
	/home/dilshod/go/pkg/mod/github.com/gin-gonic/gin@v1.10.0/context.go:185
github.com/gin-gonic/gin.LoggerWithConfig.func1(0xc0006ea000)
	/home/dilshod/go/pkg/mod/github.com/gin-gonic/gin@v1.10.0/logger.go:249 +0xe5
github.com/gin-gonic/gin.(*Context).Next(...)
	/home/dilshod/go/pkg/mod/github.com/gin-gonic/gin@v1.10.0/context.go:185
github.com/gin-gonic/gin.(*Engine).handleHTTPRequest(0xc0002d0b60, 0xc0006ea000)
	/home/dilshod/go/pkg/mod/github.com/gin-gonic/gin@v1.10.0/gin.go:633 +0x892
github.com/gin-gonic/gin.(*Engine).ServeHTTP(0xc0002d0b60, {0x15e5d08, 0xc0005dc0e0}, 0xc00028a3c0)
	/home/dilshod/go/pkg/mod/github.com/gin-gonic/gin@v1.10.0/gin.go:589 +0x1b2
net/http.serverHandler.ServeHTTP({0xc0005f2a20?}, {0x15e5d08?, 0xc0005dc0e0?}, 0x6?)
	/home/dilshod/go/pkg/mod/golang.org/toolchain@v0.0.1-go1.23.5.linux-amd64/src/net/http/server.go:3210 +0x8e
net/http.(*conn).serve(0xc000668360, {0x15ea0c8, 0xc0005f2930})
	/home/dilshod/go/pkg/mod/golang.org/toolchain@v0.0.1-go1.23.5.linux-amd64/src/net/http/server.go:2092 +0x5d0
created by net/http.(*Server).Serve in goroutine 46
	/home/dilshod/go/pkg/mod/golang.org/toolchain@v0.0.1-go1.23.5.linux-amd64/src/net/http/server.go:3360 +0x485


sugurta/api.NewRouter.Recovery.func3.1
	/home/dilshod/Documents/ndc_ai/sugurta_go_api_geteway/api/middleware/recovery.go:31
runtime.gopanic
	/home/dilshod/go/pkg/mod/golang.org/toolchain@v0.0.1-go1.23.5.linux-amd64/src/runtime/panic.go:785
runtime.panicmem
	/home/dilshod/go/pkg/mod/golang.org/toolchain@v0.0.1-go1.23.5.linux-amd64/src/runtime/panic.go:262
runtime.sigpanic
	/home/dilshod/go/pkg/mod/golang.org/toolchain@v0.0.1-go1.23.5.linux-amd64/src/runtime/signal_unix.go:917
github.com/Masterminds/squirrel.(*selectData).ToSql
	/home/dilshod/go/pkg/mod/github.com/!masterminds/squirrel@v1.5.4/select.go:60
github.com/Masterminds/squirrel.SelectBuilder.ToSql
	/home/dilshod/go/pkg/mod/github.com/!masterminds/squirrel@v1.5.4/select.go:218
sugurta/internal/infrastructure/repository/postgresql.(*OrderRepo).List
	/home/dilshod/Documents/ndc_ai/sugurta_go_api_geteway/internal/infrastructure/repository/postgresql/order.go:124
sugurta/internal/usecase/order.(*orderService).List
	/home/dilshod/Documents/ndc_ai/sugurta_go_api_geteway/internal/usecase/order/order.go:66
sugurta/api/handlers/v1.(*OrderRoutes).listOrders
	/home/dilshod/Documents/ndc_ai/sugurta_go_api_geteway/api/handlers/v1/order.go:138
github.com/gin-gonic/gin.(*Context).Next
	/home/dilshod/go/pkg/mod/github.com/gin-gonic/gin@v1.10.0/context.go:185
sugurta/api.NewRouter.Recovery.func3
	/home/dilshod/Documents/ndc_ai/sugurta_go_api_geteway/api/middleware/recovery.go:40
github.com/gin-gonic/gin.(*Context).Next
	/home/dilshod/go/pkg/mod/github.com/gin-gonic/gin@v1.10.0/context.go:185
sugurta/api.NewRouter.Logger.func2
	/home/dilshod/Documents/ndc_ai/sugurta_go_api_geteway/api/middleware/logger.go:25
github.com/gin-gonic/gin.(*Context).Next
	/home/dilshod/go/pkg/mod/github.com/gin-gonic/gin@v1.10.0/context.go:185
github.com/gin-gonic/gin.CustomRecoveryWithWriter.func1
	/home/dilshod/go/pkg/mod/github.com/gin-gonic/gin@v1.10.0/recovery.go:102
github.com/gin-gonic/gin.(*Context).Next
	/home/dilshod/go/pkg/mod/github.com/gin-gonic/gin@v1.10.0/context.go:185
github.com/gin-gonic/gin.LoggerWithConfig.func1
	/home/dilshod/go/pkg/mod/github.com/gin-gonic/gin@v1.10.0/logger.go:249
github.com/gin-gonic/gin.(*Context).Next
	/home/dilshod/go/pkg/mod/github.com/gin-gonic/gin@v1.10.0/context.go:185
github.com/gin-gonic/gin.(*Engine).handleHTTPRequest
	/home/dilshod/go/pkg/mod/github.com/gin-gonic/gin@v1.10.0/gin.go:633
github.com/gin-gonic/gin.(*Engine).ServeHTTP
	/home/dilshod/go/pkg/mod/github.com/gin-gonic/gin@v1.10.0/gin.go:589
net/http.serverHandler.ServeHTTP
	/home/dilshod/go/pkg/mod/golang.org/toolchain@v0.0.1-go1.23.5.linux-amd64/src/net/http/server.go:3210
net/http.(*conn).serve
	/home/dilshod/go/pkg/mod/golang.org/toolchain@v0.0.1-go1.23.5.linux-amd64/src/net/http/server.go:2092
2025-04-08T15:11:58.201+0500	INFO	middleware/logger.go:26	127.0.0.1 - GET /v1/orders/?limit=10&offset=0&filter=11 
2025-04-08T15:12:19.660+0500	INFO	app/main.go:40	api gateway service stops
2025-04-08T15:12:19.660+0500	ERROR	app/main.go:31	app run	{"error": "http: Server closed"}
main.main.func1
	/home/dilshod/Documents/ndc_ai/sugurta_go_api_geteway/cmd/app/main.go:31
2025-04-08T15:12:20.893+0500	INFO	app/main.go:29	Listen: 	{"address": "localhost:8080"}
2025-04-08T15:12:22.669+0500	ERROR	middleware/recovery.go:31	127.0.0.1 - GET /v1/orders/?limit=10&offset=0&filter=11 PANIC DETECTED: runtime error: invalid memory address or nil pointer dereference
goroutine 83 [running]:
runtime/debug.Stack()
	/home/dilshod/go/pkg/mod/golang.org/toolchain@v0.0.1-go1.23.5.linux-amd64/src/runtime/debug/stack.go:26 +0x5e
sugurta/api/middleware.buildPanicMessage(0xc000c58000, {0x124f4e0, 0x27a3190})
	/home/dilshod/Documents/ndc_ai/sugurta_go_api_geteway/api/middleware/recovery.go:21 +0x4b4
sugurta/api.NewRouter.Recovery.func3.1()
	/home/dilshod/Documents/ndc_ai/sugurta_go_api_geteway/api/middleware/recovery.go:31 +0x47
panic({0x124f4e0?, 0x27a3190?})
	/home/dilshod/go/pkg/mod/golang.org/toolchain@v0.0.1-go1.23.5.linux-amd64/src/runtime/panic.go:785 +0x132
github.com/Masterminds/squirrel.(*selectData).ToSql(0xc000c2d018)
	/home/dilshod/go/pkg/mod/github.com/!masterminds/squirrel@v1.5.4/select.go:60 +0x3e
github.com/Masterminds/squirrel.SelectBuilder.ToSql({{0x15f21b8, 0xc0002104d0}})
	/home/dilshod/go/pkg/mod/github.com/!masterminds/squirrel@v1.5.4/select.go:218 +0xfd
sugurta/internal/infrastructure/repository/postgresql.(*OrderRepo).List(0xc000013158, {0x15ea170, 0xc000210070}, 0xa, 0x0, 0xc000c0c510)
	/home/dilshod/Documents/ndc_ai/sugurta_go_api_geteway/internal/infrastructure/repository/postgresql/order.go:124 +0x365
sugurta/internal/usecase/order.(*orderService).List(0xc000013170, {0x15ea588?, 0xc000c58000?}, 0xa, 0x0, 0xc000c0c510)
	/home/dilshod/Documents/ndc_ai/sugurta_go_api_geteway/internal/usecase/order/order.go:66 +0x14d
sugurta/api/handlers/v1.(*OrderRoutes).listOrders(0xc000060700, 0xc000c58000)
	/home/dilshod/Documents/ndc_ai/sugurta_go_api_geteway/api/handlers/v1/order.go:138 +0x2b1
github.com/gin-gonic/gin.(*Context).Next(0xc000c58000)
	/home/dilshod/go/pkg/mod/github.com/gin-gonic/gin@v1.10.0/context.go:185 +0x2b
sugurta/api.NewRouter.Recovery.func3(0xc000c0a0c0?)
	/home/dilshod/Documents/ndc_ai/sugurta_go_api_geteway/api/middleware/recovery.go:40 +0x48
github.com/gin-gonic/gin.(*Context).Next(0xc000c58000)
	/home/dilshod/go/pkg/mod/github.com/gin-gonic/gin@v1.10.0/context.go:185 +0x2b
sugurta/api.NewRouter.Logger.func2(0xc000c58000)
	/home/dilshod/Documents/ndc_ai/sugurta_go_api_geteway/api/middleware/logger.go:25 +0x25
github.com/gin-gonic/gin.(*Context).Next(...)
	/home/dilshod/go/pkg/mod/github.com/gin-gonic/gin@v1.10.0/context.go:185
github.com/gin-gonic/gin.CustomRecoveryWithWriter.func1(0xc000c58000)
	/home/dilshod/go/pkg/mod/github.com/gin-gonic/gin@v1.10.0/recovery.go:102 +0x6f
github.com/gin-gonic/gin.(*Context).Next(...)
	/home/dilshod/go/pkg/mod/github.com/gin-gonic/gin@v1.10.0/context.go:185
github.com/gin-gonic/gin.LoggerWithConfig.func1(0xc000c58000)
	/home/dilshod/go/pkg/mod/github.com/gin-gonic/gin@v1.10.0/logger.go:249 +0xe5
github.com/gin-gonic/gin.(*Context).Next(...)
	/home/dilshod/go/pkg/mod/github.com/gin-gonic/gin@v1.10.0/context.go:185
github.com/gin-gonic/gin.(*Engine).handleHTTPRequest(0xc0007029c0, 0xc000c58000)
	/home/dilshod/go/pkg/mod/github.com/gin-gonic/gin@v1.10.0/gin.go:633 +0x892
github.com/gin-gonic/gin.(*Engine).ServeHTTP(0xc0007029c0, {0x15e5d08, 0xc000c54000}, 0xc0002143c0)
	/home/dilshod/go/pkg/mod/github.com/gin-gonic/gin@v1.10.0/gin.go:589 +0x1b2
net/http.serverHandler.ServeHTTP({0xc000c0c3f0?}, {0x15e5d08?, 0xc000c54000?}, 0x6?)
	/home/dilshod/go/pkg/mod/golang.org/toolchain@v0.0.1-go1.23.5.linux-amd64/src/net/http/server.go:3210 +0x8e
net/http.(*conn).serve(0xc000c44000, {0x15ea0c8, 0xc000c0c300})
	/home/dilshod/go/pkg/mod/golang.org/toolchain@v0.0.1-go1.23.5.linux-amd64/src/net/http/server.go:2092 +0x5d0
created by net/http.(*Server).Serve in goroutine 67
	/home/dilshod/go/pkg/mod/golang.org/toolchain@v0.0.1-go1.23.5.linux-amd64/src/net/http/server.go:3360 +0x485


sugurta/api.NewRouter.Recovery.func3.1
	/home/dilshod/Documents/ndc_ai/sugurta_go_api_geteway/api/middleware/recovery.go:31
runtime.gopanic
	/home/dilshod/go/pkg/mod/golang.org/toolchain@v0.0.1-go1.23.5.linux-amd64/src/runtime/panic.go:785
runtime.panicmem
	/home/dilshod/go/pkg/mod/golang.org/toolchain@v0.0.1-go1.23.5.linux-amd64/src/runtime/panic.go:262
runtime.sigpanic
	/home/dilshod/go/pkg/mod/golang.org/toolchain@v0.0.1-go1.23.5.linux-amd64/src/runtime/signal_unix.go:917
github.com/Masterminds/squirrel.(*selectData).ToSql
	/home/dilshod/go/pkg/mod/github.com/!masterminds/squirrel@v1.5.4/select.go:60
github.com/Masterminds/squirrel.SelectBuilder.ToSql
	/home/dilshod/go/pkg/mod/github.com/!masterminds/squirrel@v1.5.4/select.go:218
sugurta/internal/infrastructure/repository/postgresql.(*OrderRepo).List
	/home/dilshod/Documents/ndc_ai/sugurta_go_api_geteway/internal/infrastructure/repository/postgresql/order.go:124
sugurta/internal/usecase/order.(*orderService).List
	/home/dilshod/Documents/ndc_ai/sugurta_go_api_geteway/internal/usecase/order/order.go:66
sugurta/api/handlers/v1.(*OrderRoutes).listOrders
	/home/dilshod/Documents/ndc_ai/sugurta_go_api_geteway/api/handlers/v1/order.go:138
github.com/gin-gonic/gin.(*Context).Next
	/home/dilshod/go/pkg/mod/github.com/gin-gonic/gin@v1.10.0/context.go:185
sugurta/api.NewRouter.Recovery.func3
	/home/dilshod/Documents/ndc_ai/sugurta_go_api_geteway/api/middleware/recovery.go:40
github.com/gin-gonic/gin.(*Context).Next
	/home/dilshod/go/pkg/mod/github.com/gin-gonic/gin@v1.10.0/context.go:185
sugurta/api.NewRouter.Logger.func2
	/home/dilshod/Documents/ndc_ai/sugurta_go_api_geteway/api/middleware/logger.go:25
github.com/gin-gonic/gin.(*Context).Next
	/home/dilshod/go/pkg/mod/github.com/gin-gonic/gin@v1.10.0/context.go:185
github.com/gin-gonic/gin.CustomRecoveryWithWriter.func1
	/home/dilshod/go/pkg/mod/github.com/gin-gonic/gin@v1.10.0/recovery.go:102
github.com/gin-gonic/gin.(*Context).Next
	/home/dilshod/go/pkg/mod/github.com/gin-gonic/gin@v1.10.0/context.go:185
github.com/gin-gonic/gin.LoggerWithConfig.func1
	/home/dilshod/go/pkg/mod/github.com/gin-gonic/gin@v1.10.0/logger.go:249
github.com/gin-gonic/gin.(*Context).Next
	/home/dilshod/go/pkg/mod/github.com/gin-gonic/gin@v1.10.0/context.go:185
github.com/gin-gonic/gin.(*Engine).handleHTTPRequest
	/home/dilshod/go/pkg/mod/github.com/gin-gonic/gin@v1.10.0/gin.go:633
github.com/gin-gonic/gin.(*Engine).ServeHTTP
	/home/dilshod/go/pkg/mod/github.com/gin-gonic/gin@v1.10.0/gin.go:589
net/http.serverHandler.ServeHTTP
	/home/dilshod/go/pkg/mod/golang.org/toolchain@v0.0.1-go1.23.5.linux-amd64/src/net/http/server.go:3210
net/http.(*conn).serve
	/home/dilshod/go/pkg/mod/golang.org/toolchain@v0.0.1-go1.23.5.linux-amd64/src/net/http/server.go:2092
2025-04-08T15:12:22.669+0500	INFO	middleware/logger.go:26	127.0.0.1 - GET /v1/orders/?limit=10&offset=0&filter=11 
2025-04-08T15:12:33.426+0500	INFO	app/main.go:40	api gateway service stops
2025-04-08T15:12:33.426+0500	ERROR	app/main.go:31	app run	{"error": "http: Server closed"}
main.main.func1
	/home/dilshod/Documents/ndc_ai/sugurta_go_api_geteway/cmd/app/main.go:31
2025-04-08T15:12:34.695+0500	INFO	app/main.go:29	Listen: 	{"address": "localhost:8080"}
2025-04-08T15:12:36.325+0500	ERROR	middleware/recovery.go:31	127.0.0.1 - GET /v1/orders/?limit=10&offset=0&filter=11 PANIC DETECTED: runtime error: invalid memory address or nil pointer dereference
goroutine 31 [running]:
runtime/debug.Stack()
	/home/dilshod/go/pkg/mod/golang.org/toolchain@v0.0.1-go1.23.5.linux-amd64/src/runtime/debug/stack.go:26 +0x5e
sugurta/api/middleware.buildPanicMessage(0xc000c10000, {0x124f4e0, 0x27a3190})
	/home/dilshod/Documents/ndc_ai/sugurta_go_api_geteway/api/middleware/recovery.go:21 +0x4b4
sugurta/api.NewRouter.Recovery.func3.1()
	/home/dilshod/Documents/ndc_ai/sugurta_go_api_geteway/api/middleware/recovery.go:31 +0x47
panic({0x124f4e0?, 0x27a3190?})
	/home/dilshod/go/pkg/mod/golang.org/toolchain@v0.0.1-go1.23.5.linux-amd64/src/runtime/panic.go:785 +0x132
github.com/Masterminds/squirrel.(*selectData).ToSql(0xc00015b018)
	/home/dilshod/go/pkg/mod/github.com/!masterminds/squirrel@v1.5.4/select.go:60 +0x3e
github.com/Masterminds/squirrel.SelectBuilder.ToSql({{0x15f21b8, 0xc0000f9340}})
	/home/dilshod/go/pkg/mod/github.com/!masterminds/squirrel@v1.5.4/select.go:218 +0xfd
sugurta/internal/infrastructure/repository/postgresql.(*OrderRepo).List(0xc00013a1f8, {0x15ea170, 0xc0000f8fc0}, 0xa, 0x0, 0xc000152990)
	/home/dilshod/Documents/ndc_ai/sugurta_go_api_geteway/internal/infrastructure/repository/postgresql/order.go:124 +0x385
sugurta/internal/usecase/order.(*orderService).List(0xc00013a210, {0x15ea588?, 0xc000c10000?}, 0xa, 0x0, 0xc000152990)
	/home/dilshod/Documents/ndc_ai/sugurta_go_api_geteway/internal/usecase/order/order.go:66 +0x14d
sugurta/api/handlers/v1.(*OrderRoutes).listOrders(0xc00057b540, 0xc000c10000)
	/home/dilshod/Documents/ndc_ai/sugurta_go_api_geteway/api/handlers/v1/order.go:138 +0x2b1
github.com/gin-gonic/gin.(*Context).Next(0xc000c10000)
	/home/dilshod/go/pkg/mod/github.com/gin-gonic/gin@v1.10.0/context.go:185 +0x2b
sugurta/api.NewRouter.Recovery.func3(0xc0001b6080?)
	/home/dilshod/Documents/ndc_ai/sugurta_go_api_geteway/api/middleware/recovery.go:40 +0x48
github.com/gin-gonic/gin.(*Context).Next(0xc000c10000)
	/home/dilshod/go/pkg/mod/github.com/gin-gonic/gin@v1.10.0/context.go:185 +0x2b
sugurta/api.NewRouter.Logger.func2(0xc000c10000)
	/home/dilshod/Documents/ndc_ai/sugurta_go_api_geteway/api/middleware/logger.go:25 +0x25
github.com/gin-gonic/gin.(*Context).Next(...)
	/home/dilshod/go/pkg/mod/github.com/gin-gonic/gin@v1.10.0/context.go:185
github.com/gin-gonic/gin.CustomRecoveryWithWriter.func1(0xc000c10000)
	/home/dilshod/go/pkg/mod/github.com/gin-gonic/gin@v1.10.0/recovery.go:102 +0x6f
github.com/gin-gonic/gin.(*Context).Next(...)
	/home/dilshod/go/pkg/mod/github.com/gin-gonic/gin@v1.10.0/context.go:185
github.com/gin-gonic/gin.LoggerWithConfig.func1(0xc000c10000)
	/home/dilshod/go/pkg/mod/github.com/gin-gonic/gin@v1.10.0/logger.go:249 +0xe5
github.com/gin-gonic/gin.(*Context).Next(...)
	/home/dilshod/go/pkg/mod/github.com/gin-gonic/gin@v1.10.0/context.go:185
github.com/gin-gonic/gin.(*Engine).handleHTTPRequest(0xc000268d00, 0xc000c10000)
	/home/dilshod/go/pkg/mod/github.com/gin-gonic/gin@v1.10.0/gin.go:633 +0x892
github.com/gin-gonic/gin.(*Engine).ServeHTTP(0xc000268d00, {0x15e5d08, 0xc00017e000}, 0xc0000ca280)
	/home/dilshod/go/pkg/mod/github.com/gin-gonic/gin@v1.10.0/gin.go:589 +0x1b2
net/http.serverHandler.ServeHTTP({0xc000152870?}, {0x15e5d08?, 0xc00017e000?}, 0x6?)
	/home/dilshod/go/pkg/mod/golang.org/toolchain@v0.0.1-go1.23.5.linux-amd64/src/net/http/server.go:3210 +0x8e
net/http.(*conn).serve(0xc000162240, {0x15ea0c8, 0xc000152780})
	/home/dilshod/go/pkg/mod/golang.org/toolchain@v0.0.1-go1.23.5.linux-amd64/src/net/http/server.go:2092 +0x5d0
created by net/http.(*Server).Serve in goroutine 27
	/home/dilshod/go/pkg/mod/golang.org/toolchain@v0.0.1-go1.23.5.linux-amd64/src/net/http/server.go:3360 +0x485


sugurta/api.NewRouter.Recovery.func3.1
	/home/dilshod/Documents/ndc_ai/sugurta_go_api_geteway/api/middleware/recovery.go:31
runtime.gopanic
	/home/dilshod/go/pkg/mod/golang.org/toolchain@v0.0.1-go1.23.5.linux-amd64/src/runtime/panic.go:785
runtime.panicmem
	/home/dilshod/go/pkg/mod/golang.org/toolchain@v0.0.1-go1.23.5.linux-amd64/src/runtime/panic.go:262
runtime.sigpanic
	/home/dilshod/go/pkg/mod/golang.org/toolchain@v0.0.1-go1.23.5.linux-amd64/src/runtime/signal_unix.go:917
github.com/Masterminds/squirrel.(*selectData).ToSql
	/home/dilshod/go/pkg/mod/github.com/!masterminds/squirrel@v1.5.4/select.go:60
github.com/Masterminds/squirrel.SelectBuilder.ToSql
	/home/dilshod/go/pkg/mod/github.com/!masterminds/squirrel@v1.5.4/select.go:218
sugurta/internal/infrastructure/repository/postgresql.(*OrderRepo).List
	/home/dilshod/Documents/ndc_ai/sugurta_go_api_geteway/internal/infrastructure/repository/postgresql/order.go:124
sugurta/internal/usecase/order.(*orderService).List
	/home/dilshod/Documents/ndc_ai/sugurta_go_api_geteway/internal/usecase/order/order.go:66
sugurta/api/handlers/v1.(*OrderRoutes).listOrders
	/home/dilshod/Documents/ndc_ai/sugurta_go_api_geteway/api/handlers/v1/order.go:138
github.com/gin-gonic/gin.(*Context).Next
	/home/dilshod/go/pkg/mod/github.com/gin-gonic/gin@v1.10.0/context.go:185
sugurta/api.NewRouter.Recovery.func3
	/home/dilshod/Documents/ndc_ai/sugurta_go_api_geteway/api/middleware/recovery.go:40
github.com/gin-gonic/gin.(*Context).Next
	/home/dilshod/go/pkg/mod/github.com/gin-gonic/gin@v1.10.0/context.go:185
sugurta/api.NewRouter.Logger.func2
	/home/dilshod/Documents/ndc_ai/sugurta_go_api_geteway/api/middleware/logger.go:25
github.com/gin-gonic/gin.(*Context).Next
	/home/dilshod/go/pkg/mod/github.com/gin-gonic/gin@v1.10.0/context.go:185
github.com/gin-gonic/gin.CustomRecoveryWithWriter.func1
	/home/dilshod/go/pkg/mod/github.com/gin-gonic/gin@v1.10.0/recovery.go:102
github.com/gin-gonic/gin.(*Context).Next
	/home/dilshod/go/pkg/mod/github.com/gin-gonic/gin@v1.10.0/context.go:185
github.com/gin-gonic/gin.LoggerWithConfig.func1
	/home/dilshod/go/pkg/mod/github.com/gin-gonic/gin@v1.10.0/logger.go:249
github.com/gin-gonic/gin.(*Context).Next
	/home/dilshod/go/pkg/mod/github.com/gin-gonic/gin@v1.10.0/context.go:185
github.com/gin-gonic/gin.(*Engine).handleHTTPRequest
	/home/dilshod/go/pkg/mod/github.com/gin-gonic/gin@v1.10.0/gin.go:633
github.com/gin-gonic/gin.(*Engine).ServeHTTP
	/home/dilshod/go/pkg/mod/github.com/gin-gonic/gin@v1.10.0/gin.go:589
net/http.serverHandler.ServeHTTP
	/home/dilshod/go/pkg/mod/golang.org/toolchain@v0.0.1-go1.23.5.linux-amd64/src/net/http/server.go:3210
net/http.(*conn).serve
	/home/dilshod/go/pkg/mod/golang.org/toolchain@v0.0.1-go1.23.5.linux-amd64/src/net/http/server.go:2092
2025-04-08T15:12:36.325+0500	INFO	middleware/logger.go:26	127.0.0.1 - GET /v1/orders/?limit=10&offset=0&filter=11 
2025-04-08T15:12:50.381+0500	INFO	app/main.go:40	api gateway service stops
2025-04-08T15:12:50.382+0500	ERROR	app/main.go:31	app run	{"error": "http: Server closed"}
main.main.func1
	/home/dilshod/Documents/ndc_ai/sugurta_go_api_geteway/cmd/app/main.go:31
2025-04-08T15:12:51.576+0500	INFO	app/main.go:29	Listen: 	{"address": "localhost:8080"}
2025-04-08T15:12:53.443+0500	ERROR	middleware/recovery.go:31	127.0.0.1 - GET /v1/orders/?limit=10&offset=0&filter=11 PANIC DETECTED: runtime error: invalid memory address or nil pointer dereference
goroutine 36 [running]:
runtime/debug.Stack()
	/home/dilshod/go/pkg/mod/golang.org/toolchain@v0.0.1-go1.23.5.linux-amd64/src/runtime/debug/stack.go:26 +0x5e
sugurta/api/middleware.buildPanicMessage(0xc000c42000, {0x124f4e0, 0x27a3190})
	/home/dilshod/Documents/ndc_ai/sugurta_go_api_geteway/api/middleware/recovery.go:21 +0x4b4
sugurta/api.NewRouter.Recovery.func3.1()
	/home/dilshod/Documents/ndc_ai/sugurta_go_api_geteway/api/middleware/recovery.go:31 +0x47
panic({0x124f4e0?, 0x27a3190?})
	/home/dilshod/go/pkg/mod/golang.org/toolchain@v0.0.1-go1.23.5.linux-amd64/src/runtime/panic.go:785 +0x132
github.com/Masterminds/squirrel.(*selectData).ToSql(0xc000c1aff0)
	/home/dilshod/go/pkg/mod/github.com/!masterminds/squirrel@v1.5.4/select.go:60 +0x3e
github.com/Masterminds/squirrel.SelectBuilder.ToSql({{0x15f21b8, 0xc00020a460}})
	/home/dilshod/go/pkg/mod/github.com/!masterminds/squirrel@v1.5.4/select.go:218 +0xfd
sugurta/internal/infrastructure/repository/postgresql.(*OrderRepo).List(0xc0005ee678, {0x15ea170, 0xc00020a070}, 0xa, 0x0, 0xc000c0a510)
	/home/dilshod/Documents/ndc_ai/sugurta_go_api_geteway/internal/infrastructure/repository/postgresql/order.go:124 +0x325
sugurta/internal/usecase/order.(*orderService).List(0xc0005ee690, {0x15ea588?, 0xc000c42000?}, 0xa, 0x0, 0xc000c0a510)
	/home/dilshod/Documents/ndc_ai/sugurta_go_api_geteway/internal/usecase/order/order.go:66 +0x14d
sugurta/api/handlers/v1.(*OrderRoutes).listOrders(0xc0005bc940, 0xc000c42000)
	/home/dilshod/Documents/ndc_ai/sugurta_go_api_geteway/api/handlers/v1/order.go:138 +0x2b1
github.com/gin-gonic/gin.(*Context).Next(0xc000c42000)
	/home/dilshod/go/pkg/mod/github.com/gin-gonic/gin@v1.10.0/context.go:185 +0x2b
sugurta/api.NewRouter.Recovery.func3(0xc000c080c0?)
	/home/dilshod/Documents/ndc_ai/sugurta_go_api_geteway/api/middleware/recovery.go:40 +0x48
github.com/gin-gonic/gin.(*Context).Next(0xc000c42000)
	/home/dilshod/go/pkg/mod/github.com/gin-gonic/gin@v1.10.0/context.go:185 +0x2b
sugurta/api.NewRouter.Logger.func2(0xc000c42000)
	/home/dilshod/Documents/ndc_ai/sugurta_go_api_geteway/api/middleware/logger.go:25 +0x25
github.com/gin-gonic/gin.(*Context).Next(...)
	/home/dilshod/go/pkg/mod/github.com/gin-gonic/gin@v1.10.0/context.go:185
github.com/gin-gonic/gin.CustomRecoveryWithWriter.func1(0xc000c42000)
	/home/dilshod/go/pkg/mod/github.com/gin-gonic/gin@v1.10.0/recovery.go:102 +0x6f
github.com/gin-gonic/gin.(*Context).Next(...)
	/home/dilshod/go/pkg/mod/github.com/gin-gonic/gin@v1.10.0/context.go:185
github.com/gin-gonic/gin.LoggerWithConfig.func1(0xc000c42000)
	/home/dilshod/go/pkg/mod/github.com/gin-gonic/gin@v1.10.0/logger.go:249 +0xe5
github.com/gin-gonic/gin.(*Context).Next(...)
	/home/dilshod/go/pkg/mod/github.com/gin-gonic/gin@v1.10.0/context.go:185
github.com/gin-gonic/gin.(*Engine).handleHTTPRequest(0xc0000fa340, 0xc000c42000)
	/home/dilshod/go/pkg/mod/github.com/gin-gonic/gin@v1.10.0/gin.go:633 +0x892
github.com/gin-gonic/gin.(*Engine).ServeHTTP(0xc0000fa340, {0x15e5d08, 0xc000c40000}, 0xc000218280)
	/home/dilshod/go/pkg/mod/github.com/gin-gonic/gin@v1.10.0/gin.go:589 +0x1b2
net/http.serverHandler.ServeHTTP({0xc000c0a3f0?}, {0x15e5d08?, 0xc000c40000?}, 0x6?)
	/home/dilshod/go/pkg/mod/golang.org/toolchain@v0.0.1-go1.23.5.linux-amd64/src/net/http/server.go:3210 +0x8e
net/http.(*conn).serve(0xc000c32000, {0x15ea0c8, 0xc000c0a300})
	/home/dilshod/go/pkg/mod/golang.org/toolchain@v0.0.1-go1.23.5.linux-amd64/src/net/http/server.go:2092 +0x5d0
created by net/http.(*Server).Serve in goroutine 69
	/home/dilshod/go/pkg/mod/golang.org/toolchain@v0.0.1-go1.23.5.linux-amd64/src/net/http/server.go:3360 +0x485


sugurta/api.NewRouter.Recovery.func3.1
	/home/dilshod/Documents/ndc_ai/sugurta_go_api_geteway/api/middleware/recovery.go:31
runtime.gopanic
	/home/dilshod/go/pkg/mod/golang.org/toolchain@v0.0.1-go1.23.5.linux-amd64/src/runtime/panic.go:785
runtime.panicmem
	/home/dilshod/go/pkg/mod/golang.org/toolchain@v0.0.1-go1.23.5.linux-amd64/src/runtime/panic.go:262
runtime.sigpanic
	/home/dilshod/go/pkg/mod/golang.org/toolchain@v0.0.1-go1.23.5.linux-amd64/src/runtime/signal_unix.go:917
github.com/Masterminds/squirrel.(*selectData).ToSql
	/home/dilshod/go/pkg/mod/github.com/!masterminds/squirrel@v1.5.4/select.go:60
github.com/Masterminds/squirrel.SelectBuilder.ToSql
	/home/dilshod/go/pkg/mod/github.com/!masterminds/squirrel@v1.5.4/select.go:218
sugurta/internal/infrastructure/repository/postgresql.(*OrderRepo).List
	/home/dilshod/Documents/ndc_ai/sugurta_go_api_geteway/internal/infrastructure/repository/postgresql/order.go:124
sugurta/internal/usecase/order.(*orderService).List
	/home/dilshod/Documents/ndc_ai/sugurta_go_api_geteway/internal/usecase/order/order.go:66
sugurta/api/handlers/v1.(*OrderRoutes).listOrders
	/home/dilshod/Documents/ndc_ai/sugurta_go_api_geteway/api/handlers/v1/order.go:138
github.com/gin-gonic/gin.(*Context).Next
	/home/dilshod/go/pkg/mod/github.com/gin-gonic/gin@v1.10.0/context.go:185
sugurta/api.NewRouter.Recovery.func3
	/home/dilshod/Documents/ndc_ai/sugurta_go_api_geteway/api/middleware/recovery.go:40
github.com/gin-gonic/gin.(*Context).Next
	/home/dilshod/go/pkg/mod/github.com/gin-gonic/gin@v1.10.0/context.go:185
sugurta/api.NewRouter.Logger.func2
	/home/dilshod/Documents/ndc_ai/sugurta_go_api_geteway/api/middleware/logger.go:25
github.com/gin-gonic/gin.(*Context).Next
	/home/dilshod/go/pkg/mod/github.com/gin-gonic/gin@v1.10.0/context.go:185
github.com/gin-gonic/gin.CustomRecoveryWithWriter.func1
	/home/dilshod/go/pkg/mod/github.com/gin-gonic/gin@v1.10.0/recovery.go:102
github.com/gin-gonic/gin.(*Context).Next
	/home/dilshod/go/pkg/mod/github.com/gin-gonic/gin@v1.10.0/context.go:185
github.com/gin-gonic/gin.LoggerWithConfig.func1
	/home/dilshod/go/pkg/mod/github.com/gin-gonic/gin@v1.10.0/logger.go:249
github.com/gin-gonic/gin.(*Context).Next
	/home/dilshod/go/pkg/mod/github.com/gin-gonic/gin@v1.10.0/context.go:185
github.com/gin-gonic/gin.(*Engine).handleHTTPRequest
	/home/dilshod/go/pkg/mod/github.com/gin-gonic/gin@v1.10.0/gin.go:633
github.com/gin-gonic/gin.(*Engine).ServeHTTP
	/home/dilshod/go/pkg/mod/github.com/gin-gonic/gin@v1.10.0/gin.go:589
net/http.serverHandler.ServeHTTP
	/home/dilshod/go/pkg/mod/golang.org/toolchain@v0.0.1-go1.23.5.linux-amd64/src/net/http/server.go:3210
net/http.(*conn).serve
	/home/dilshod/go/pkg/mod/golang.org/toolchain@v0.0.1-go1.23.5.linux-amd64/src/net/http/server.go:2092
2025-04-08T15:12:53.443+0500	INFO	middleware/logger.go:26	127.0.0.1 - GET /v1/orders/?limit=10&offset=0&filter=11 
2025-04-08T15:13:32.930+0500	ERROR	middleware/recovery.go:31	127.0.0.1 - GET /v1/orders/?limit=10&offset=0&filter=id PANIC DETECTED: runtime error: invalid memory address or nil pointer dereference
goroutine 36 [running]:
runtime/debug.Stack()
	/home/dilshod/go/pkg/mod/golang.org/toolchain@v0.0.1-go1.23.5.linux-amd64/src/runtime/debug/stack.go:26 +0x5e
sugurta/api/middleware.buildPanicMessage(0xc000672200, {0x124f4e0, 0x27a3190})
	/home/dilshod/Documents/ndc_ai/sugurta_go_api_geteway/api/middleware/recovery.go:21 +0x4b4
sugurta/api.NewRouter.Recovery.func3.1()
	/home/dilshod/Documents/ndc_ai/sugurta_go_api_geteway/api/middleware/recovery.go:31 +0x47
panic({0x124f4e0?, 0x27a3190?})
	/home/dilshod/go/pkg/mod/golang.org/toolchain@v0.0.1-go1.23.5.linux-amd64/src/runtime/panic.go:785 +0x132
github.com/Masterminds/squirrel.(*selectData).ToSql(0xc000c1aff0)
	/home/dilshod/go/pkg/mod/github.com/!masterminds/squirrel@v1.5.4/select.go:60 +0x3e
github.com/Masterminds/squirrel.SelectBuilder.ToSql({{0x15f21b8, 0xc000216310}})
	/home/dilshod/go/pkg/mod/github.com/!masterminds/squirrel@v1.5.4/select.go:218 +0xfd
sugurta/internal/infrastructure/repository/postgresql.(*OrderRepo).List(0xc0005ee678, {0x15ea170, 0xc0001fbe30}, 0xa, 0x0, 0xc00065ba10)
	/home/dilshod/Documents/ndc_ai/sugurta_go_api_geteway/internal/infrastructure/repository/postgresql/order.go:124 +0x325
sugurta/internal/usecase/order.(*orderService).List(0xc0005ee690, {0x15ea588?, 0xc000672200?}, 0xa, 0x0, 0xc00065ba10)
	/home/dilshod/Documents/ndc_ai/sugurta_go_api_geteway/internal/usecase/order/order.go:66 +0x14d
sugurta/api/handlers/v1.(*OrderRoutes).listOrders(0xc0005bc940, 0xc000672200)
	/home/dilshod/Documents/ndc_ai/sugurta_go_api_geteway/api/handlers/v1/order.go:138 +0x2b1
github.com/gin-gonic/gin.(*Context).Next(0xc000672200)
	/home/dilshod/go/pkg/mod/github.com/gin-gonic/gin@v1.10.0/context.go:185 +0x2b
sugurta/api.NewRouter.Recovery.func3(0xc0001b6100?)
	/home/dilshod/Documents/ndc_ai/sugurta_go_api_geteway/api/middleware/recovery.go:40 +0x48
github.com/gin-gonic/gin.(*Context).Next(0xc000672200)
	/home/dilshod/go/pkg/mod/github.com/gin-gonic/gin@v1.10.0/context.go:185 +0x2b
sugurta/api.NewRouter.Logger.func2(0xc000672200)
	/home/dilshod/Documents/ndc_ai/sugurta_go_api_geteway/api/middleware/logger.go:25 +0x25
github.com/gin-gonic/gin.(*Context).Next(...)
	/home/dilshod/go/pkg/mod/github.com/gin-gonic/gin@v1.10.0/context.go:185
github.com/gin-gonic/gin.CustomRecoveryWithWriter.func1(0xc000672200)
	/home/dilshod/go/pkg/mod/github.com/gin-gonic/gin@v1.10.0/recovery.go:102 +0x6f
github.com/gin-gonic/gin.(*Context).Next(...)
	/home/dilshod/go/pkg/mod/github.com/gin-gonic/gin@v1.10.0/context.go:185
github.com/gin-gonic/gin.LoggerWithConfig.func1(0xc000672200)
	/home/dilshod/go/pkg/mod/github.com/gin-gonic/gin@v1.10.0/logger.go:249 +0xe5
github.com/gin-gonic/gin.(*Context).Next(...)
	/home/dilshod/go/pkg/mod/github.com/gin-gonic/gin@v1.10.0/context.go:185
github.com/gin-gonic/gin.(*Engine).handleHTTPRequest(0xc0000fa340, 0xc000672200)
	/home/dilshod/go/pkg/mod/github.com/gin-gonic/gin@v1.10.0/gin.go:633 +0x892
github.com/gin-gonic/gin.(*Engine).ServeHTTP(0xc0000fa340, {0x15e5d08, 0xc0002701c0}, 0xc0000ca280)
	/home/dilshod/go/pkg/mod/github.com/gin-gonic/gin@v1.10.0/gin.go:589 +0x1b2
net/http.serverHandler.ServeHTTP({0xc000c0a3f0?}, {0x15e5d08?, 0xc0002701c0?}, 0x6?)
	/home/dilshod/go/pkg/mod/golang.org/toolchain@v0.0.1-go1.23.5.linux-amd64/src/net/http/server.go:3210 +0x8e
net/http.(*conn).serve(0xc000c32000, {0x15ea0c8, 0xc000c0a300})
	/home/dilshod/go/pkg/mod/golang.org/toolchain@v0.0.1-go1.23.5.linux-amd64/src/net/http/server.go:2092 +0x5d0
created by net/http.(*Server).Serve in goroutine 69
	/home/dilshod/go/pkg/mod/golang.org/toolchain@v0.0.1-go1.23.5.linux-amd64/src/net/http/server.go:3360 +0x485


sugurta/api.NewRouter.Recovery.func3.1
	/home/dilshod/Documents/ndc_ai/sugurta_go_api_geteway/api/middleware/recovery.go:31
runtime.gopanic
	/home/dilshod/go/pkg/mod/golang.org/toolchain@v0.0.1-go1.23.5.linux-amd64/src/runtime/panic.go:785
runtime.panicmem
	/home/dilshod/go/pkg/mod/golang.org/toolchain@v0.0.1-go1.23.5.linux-amd64/src/runtime/panic.go:262
runtime.sigpanic
	/home/dilshod/go/pkg/mod/golang.org/toolchain@v0.0.1-go1.23.5.linux-amd64/src/runtime/signal_unix.go:917
github.com/Masterminds/squirrel.(*selectData).ToSql
	/home/dilshod/go/pkg/mod/github.com/!masterminds/squirrel@v1.5.4/select.go:60
github.com/Masterminds/squirrel.SelectBuilder.ToSql
	/home/dilshod/go/pkg/mod/github.com/!masterminds/squirrel@v1.5.4/select.go:218
sugurta/internal/infrastructure/repository/postgresql.(*OrderRepo).List
	/home/dilshod/Documents/ndc_ai/sugurta_go_api_geteway/internal/infrastructure/repository/postgresql/order.go:124
sugurta/internal/usecase/order.(*orderService).List
	/home/dilshod/Documents/ndc_ai/sugurta_go_api_geteway/internal/usecase/order/order.go:66
sugurta/api/handlers/v1.(*OrderRoutes).listOrders
	/home/dilshod/Documents/ndc_ai/sugurta_go_api_geteway/api/handlers/v1/order.go:138
github.com/gin-gonic/gin.(*Context).Next
	/home/dilshod/go/pkg/mod/github.com/gin-gonic/gin@v1.10.0/context.go:185
sugurta/api.NewRouter.Recovery.func3
	/home/dilshod/Documents/ndc_ai/sugurta_go_api_geteway/api/middleware/recovery.go:40
github.com/gin-gonic/gin.(*Context).Next
	/home/dilshod/go/pkg/mod/github.com/gin-gonic/gin@v1.10.0/context.go:185
sugurta/api.NewRouter.Logger.func2
	/home/dilshod/Documents/ndc_ai/sugurta_go_api_geteway/api/middleware/logger.go:25
github.com/gin-gonic/gin.(*Context).Next
	/home/dilshod/go/pkg/mod/github.com/gin-gonic/gin@v1.10.0/context.go:185
github.com/gin-gonic/gin.CustomRecoveryWithWriter.func1
	/home/dilshod/go/pkg/mod/github.com/gin-gonic/gin@v1.10.0/recovery.go:102
github.com/gin-gonic/gin.(*Context).Next
	/home/dilshod/go/pkg/mod/github.com/gin-gonic/gin@v1.10.0/context.go:185
github.com/gin-gonic/gin.LoggerWithConfig.func1
	/home/dilshod/go/pkg/mod/github.com/gin-gonic/gin@v1.10.0/logger.go:249
github.com/gin-gonic/gin.(*Context).Next
	/home/dilshod/go/pkg/mod/github.com/gin-gonic/gin@v1.10.0/context.go:185
github.com/gin-gonic/gin.(*Engine).handleHTTPRequest
	/home/dilshod/go/pkg/mod/github.com/gin-gonic/gin@v1.10.0/gin.go:633
github.com/gin-gonic/gin.(*Engine).ServeHTTP
	/home/dilshod/go/pkg/mod/github.com/gin-gonic/gin@v1.10.0/gin.go:589
net/http.serverHandler.ServeHTTP
	/home/dilshod/go/pkg/mod/golang.org/toolchain@v0.0.1-go1.23.5.linux-amd64/src/net/http/server.go:3210
net/http.(*conn).serve
	/home/dilshod/go/pkg/mod/golang.org/toolchain@v0.0.1-go1.23.5.linux-amd64/src/net/http/server.go:2092
2025-04-08T15:13:32.930+0500	INFO	middleware/logger.go:26	127.0.0.1 - GET /v1/orders/?limit=10&offset=0&filter=id 
2025-04-08T15:13:54.010+0500	INFO	app/main.go:40	api gateway service stops
2025-04-08T15:13:54.010+0500	ERROR	app/main.go:31	app run	{"error": "http: Server closed"}
main.main.func1
	/home/dilshod/Documents/ndc_ai/sugurta_go_api_geteway/cmd/app/main.go:31
2025-04-08T15:13:55.236+0500	INFO	app/main.go:29	Listen: 	{"address": "localhost:8080"}
2025-04-08T15:13:56.736+0500	ERROR	middleware/recovery.go:31	127.0.0.1 - GET /v1/orders/?limit=10&offset=0&filter=id PANIC DETECTED: runtime error: invalid memory address or nil pointer dereference
goroutine 99 [running]:
runtime/debug.Stack()
	/home/dilshod/go/pkg/mod/golang.org/toolchain@v0.0.1-go1.23.5.linux-amd64/src/runtime/debug/stack.go:26 +0x5e
sugurta/api/middleware.buildPanicMessage(0xc000c44000, {0x124f4e0, 0x27a3190})
	/home/dilshod/Documents/ndc_ai/sugurta_go_api_geteway/api/middleware/recovery.go:21 +0x4b4
sugurta/api.NewRouter.Recovery.func3.1()
	/home/dilshod/Documents/ndc_ai/sugurta_go_api_geteway/api/middleware/recovery.go:31 +0x47
panic({0x124f4e0?, 0x27a3190?})
	/home/dilshod/go/pkg/mod/golang.org/toolchain@v0.0.1-go1.23.5.linux-amd64/src/runtime/panic.go:785 +0x132
github.com/Masterminds/squirrel.(*selectData).ToSql(0xc000c1cfd0)
	/home/dilshod/go/pkg/mod/github.com/!masterminds/squirrel@v1.5.4/select.go:60 +0x3e
github.com/Masterminds/squirrel.SelectBuilder.ToSql({{0x15f21f8, 0xc0002405b0}})
	/home/dilshod/go/pkg/mod/github.com/!masterminds/squirrel@v1.5.4/select.go:218 +0xfd
sugurta/internal/infrastructure/repository/postgresql.(*OrderRepo).List(0xc00012d188, {0x15ea1b0, 0xc000240070}, 0xa, 0x0, 0xc000c0c510)
	/home/dilshod/Documents/ndc_ai/sugurta_go_api_geteway/internal/infrastructure/repository/postgresql/order.go:125 +0x3c5
sugurta/internal/usecase/order.(*orderService).List(0xc00012d1a0, {0x15ea5c8?, 0xc000c44000?}, 0xa, 0x0, 0xc000c0c510)
	/home/dilshod/Documents/ndc_ai/sugurta_go_api_geteway/internal/usecase/order/order.go:66 +0x14d
sugurta/api/handlers/v1.(*OrderRoutes).listOrders(0xc0005e6c00, 0xc000c44000)
	/home/dilshod/Documents/ndc_ai/sugurta_go_api_geteway/api/handlers/v1/order.go:138 +0x2b1
github.com/gin-gonic/gin.(*Context).Next(0xc000c44000)
	/home/dilshod/go/pkg/mod/github.com/gin-gonic/gin@v1.10.0/context.go:185 +0x2b
sugurta/api.NewRouter.Recovery.func3(0xc000c0a0c0?)
	/home/dilshod/Documents/ndc_ai/sugurta_go_api_geteway/api/middleware/recovery.go:40 +0x48
github.com/gin-gonic/gin.(*Context).Next(0xc000c44000)
	/home/dilshod/go/pkg/mod/github.com/gin-gonic/gin@v1.10.0/context.go:185 +0x2b
sugurta/api.NewRouter.Logger.func2(0xc000c44000)
	/home/dilshod/Documents/ndc_ai/sugurta_go_api_geteway/api/middleware/logger.go:25 +0x25
github.com/gin-gonic/gin.(*Context).Next(...)
	/home/dilshod/go/pkg/mod/github.com/gin-gonic/gin@v1.10.0/context.go:185
github.com/gin-gonic/gin.CustomRecoveryWithWriter.func1(0xc000c44000)
	/home/dilshod/go/pkg/mod/github.com/gin-gonic/gin@v1.10.0/recovery.go:102 +0x6f
github.com/gin-gonic/gin.(*Context).Next(...)
	/home/dilshod/go/pkg/mod/github.com/gin-gonic/gin@v1.10.0/context.go:185
github.com/gin-gonic/gin.LoggerWithConfig.func1(0xc000c44000)
	/home/dilshod/go/pkg/mod/github.com/gin-gonic/gin@v1.10.0/logger.go:249 +0xe5
github.com/gin-gonic/gin.(*Context).Next(...)
	/home/dilshod/go/pkg/mod/github.com/gin-gonic/gin@v1.10.0/context.go:185
github.com/gin-gonic/gin.(*Engine).handleHTTPRequest(0xc0002649c0, 0xc000c44000)
	/home/dilshod/go/pkg/mod/github.com/gin-gonic/gin@v1.10.0/gin.go:633 +0x892
github.com/gin-gonic/gin.(*Engine).ServeHTTP(0xc0002649c0, {0x15e5d48, 0xc000c42000}, 0xc0002183c0)
	/home/dilshod/go/pkg/mod/github.com/gin-gonic/gin@v1.10.0/gin.go:589 +0x1b2
net/http.serverHandler.ServeHTTP({0xc000c0c3f0?}, {0x15e5d48?, 0xc000c42000?}, 0x6?)
	/home/dilshod/go/pkg/mod/golang.org/toolchain@v0.0.1-go1.23.5.linux-amd64/src/net/http/server.go:3210 +0x8e
net/http.(*conn).serve(0xc000c34000, {0x15ea108, 0xc000c0c300})
	/home/dilshod/go/pkg/mod/golang.org/toolchain@v0.0.1-go1.23.5.linux-amd64/src/net/http/server.go:2092 +0x5d0
created by net/http.(*Server).Serve in goroutine 63
	/home/dilshod/go/pkg/mod/golang.org/toolchain@v0.0.1-go1.23.5.linux-amd64/src/net/http/server.go:3360 +0x485


sugurta/api.NewRouter.Recovery.func3.1
	/home/dilshod/Documents/ndc_ai/sugurta_go_api_geteway/api/middleware/recovery.go:31
runtime.gopanic
	/home/dilshod/go/pkg/mod/golang.org/toolchain@v0.0.1-go1.23.5.linux-amd64/src/runtime/panic.go:785
runtime.panicmem
	/home/dilshod/go/pkg/mod/golang.org/toolchain@v0.0.1-go1.23.5.linux-amd64/src/runtime/panic.go:262
runtime.sigpanic
	/home/dilshod/go/pkg/mod/golang.org/toolchain@v0.0.1-go1.23.5.linux-amd64/src/runtime/signal_unix.go:917
github.com/Masterminds/squirrel.(*selectData).ToSql
	/home/dilshod/go/pkg/mod/github.com/!masterminds/squirrel@v1.5.4/select.go:60
github.com/Masterminds/squirrel.SelectBuilder.ToSql
	/home/dilshod/go/pkg/mod/github.com/!masterminds/squirrel@v1.5.4/select.go:218
sugurta/internal/infrastructure/repository/postgresql.(*OrderRepo).List
	/home/dilshod/Documents/ndc_ai/sugurta_go_api_geteway/internal/infrastructure/repository/postgresql/order.go:125
sugurta/internal/usecase/order.(*orderService).List
	/home/dilshod/Documents/ndc_ai/sugurta_go_api_geteway/internal/usecase/order/order.go:66
sugurta/api/handlers/v1.(*OrderRoutes).listOrders
	/home/dilshod/Documents/ndc_ai/sugurta_go_api_geteway/api/handlers/v1/order.go:138
github.com/gin-gonic/gin.(*Context).Next
	/home/dilshod/go/pkg/mod/github.com/gin-gonic/gin@v1.10.0/context.go:185
sugurta/api.NewRouter.Recovery.func3
	/home/dilshod/Documents/ndc_ai/sugurta_go_api_geteway/api/middleware/recovery.go:40
github.com/gin-gonic/gin.(*Context).Next
	/home/dilshod/go/pkg/mod/github.com/gin-gonic/gin@v1.10.0/context.go:185
sugurta/api.NewRouter.Logger.func2
	/home/dilshod/Documents/ndc_ai/sugurta_go_api_geteway/api/middleware/logger.go:25
github.com/gin-gonic/gin.(*Context).Next
	/home/dilshod/go/pkg/mod/github.com/gin-gonic/gin@v1.10.0/context.go:185
github.com/gin-gonic/gin.CustomRecoveryWithWriter.func1
	/home/dilshod/go/pkg/mod/github.com/gin-gonic/gin@v1.10.0/recovery.go:102
github.com/gin-gonic/gin.(*Context).Next
	/home/dilshod/go/pkg/mod/github.com/gin-gonic/gin@v1.10.0/context.go:185
github.com/gin-gonic/gin.LoggerWithConfig.func1
	/home/dilshod/go/pkg/mod/github.com/gin-gonic/gin@v1.10.0/logger.go:249
github.com/gin-gonic/gin.(*Context).Next
	/home/dilshod/go/pkg/mod/github.com/gin-gonic/gin@v1.10.0/context.go:185
github.com/gin-gonic/gin.(*Engine).handleHTTPRequest
	/home/dilshod/go/pkg/mod/github.com/gin-gonic/gin@v1.10.0/gin.go:633
github.com/gin-gonic/gin.(*Engine).ServeHTTP
	/home/dilshod/go/pkg/mod/github.com/gin-gonic/gin@v1.10.0/gin.go:589
net/http.serverHandler.ServeHTTP
	/home/dilshod/go/pkg/mod/golang.org/toolchain@v0.0.1-go1.23.5.linux-amd64/src/net/http/server.go:3210
net/http.(*conn).serve
	/home/dilshod/go/pkg/mod/golang.org/toolchain@v0.0.1-go1.23.5.linux-amd64/src/net/http/server.go:2092
2025-04-08T15:13:56.736+0500	INFO	middleware/logger.go:26	127.0.0.1 - GET /v1/orders/?limit=10&offset=0&filter=id 
2025-04-08T15:14:25.972+0500	INFO	app/main.go:40	api gateway service stops
2025-04-08T15:14:25.972+0500	ERROR	app/main.go:31	app run	{"error": "http: Server closed"}
main.main.func1
	/home/dilshod/Documents/ndc_ai/sugurta_go_api_geteway/cmd/app/main.go:31
2025-04-08T15:14:27.286+0500	INFO	app/main.go:29	Listen: 	{"address": "localhost:8080"}
2025-04-08T15:14:28.842+0500	ERROR	middleware/recovery.go:31	127.0.0.1 - GET /v1/orders/?limit=10&offset=0&filter=id PANIC DETECTED: runtime error: invalid memory address or nil pointer dereference
goroutine 16 [running]:
runtime/debug.Stack()
	/home/dilshod/go/pkg/mod/golang.org/toolchain@v0.0.1-go1.23.5.linux-amd64/src/runtime/debug/stack.go:26 +0x5e
sugurta/api/middleware.buildPanicMessage(0xc0001c0500, {0x124f4e0, 0x27a3190})
	/home/dilshod/Documents/ndc_ai/sugurta_go_api_geteway/api/middleware/recovery.go:21 +0x4b4
sugurta/api.NewRouter.Recovery.func3.1()
	/home/dilshod/Documents/ndc_ai/sugurta_go_api_geteway/api/middleware/recovery.go:31 +0x47
panic({0x124f4e0?, 0x27a3190?})
	/home/dilshod/go/pkg/mod/golang.org/toolchain@v0.0.1-go1.23.5.linux-amd64/src/runtime/panic.go:785 +0x132
github.com/Masterminds/squirrel.(*selectData).ToSql(0xc0006f4fe8)
	/home/dilshod/go/pkg/mod/github.com/!masterminds/squirrel@v1.5.4/select.go:60 +0x3e
github.com/Masterminds/squirrel.SelectBuilder.ToSql({{0x15f2218, 0xc0001f2380}})
	/home/dilshod/go/pkg/mod/github.com/!masterminds/squirrel@v1.5.4/select.go:218 +0xfd
sugurta/internal/infrastructure/repository/postgresql.(*OrderRepo).List(0xc000012348, {0x15ea1d0, 0xc0001f2000}, 0xa, 0x0, 0xc0000f9740)
	/home/dilshod/Documents/ndc_ai/sugurta_go_api_geteway/internal/infrastructure/repository/postgresql/order.go:125 +0x44a
sugurta/internal/usecase/order.(*orderService).List(0xc000012360, {0x15ea5e8?, 0xc0001c0500?}, 0xa, 0x0, 0xc0000f9740)
	/home/dilshod/Documents/ndc_ai/sugurta_go_api_geteway/internal/usecase/order/order.go:66 +0x14d
sugurta/api/handlers/v1.(*OrderRoutes).listOrders(0xc000241c00, 0xc0001c0500)
	/home/dilshod/Documents/ndc_ai/sugurta_go_api_geteway/api/handlers/v1/order.go:138 +0x2b1
github.com/gin-gonic/gin.(*Context).Next(0xc0001c0500)
	/home/dilshod/go/pkg/mod/github.com/gin-gonic/gin@v1.10.0/context.go:185 +0x2b
sugurta/api.NewRouter.Recovery.func3(0xc000241e80?)
	/home/dilshod/Documents/ndc_ai/sugurta_go_api_geteway/api/middleware/recovery.go:40 +0x48
github.com/gin-gonic/gin.(*Context).Next(0xc0001c0500)
	/home/dilshod/go/pkg/mod/github.com/gin-gonic/gin@v1.10.0/context.go:185 +0x2b
sugurta/api.NewRouter.Logger.func2(0xc0001c0500)
	/home/dilshod/Documents/ndc_ai/sugurta_go_api_geteway/api/middleware/logger.go:25 +0x25
github.com/gin-gonic/gin.(*Context).Next(...)
	/home/dilshod/go/pkg/mod/github.com/gin-gonic/gin@v1.10.0/context.go:185
github.com/gin-gonic/gin.CustomRecoveryWithWriter.func1(0xc0001c0500)
	/home/dilshod/go/pkg/mod/github.com/gin-gonic/gin@v1.10.0/recovery.go:102 +0x6f
github.com/gin-gonic/gin.(*Context).Next(...)
	/home/dilshod/go/pkg/mod/github.com/gin-gonic/gin@v1.10.0/context.go:185
github.com/gin-gonic/gin.LoggerWithConfig.func1(0xc0001c0500)
	/home/dilshod/go/pkg/mod/github.com/gin-gonic/gin@v1.10.0/logger.go:249 +0xe5
github.com/gin-gonic/gin.(*Context).Next(...)
	/home/dilshod/go/pkg/mod/github.com/gin-gonic/gin@v1.10.0/context.go:185
github.com/gin-gonic/gin.(*Engine).handleHTTPRequest(0xc00026e4e0, 0xc0001c0500)
	/home/dilshod/go/pkg/mod/github.com/gin-gonic/gin@v1.10.0/gin.go:633 +0x892
github.com/gin-gonic/gin.(*Engine).ServeHTTP(0xc00026e4e0, {0x15e5d68, 0xc0001a2380}, 0xc000264c80)
	/home/dilshod/go/pkg/mod/github.com/gin-gonic/gin@v1.10.0/gin.go:589 +0x1b2
net/http.serverHandler.ServeHTTP({0xc0000f9620?}, {0x15e5d68?, 0xc0001a2380?}, 0x6?)
	/home/dilshod/go/pkg/mod/golang.org/toolchain@v0.0.1-go1.23.5.linux-amd64/src/net/http/server.go:3210 +0x8e
net/http.(*conn).serve(0xc00019b050, {0x15ea128, 0xc0000f9530})
	/home/dilshod/go/pkg/mod/golang.org/toolchain@v0.0.1-go1.23.5.linux-amd64/src/net/http/server.go:2092 +0x5d0
created by net/http.(*Server).Serve in goroutine 61
	/home/dilshod/go/pkg/mod/golang.org/toolchain@v0.0.1-go1.23.5.linux-amd64/src/net/http/server.go:3360 +0x485


sugurta/api.NewRouter.Recovery.func3.1
	/home/dilshod/Documents/ndc_ai/sugurta_go_api_geteway/api/middleware/recovery.go:31
runtime.gopanic
	/home/dilshod/go/pkg/mod/golang.org/toolchain@v0.0.1-go1.23.5.linux-amd64/src/runtime/panic.go:785
runtime.panicmem
	/home/dilshod/go/pkg/mod/golang.org/toolchain@v0.0.1-go1.23.5.linux-amd64/src/runtime/panic.go:262
runtime.sigpanic
	/home/dilshod/go/pkg/mod/golang.org/toolchain@v0.0.1-go1.23.5.linux-amd64/src/runtime/signal_unix.go:917
github.com/Masterminds/squirrel.(*selectData).ToSql
	/home/dilshod/go/pkg/mod/github.com/!masterminds/squirrel@v1.5.4/select.go:60
github.com/Masterminds/squirrel.SelectBuilder.ToSql
	/home/dilshod/go/pkg/mod/github.com/!masterminds/squirrel@v1.5.4/select.go:218
sugurta/internal/infrastructure/repository/postgresql.(*OrderRepo).List
	/home/dilshod/Documents/ndc_ai/sugurta_go_api_geteway/internal/infrastructure/repository/postgresql/order.go:125
sugurta/internal/usecase/order.(*orderService).List
	/home/dilshod/Documents/ndc_ai/sugurta_go_api_geteway/internal/usecase/order/order.go:66
sugurta/api/handlers/v1.(*OrderRoutes).listOrders
	/home/dilshod/Documents/ndc_ai/sugurta_go_api_geteway/api/handlers/v1/order.go:138
github.com/gin-gonic/gin.(*Context).Next
	/home/dilshod/go/pkg/mod/github.com/gin-gonic/gin@v1.10.0/context.go:185
sugurta/api.NewRouter.Recovery.func3
	/home/dilshod/Documents/ndc_ai/sugurta_go_api_geteway/api/middleware/recovery.go:40
github.com/gin-gonic/gin.(*Context).Next
	/home/dilshod/go/pkg/mod/github.com/gin-gonic/gin@v1.10.0/context.go:185
sugurta/api.NewRouter.Logger.func2
	/home/dilshod/Documents/ndc_ai/sugurta_go_api_geteway/api/middleware/logger.go:25
github.com/gin-gonic/gin.(*Context).Next
	/home/dilshod/go/pkg/mod/github.com/gin-gonic/gin@v1.10.0/context.go:185
github.com/gin-gonic/gin.CustomRecoveryWithWriter.func1
	/home/dilshod/go/pkg/mod/github.com/gin-gonic/gin@v1.10.0/recovery.go:102
github.com/gin-gonic/gin.(*Context).Next
	/home/dilshod/go/pkg/mod/github.com/gin-gonic/gin@v1.10.0/context.go:185
github.com/gin-gonic/gin.LoggerWithConfig.func1
	/home/dilshod/go/pkg/mod/github.com/gin-gonic/gin@v1.10.0/logger.go:249
github.com/gin-gonic/gin.(*Context).Next
	/home/dilshod/go/pkg/mod/github.com/gin-gonic/gin@v1.10.0/context.go:185
github.com/gin-gonic/gin.(*Engine).handleHTTPRequest
	/home/dilshod/go/pkg/mod/github.com/gin-gonic/gin@v1.10.0/gin.go:633
github.com/gin-gonic/gin.(*Engine).ServeHTTP
	/home/dilshod/go/pkg/mod/github.com/gin-gonic/gin@v1.10.0/gin.go:589
net/http.serverHandler.ServeHTTP
	/home/dilshod/go/pkg/mod/golang.org/toolchain@v0.0.1-go1.23.5.linux-amd64/src/net/http/server.go:3210
net/http.(*conn).serve
	/home/dilshod/go/pkg/mod/golang.org/toolchain@v0.0.1-go1.23.5.linux-amd64/src/net/http/server.go:2092
2025-04-08T15:14:28.843+0500	INFO	middleware/logger.go:26	127.0.0.1 - GET /v1/orders/?limit=10&offset=0&filter=id 
2025-04-08T15:15:10.686+0500	INFO	app/main.go:40	api gateway service stops
2025-04-08T15:15:10.686+0500	ERROR	app/main.go:31	app run	{"error": "http: Server closed"}
main.main.func1
	/home/dilshod/Documents/ndc_ai/sugurta_go_api_geteway/cmd/app/main.go:31
2025-04-08T15:15:11.980+0500	INFO	app/main.go:29	Listen: 	{"address": "localhost:8080"}
2025-04-08T15:15:13.490+0500	ERROR	middleware/recovery.go:31	127.0.0.1 - GET /v1/orders/?limit=10&offset=0&filter=id PANIC DETECTED: runtime error: invalid memory address or nil pointer dereference
goroutine 50 [running]:
runtime/debug.Stack()
	/home/dilshod/go/pkg/mod/golang.org/toolchain@v0.0.1-go1.23.5.linux-amd64/src/runtime/debug/stack.go:26 +0x5e
sugurta/api/middleware.buildPanicMessage(0xc000654200, {0x124f4e0, 0x27a3190})
	/home/dilshod/Documents/ndc_ai/sugurta_go_api_geteway/api/middleware/recovery.go:21 +0x4b4
sugurta/api.NewRouter.Recovery.func3.1()
	/home/dilshod/Documents/ndc_ai/sugurta_go_api_geteway/api/middleware/recovery.go:31 +0x47
panic({0x124f4e0?, 0x27a3190?})
	/home/dilshod/go/pkg/mod/golang.org/toolchain@v0.0.1-go1.23.5.linux-amd64/src/runtime/panic.go:785 +0x132
github.com/Masterminds/squirrel.(*selectData).ToSql(0xc00066efb0)
	/home/dilshod/go/pkg/mod/github.com/!masterminds/squirrel@v1.5.4/select.go:60 +0x3e
github.com/Masterminds/squirrel.SelectBuilder.ToSql({{0x15f2278, 0xc0001fd490}})
	/home/dilshod/go/pkg/mod/github.com/!masterminds/squirrel@v1.5.4/select.go:218 +0xfd
sugurta/internal/infrastructure/repository/postgresql.(*OrderRepo).List(0xc000028270, {0x15ea230, 0xc0001fcee0}, 0xa, 0x0, 0xc00055bd10)
	/home/dilshod/Documents/ndc_ai/sugurta_go_api_geteway/internal/infrastructure/repository/postgresql/order.go:125 +0x44e
sugurta/internal/usecase/order.(*orderService).List(0xc000028288, {0x15ea648?, 0xc000654200?}, 0xa, 0x0, 0xc00055bd10)
	/home/dilshod/Documents/ndc_ai/sugurta_go_api_geteway/internal/usecase/order/order.go:66 +0x14d
sugurta/api/handlers/v1.(*OrderRoutes).listOrders(0xc000566ac0, 0xc000654200)
	/home/dilshod/Documents/ndc_ai/sugurta_go_api_geteway/api/handlers/v1/order.go:138 +0x2b1
github.com/gin-gonic/gin.(*Context).Next(0xc000654200)
	/home/dilshod/go/pkg/mod/github.com/gin-gonic/gin@v1.10.0/context.go:185 +0x2b
sugurta/api.NewRouter.Recovery.func3(0xc0001b6180?)
	/home/dilshod/Documents/ndc_ai/sugurta_go_api_geteway/api/middleware/recovery.go:40 +0x48
github.com/gin-gonic/gin.(*Context).Next(0xc000654200)
	/home/dilshod/go/pkg/mod/github.com/gin-gonic/gin@v1.10.0/context.go:185 +0x2b
sugurta/api.NewRouter.Logger.func2(0xc000654200)
	/home/dilshod/Documents/ndc_ai/sugurta_go_api_geteway/api/middleware/logger.go:25 +0x25
github.com/gin-gonic/gin.(*Context).Next(...)
	/home/dilshod/go/pkg/mod/github.com/gin-gonic/gin@v1.10.0/context.go:185
github.com/gin-gonic/gin.CustomRecoveryWithWriter.func1(0xc000654200)
	/home/dilshod/go/pkg/mod/github.com/gin-gonic/gin@v1.10.0/recovery.go:102 +0x6f
github.com/gin-gonic/gin.(*Context).Next(...)
	/home/dilshod/go/pkg/mod/github.com/gin-gonic/gin@v1.10.0/context.go:185
github.com/gin-gonic/gin.LoggerWithConfig.func1(0xc000654200)
	/home/dilshod/go/pkg/mod/github.com/gin-gonic/gin@v1.10.0/logger.go:249 +0xe5
github.com/gin-gonic/gin.(*Context).Next(...)
	/home/dilshod/go/pkg/mod/github.com/gin-gonic/gin@v1.10.0/context.go:185
github.com/gin-gonic/gin.(*Engine).handleHTTPRequest(0xc0000fa1a0, 0xc000654200)
	/home/dilshod/go/pkg/mod/github.com/gin-gonic/gin@v1.10.0/gin.go:633 +0x892
github.com/gin-gonic/gin.(*Engine).ServeHTTP(0xc0000fa1a0, {0x15e5dc8, 0xc0000241c0}, 0xc0000ca3c0)
	/home/dilshod/go/pkg/mod/github.com/gin-gonic/gin@v1.10.0/gin.go:589 +0x1b2
net/http.serverHandler.ServeHTTP({0xc00055bbf0?}, {0x15e5dc8?, 0xc0000241c0?}, 0x6?)
	/home/dilshod/go/pkg/mod/golang.org/toolchain@v0.0.1-go1.23.5.linux-amd64/src/net/http/server.go:3210 +0x8e
net/http.(*conn).serve(0xc000570240, {0x15ea188, 0xc00055bb00})
	/home/dilshod/go/pkg/mod/golang.org/toolchain@v0.0.1-go1.23.5.linux-amd64/src/net/http/server.go:2092 +0x5d0
created by net/http.(*Server).Serve in goroutine 45
	/home/dilshod/go/pkg/mod/golang.org/toolchain@v0.0.1-go1.23.5.linux-amd64/src/net/http/server.go:3360 +0x485


sugurta/api.NewRouter.Recovery.func3.1
	/home/dilshod/Documents/ndc_ai/sugurta_go_api_geteway/api/middleware/recovery.go:31
runtime.gopanic
	/home/dilshod/go/pkg/mod/golang.org/toolchain@v0.0.1-go1.23.5.linux-amd64/src/runtime/panic.go:785
runtime.panicmem
	/home/dilshod/go/pkg/mod/golang.org/toolchain@v0.0.1-go1.23.5.linux-amd64/src/runtime/panic.go:262
runtime.sigpanic
	/home/dilshod/go/pkg/mod/golang.org/toolchain@v0.0.1-go1.23.5.linux-amd64/src/runtime/signal_unix.go:917
github.com/Masterminds/squirrel.(*selectData).ToSql
	/home/dilshod/go/pkg/mod/github.com/!masterminds/squirrel@v1.5.4/select.go:60
github.com/Masterminds/squirrel.SelectBuilder.ToSql
	/home/dilshod/go/pkg/mod/github.com/!masterminds/squirrel@v1.5.4/select.go:218
sugurta/internal/infrastructure/repository/postgresql.(*OrderRepo).List
	/home/dilshod/Documents/ndc_ai/sugurta_go_api_geteway/internal/infrastructure/repository/postgresql/order.go:125
sugurta/internal/usecase/order.(*orderService).List
	/home/dilshod/Documents/ndc_ai/sugurta_go_api_geteway/internal/usecase/order/order.go:66
sugurta/api/handlers/v1.(*OrderRoutes).listOrders
	/home/dilshod/Documents/ndc_ai/sugurta_go_api_geteway/api/handlers/v1/order.go:138
github.com/gin-gonic/gin.(*Context).Next
	/home/dilshod/go/pkg/mod/github.com/gin-gonic/gin@v1.10.0/context.go:185
sugurta/api.NewRouter.Recovery.func3
	/home/dilshod/Documents/ndc_ai/sugurta_go_api_geteway/api/middleware/recovery.go:40
github.com/gin-gonic/gin.(*Context).Next
	/home/dilshod/go/pkg/mod/github.com/gin-gonic/gin@v1.10.0/context.go:185
sugurta/api.NewRouter.Logger.func2
	/home/dilshod/Documents/ndc_ai/sugurta_go_api_geteway/api/middleware/logger.go:25
github.com/gin-gonic/gin.(*Context).Next
	/home/dilshod/go/pkg/mod/github.com/gin-gonic/gin@v1.10.0/context.go:185
github.com/gin-gonic/gin.CustomRecoveryWithWriter.func1
	/home/dilshod/go/pkg/mod/github.com/gin-gonic/gin@v1.10.0/recovery.go:102
github.com/gin-gonic/gin.(*Context).Next
	/home/dilshod/go/pkg/mod/github.com/gin-gonic/gin@v1.10.0/context.go:185
github.com/gin-gonic/gin.LoggerWithConfig.func1
	/home/dilshod/go/pkg/mod/github.com/gin-gonic/gin@v1.10.0/logger.go:249
github.com/gin-gonic/gin.(*Context).Next
	/home/dilshod/go/pkg/mod/github.com/gin-gonic/gin@v1.10.0/context.go:185
github.com/gin-gonic/gin.(*Engine).handleHTTPRequest
	/home/dilshod/go/pkg/mod/github.com/gin-gonic/gin@v1.10.0/gin.go:633
github.com/gin-gonic/gin.(*Engine).ServeHTTP
	/home/dilshod/go/pkg/mod/github.com/gin-gonic/gin@v1.10.0/gin.go:589
net/http.serverHandler.ServeHTTP
	/home/dilshod/go/pkg/mod/golang.org/toolchain@v0.0.1-go1.23.5.linux-amd64/src/net/http/server.go:3210
net/http.(*conn).serve
	/home/dilshod/go/pkg/mod/golang.org/toolchain@v0.0.1-go1.23.5.linux-amd64/src/net/http/server.go:2092
2025-04-08T15:15:13.490+0500	INFO	middleware/logger.go:26	127.0.0.1 - GET /v1/orders/?limit=10&offset=0&filter=id 
2025-04-08T15:17:47.661+0500	INFO	app/main.go:40	api gateway service stops
2025-04-08T15:17:47.661+0500	ERROR	app/main.go:31	app run	{"error": "http: Server closed"}
main.main.func1
	/home/dilshod/Documents/ndc_ai/sugurta_go_api_geteway/cmd/app/main.go:31
2025-04-08T15:17:48.995+0500	INFO	app/main.go:29	Listen: 	{"address": "localhost:8080"}
2025-04-08T15:17:50.900+0500	ERROR	middleware/recovery.go:31	127.0.0.1 - GET /v1/orders/?limit=10&offset=0&filter=id PANIC DETECTED: runtime error: invalid memory address or nil pointer dereference
goroutine 36 [running]:
runtime/debug.Stack()
	/home/dilshod/go/pkg/mod/golang.org/toolchain@v0.0.1-go1.23.5.linux-amd64/src/runtime/debug/stack.go:26 +0x5e
sugurta/api/middleware.buildPanicMessage(0xc000bda000, {0x124f4e0, 0x27a3190})
	/home/dilshod/Documents/ndc_ai/sugurta_go_api_geteway/api/middleware/recovery.go:21 +0x4b4
sugurta/api.NewRouter.Recovery.func3.1()
	/home/dilshod/Documents/ndc_ai/sugurta_go_api_geteway/api/middleware/recovery.go:31 +0x47
panic({0x124f4e0?, 0x27a3190?})
	/home/dilshod/go/pkg/mod/golang.org/toolchain@v0.0.1-go1.23.5.linux-amd64/src/runtime/panic.go:785 +0x132
github.com/Masterminds/squirrel.(*selectData).ToSql(0xc000baef80)
	/home/dilshod/go/pkg/mod/github.com/!masterminds/squirrel@v1.5.4/select.go:60 +0x3e
github.com/Masterminds/squirrel.SelectBuilder.ToSql({{0x15f22d8, 0xc0001964d0}})
	/home/dilshod/go/pkg/mod/github.com/!masterminds/squirrel@v1.5.4/select.go:218 +0xfd
sugurta/internal/infrastructure/repository/postgresql.(*OrderRepo).List(0xc000013758, {0x15ea290, 0xc000196070}, 0xa, 0x0, 0xc000b8e510)
	/home/dilshod/Documents/ndc_ai/sugurta_go_api_geteway/internal/infrastructure/repository/postgresql/order.go:126 +0x4fc
sugurta/internal/usecase/order.(*orderService).List(0xc000013770, {0x15ea6a8?, 0xc000bda000?}, 0xa, 0x0, 0xc000b8e510)
	/home/dilshod/Documents/ndc_ai/sugurta_go_api_geteway/internal/usecase/order/order.go:66 +0x14d
sugurta/api/handlers/v1.(*OrderRoutes).listOrders(0xc000678dc0, 0xc000bda000)
	/home/dilshod/Documents/ndc_ai/sugurta_go_api_geteway/api/handlers/v1/order.go:138 +0x2b1
github.com/gin-gonic/gin.(*Context).Next(0xc000bda000)
	/home/dilshod/go/pkg/mod/github.com/gin-gonic/gin@v1.10.0/context.go:185 +0x2b
sugurta/api.NewRouter.Recovery.func3(0xc000b8c0c0?)
	/home/dilshod/Documents/ndc_ai/sugurta_go_api_geteway/api/middleware/recovery.go:40 +0x48
github.com/gin-gonic/gin.(*Context).Next(0xc000bda000)
	/home/dilshod/go/pkg/mod/github.com/gin-gonic/gin@v1.10.0/context.go:185 +0x2b
sugurta/api.NewRouter.Logger.func2(0xc000bda000)
	/home/dilshod/Documents/ndc_ai/sugurta_go_api_geteway/api/middleware/logger.go:25 +0x25
github.com/gin-gonic/gin.(*Context).Next(...)
	/home/dilshod/go/pkg/mod/github.com/gin-gonic/gin@v1.10.0/context.go:185
github.com/gin-gonic/gin.CustomRecoveryWithWriter.func1(0xc000bda000)
	/home/dilshod/go/pkg/mod/github.com/gin-gonic/gin@v1.10.0/recovery.go:102 +0x6f
github.com/gin-gonic/gin.(*Context).Next(...)
	/home/dilshod/go/pkg/mod/github.com/gin-gonic/gin@v1.10.0/context.go:185
github.com/gin-gonic/gin.LoggerWithConfig.func1(0xc000bda000)
	/home/dilshod/go/pkg/mod/github.com/gin-gonic/gin@v1.10.0/logger.go:249 +0xe5
github.com/gin-gonic/gin.(*Context).Next(...)
	/home/dilshod/go/pkg/mod/github.com/gin-gonic/gin@v1.10.0/context.go:185
github.com/gin-gonic/gin.(*Engine).handleHTTPRequest(0xc0000fad00, 0xc000bda000)
	/home/dilshod/go/pkg/mod/github.com/gin-gonic/gin@v1.10.0/gin.go:633 +0x892
github.com/gin-gonic/gin.(*Engine).ServeHTTP(0xc0000fad00, {0x15e5e28, 0xc000bd8000}, 0xc0001983c0)
	/home/dilshod/go/pkg/mod/github.com/gin-gonic/gin@v1.10.0/gin.go:589 +0x1b2
net/http.serverHandler.ServeHTTP({0xc000b8e3f0?}, {0x15e5e28?, 0xc000bd8000?}, 0x6?)
	/home/dilshod/go/pkg/mod/golang.org/toolchain@v0.0.1-go1.23.5.linux-amd64/src/net/http/server.go:3210 +0x8e
net/http.(*conn).serve(0xc000bc8000, {0x15ea1e8, 0xc000b8e300})
	/home/dilshod/go/pkg/mod/golang.org/toolchain@v0.0.1-go1.23.5.linux-amd64/src/net/http/server.go:2092 +0x5d0
created by net/http.(*Server).Serve in goroutine 68
	/home/dilshod/go/pkg/mod/golang.org/toolchain@v0.0.1-go1.23.5.linux-amd64/src/net/http/server.go:3360 +0x485


sugurta/api.NewRouter.Recovery.func3.1
	/home/dilshod/Documents/ndc_ai/sugurta_go_api_geteway/api/middleware/recovery.go:31
runtime.gopanic
	/home/dilshod/go/pkg/mod/golang.org/toolchain@v0.0.1-go1.23.5.linux-amd64/src/runtime/panic.go:785
runtime.panicmem
	/home/dilshod/go/pkg/mod/golang.org/toolchain@v0.0.1-go1.23.5.linux-amd64/src/runtime/panic.go:262
runtime.sigpanic
	/home/dilshod/go/pkg/mod/golang.org/toolchain@v0.0.1-go1.23.5.linux-amd64/src/runtime/signal_unix.go:917
github.com/Masterminds/squirrel.(*selectData).ToSql
	/home/dilshod/go/pkg/mod/github.com/!masterminds/squirrel@v1.5.4/select.go:60
github.com/Masterminds/squirrel.SelectBuilder.ToSql
	/home/dilshod/go/pkg/mod/github.com/!masterminds/squirrel@v1.5.4/select.go:218
sugurta/internal/infrastructure/repository/postgresql.(*OrderRepo).List
	/home/dilshod/Documents/ndc_ai/sugurta_go_api_geteway/internal/infrastructure/repository/postgresql/order.go:126
sugurta/internal/usecase/order.(*orderService).List
	/home/dilshod/Documents/ndc_ai/sugurta_go_api_geteway/internal/usecase/order/order.go:66
sugurta/api/handlers/v1.(*OrderRoutes).listOrders
	/home/dilshod/Documents/ndc_ai/sugurta_go_api_geteway/api/handlers/v1/order.go:138
github.com/gin-gonic/gin.(*Context).Next
	/home/dilshod/go/pkg/mod/github.com/gin-gonic/gin@v1.10.0/context.go:185
sugurta/api.NewRouter.Recovery.func3
	/home/dilshod/Documents/ndc_ai/sugurta_go_api_geteway/api/middleware/recovery.go:40
github.com/gin-gonic/gin.(*Context).Next
	/home/dilshod/go/pkg/mod/github.com/gin-gonic/gin@v1.10.0/context.go:185
sugurta/api.NewRouter.Logger.func2
	/home/dilshod/Documents/ndc_ai/sugurta_go_api_geteway/api/middleware/logger.go:25
github.com/gin-gonic/gin.(*Context).Next
	/home/dilshod/go/pkg/mod/github.com/gin-gonic/gin@v1.10.0/context.go:185
github.com/gin-gonic/gin.CustomRecoveryWithWriter.func1
	/home/dilshod/go/pkg/mod/github.com/gin-gonic/gin@v1.10.0/recovery.go:102
github.com/gin-gonic/gin.(*Context).Next
	/home/dilshod/go/pkg/mod/github.com/gin-gonic/gin@v1.10.0/context.go:185
github.com/gin-gonic/gin.LoggerWithConfig.func1
	/home/dilshod/go/pkg/mod/github.com/gin-gonic/gin@v1.10.0/logger.go:249
github.com/gin-gonic/gin.(*Context).Next
	/home/dilshod/go/pkg/mod/github.com/gin-gonic/gin@v1.10.0/context.go:185
github.com/gin-gonic/gin.(*Engine).handleHTTPRequest
	/home/dilshod/go/pkg/mod/github.com/gin-gonic/gin@v1.10.0/gin.go:633
github.com/gin-gonic/gin.(*Engine).ServeHTTP
	/home/dilshod/go/pkg/mod/github.com/gin-gonic/gin@v1.10.0/gin.go:589
net/http.serverHandler.ServeHTTP
	/home/dilshod/go/pkg/mod/golang.org/toolchain@v0.0.1-go1.23.5.linux-amd64/src/net/http/server.go:3210
net/http.(*conn).serve
	/home/dilshod/go/pkg/mod/golang.org/toolchain@v0.0.1-go1.23.5.linux-amd64/src/net/http/server.go:2092
2025-04-08T15:17:50.900+0500	INFO	middleware/logger.go:26	127.0.0.1 - GET /v1/orders/?limit=10&offset=0&filter=id 
2025-04-08T15:20:19.000+0500	INFO	app/main.go:40	api gateway service stops
2025-04-08T15:20:19.000+0500	ERROR	app/main.go:31	app run	{"error": "http: Server closed"}
main.main.func1
	/home/dilshod/Documents/ndc_ai/sugurta_go_api_geteway/cmd/app/main.go:31
2025-04-08T15:20:20.221+0500	INFO	app/main.go:29	Listen: 	{"address": "localhost:8080"}
2025-04-08T15:20:21.893+0500	ERROR	middleware/recovery.go:31	127.0.0.1 - GET /v1/orders/?limit=10&offset=0&filter=id PANIC DETECTED: runtime error: invalid memory address or nil pointer dereference
goroutine 83 [running]:
runtime/debug.Stack()
	/home/dilshod/go/pkg/mod/golang.org/toolchain@v0.0.1-go1.23.5.linux-amd64/src/runtime/debug/stack.go:26 +0x5e
sugurta/api/middleware.buildPanicMessage(0xc000c4c000, {0x124f4e0, 0x27a3190})
	/home/dilshod/Documents/ndc_ai/sugurta_go_api_geteway/api/middleware/recovery.go:21 +0x4b4
sugurta/api.NewRouter.Recovery.func3.1()
	/home/dilshod/Documents/ndc_ai/sugurta_go_api_geteway/api/middleware/recovery.go:31 +0x47
panic({0x124f4e0?, 0x27a3190?})
	/home/dilshod/go/pkg/mod/golang.org/toolchain@v0.0.1-go1.23.5.linux-amd64/src/runtime/panic.go:785 +0x132
github.com/Masterminds/squirrel.(*selectData).ToSql(0xc000660fe0)
	/home/dilshod/go/pkg/mod/github.com/!masterminds/squirrel@v1.5.4/select.go:60 +0x3e
github.com/Masterminds/squirrel.SelectBuilder.ToSql({{0x15f21d8, 0xc00020c460}})
	/home/dilshod/go/pkg/mod/github.com/!masterminds/squirrel@v1.5.4/select.go:218 +0xfd
sugurta/internal/infrastructure/repository/postgresql.(*OrderRepo).List(0xc000272288, {0x15ea190, 0xc00020c070}, 0xa, 0x0, 0xc000c0a510)
	/home/dilshod/Documents/ndc_ai/sugurta_go_api_geteway/internal/infrastructure/repository/postgresql/order.go:126 +0x198
sugurta/internal/usecase/order.(*orderService).List(0xc0002722a0, {0x15ea5a8?, 0xc000c4c000?}, 0xa, 0x0, 0xc000c0a510)
	/home/dilshod/Documents/ndc_ai/sugurta_go_api_geteway/internal/usecase/order/order.go:66 +0x14d
sugurta/api/handlers/v1.(*OrderRoutes).listOrders(0xc000543080, 0xc000c4c000)
	/home/dilshod/Documents/ndc_ai/sugurta_go_api_geteway/api/handlers/v1/order.go:138 +0x2b1
github.com/gin-gonic/gin.(*Context).Next(0xc000c4c000)
	/home/dilshod/go/pkg/mod/github.com/gin-gonic/gin@v1.10.0/context.go:185 +0x2b
sugurta/api.NewRouter.Recovery.func3(0xc000c080c0?)
	/home/dilshod/Documents/ndc_ai/sugurta_go_api_geteway/api/middleware/recovery.go:40 +0x48
github.com/gin-gonic/gin.(*Context).Next(0xc000c4c000)
	/home/dilshod/go/pkg/mod/github.com/gin-gonic/gin@v1.10.0/context.go:185 +0x2b
sugurta/api.NewRouter.Logger.func2(0xc000c4c000)
	/home/dilshod/Documents/ndc_ai/sugurta_go_api_geteway/api/middleware/logger.go:25 +0x25
github.com/gin-gonic/gin.(*Context).Next(...)
	/home/dilshod/go/pkg/mod/github.com/gin-gonic/gin@v1.10.0/context.go:185
github.com/gin-gonic/gin.CustomRecoveryWithWriter.func1(0xc000c4c000)
	/home/dilshod/go/pkg/mod/github.com/gin-gonic/gin@v1.10.0/recovery.go:102 +0x6f
github.com/gin-gonic/gin.(*Context).Next(...)
	/home/dilshod/go/pkg/mod/github.com/gin-gonic/gin@v1.10.0/context.go:185
github.com/gin-gonic/gin.LoggerWithConfig.func1(0xc000c4c000)
	/home/dilshod/go/pkg/mod/github.com/gin-gonic/gin@v1.10.0/logger.go:249 +0xe5
github.com/gin-gonic/gin.(*Context).Next(...)
	/home/dilshod/go/pkg/mod/github.com/gin-gonic/gin@v1.10.0/context.go:185
github.com/gin-gonic/gin.(*Engine).handleHTTPRequest(0xc0005404e0, 0xc000c4c000)
	/home/dilshod/go/pkg/mod/github.com/gin-gonic/gin@v1.10.0/gin.go:633 +0x892
github.com/gin-gonic/gin.(*Engine).ServeHTTP(0xc0005404e0, {0x15e5d28, 0xc000c4a000}, 0xc000218280)
	/home/dilshod/go/pkg/mod/github.com/gin-gonic/gin@v1.10.0/gin.go:589 +0x1b2
net/http.serverHandler.ServeHTTP({0xc000c0a3f0?}, {0x15e5d28?, 0xc000c4a000?}, 0x6?)
	/home/dilshod/go/pkg/mod/golang.org/toolchain@v0.0.1-go1.23.5.linux-amd64/src/net/http/server.go:3210 +0x8e
net/http.(*conn).serve(0xc000c3a000, {0x15ea0e8, 0xc000c0a300})
	/home/dilshod/go/pkg/mod/golang.org/toolchain@v0.0.1-go1.23.5.linux-amd64/src/net/http/server.go:2092 +0x5d0
created by net/http.(*Server).Serve in goroutine 68
	/home/dilshod/go/pkg/mod/golang.org/toolchain@v0.0.1-go1.23.5.linux-amd64/src/net/http/server.go:3360 +0x485


sugurta/api.NewRouter.Recovery.func3.1
	/home/dilshod/Documents/ndc_ai/sugurta_go_api_geteway/api/middleware/recovery.go:31
runtime.gopanic
	/home/dilshod/go/pkg/mod/golang.org/toolchain@v0.0.1-go1.23.5.linux-amd64/src/runtime/panic.go:785
runtime.panicmem
	/home/dilshod/go/pkg/mod/golang.org/toolchain@v0.0.1-go1.23.5.linux-amd64/src/runtime/panic.go:262
runtime.sigpanic
	/home/dilshod/go/pkg/mod/golang.org/toolchain@v0.0.1-go1.23.5.linux-amd64/src/runtime/signal_unix.go:917
github.com/Masterminds/squirrel.(*selectData).ToSql
	/home/dilshod/go/pkg/mod/github.com/!masterminds/squirrel@v1.5.4/select.go:60
github.com/Masterminds/squirrel.SelectBuilder.ToSql
	/home/dilshod/go/pkg/mod/github.com/!masterminds/squirrel@v1.5.4/select.go:218
sugurta/internal/infrastructure/repository/postgresql.(*OrderRepo).List
	/home/dilshod/Documents/ndc_ai/sugurta_go_api_geteway/internal/infrastructure/repository/postgresql/order.go:126
sugurta/internal/usecase/order.(*orderService).List
	/home/dilshod/Documents/ndc_ai/sugurta_go_api_geteway/internal/usecase/order/order.go:66
sugurta/api/handlers/v1.(*OrderRoutes).listOrders
	/home/dilshod/Documents/ndc_ai/sugurta_go_api_geteway/api/handlers/v1/order.go:138
github.com/gin-gonic/gin.(*Context).Next
	/home/dilshod/go/pkg/mod/github.com/gin-gonic/gin@v1.10.0/context.go:185
sugurta/api.NewRouter.Recovery.func3
	/home/dilshod/Documents/ndc_ai/sugurta_go_api_geteway/api/middleware/recovery.go:40
github.com/gin-gonic/gin.(*Context).Next
	/home/dilshod/go/pkg/mod/github.com/gin-gonic/gin@v1.10.0/context.go:185
sugurta/api.NewRouter.Logger.func2
	/home/dilshod/Documents/ndc_ai/sugurta_go_api_geteway/api/middleware/logger.go:25
github.com/gin-gonic/gin.(*Context).Next
	/home/dilshod/go/pkg/mod/github.com/gin-gonic/gin@v1.10.0/context.go:185
github.com/gin-gonic/gin.CustomRecoveryWithWriter.func1
	/home/dilshod/go/pkg/mod/github.com/gin-gonic/gin@v1.10.0/recovery.go:102
github.com/gin-gonic/gin.(*Context).Next
	/home/dilshod/go/pkg/mod/github.com/gin-gonic/gin@v1.10.0/context.go:185
github.com/gin-gonic/gin.LoggerWithConfig.func1
	/home/dilshod/go/pkg/mod/github.com/gin-gonic/gin@v1.10.0/logger.go:249
github.com/gin-gonic/gin.(*Context).Next
	/home/dilshod/go/pkg/mod/github.com/gin-gonic/gin@v1.10.0/context.go:185
github.com/gin-gonic/gin.(*Engine).handleHTTPRequest
	/home/dilshod/go/pkg/mod/github.com/gin-gonic/gin@v1.10.0/gin.go:633
github.com/gin-gonic/gin.(*Engine).ServeHTTP
	/home/dilshod/go/pkg/mod/github.com/gin-gonic/gin@v1.10.0/gin.go:589
net/http.serverHandler.ServeHTTP
	/home/dilshod/go/pkg/mod/golang.org/toolchain@v0.0.1-go1.23.5.linux-amd64/src/net/http/server.go:3210
net/http.(*conn).serve
	/home/dilshod/go/pkg/mod/golang.org/toolchain@v0.0.1-go1.23.5.linux-amd64/src/net/http/server.go:2092
2025-04-08T15:20:21.893+0500	INFO	middleware/logger.go:26	127.0.0.1 - GET /v1/orders/?limit=10&offset=0&filter=id 
2025-04-08T15:21:07.856+0500	INFO	app/main.go:40	api gateway service stops
2025-04-08T15:21:07.857+0500	ERROR	app/main.go:31	app run	{"error": "http: Server closed"}
main.main.func1
	/home/dilshod/Documents/ndc_ai/sugurta_go_api_geteway/cmd/app/main.go:31
2025-04-08T15:21:09.036+0500	INFO	app/main.go:29	Listen: 	{"address": "localhost:8080"}
2025-04-08T15:21:10.598+0500	ERROR	middleware/recovery.go:31	127.0.0.1 - GET /v1/orders/?limit=10&offset=0&filter=id PANIC DETECTED: runtime error: invalid memory address or nil pointer dereference
goroutine 53 [running]:
runtime/debug.Stack()
	/home/dilshod/go/pkg/mod/golang.org/toolchain@v0.0.1-go1.23.5.linux-amd64/src/runtime/debug/stack.go:26 +0x5e
sugurta/api/middleware.buildPanicMessage(0xc000cc4000, {0x124f4e0, 0x27a3190})
	/home/dilshod/Documents/ndc_ai/sugurta_go_api_geteway/api/middleware/recovery.go:21 +0x4b4
sugurta/api.NewRouter.Recovery.func3.1()
	/home/dilshod/Documents/ndc_ai/sugurta_go_api_geteway/api/middleware/recovery.go:31 +0x47
panic({0x124f4e0?, 0x27a3190?})
	/home/dilshod/go/pkg/mod/golang.org/toolchain@v0.0.1-go1.23.5.linux-amd64/src/runtime/panic.go:785 +0x132
github.com/Masterminds/squirrel.(*selectData).ToSql(0xc000c9cfd0)
	/home/dilshod/go/pkg/mod/github.com/!masterminds/squirrel@v1.5.4/select.go:60 +0x3e
github.com/Masterminds/squirrel.SelectBuilder.ToSql({{0x15f2218, 0xc0002104d0}})
	/home/dilshod/go/pkg/mod/github.com/!masterminds/squirrel@v1.5.4/select.go:218 +0xfd
sugurta/internal/infrastructure/repository/postgresql.(*OrderRepo).List(0xc00057e660, {0x15ea1d0, 0xc000210070}, 0xa, 0x0, 0xc000c8a510)
	/home/dilshod/Documents/ndc_ai/sugurta_go_api_geteway/internal/infrastructure/repository/postgresql/order.go:126 +0x21a
sugurta/internal/usecase/order.(*orderService).List(0xc00057e678, {0x15ea5e8?, 0xc000cc4000?}, 0xa, 0x0, 0xc000c8a510)
	/home/dilshod/Documents/ndc_ai/sugurta_go_api_geteway/internal/usecase/order/order.go:66 +0x14d
sugurta/api/handlers/v1.(*OrderRoutes).listOrders(0xc00076a800, 0xc000cc4000)
	/home/dilshod/Documents/ndc_ai/sugurta_go_api_geteway/api/handlers/v1/order.go:138 +0x2b1
github.com/gin-gonic/gin.(*Context).Next(0xc000cc4000)
	/home/dilshod/go/pkg/mod/github.com/gin-gonic/gin@v1.10.0/context.go:185 +0x2b
sugurta/api.NewRouter.Recovery.func3(0xc000c880c0?)
	/home/dilshod/Documents/ndc_ai/sugurta_go_api_geteway/api/middleware/recovery.go:40 +0x48
github.com/gin-gonic/gin.(*Context).Next(0xc000cc4000)
	/home/dilshod/go/pkg/mod/github.com/gin-gonic/gin@v1.10.0/context.go:185 +0x2b
sugurta/api.NewRouter.Logger.func2(0xc000cc4000)
	/home/dilshod/Documents/ndc_ai/sugurta_go_api_geteway/api/middleware/logger.go:25 +0x25
github.com/gin-gonic/gin.(*Context).Next(...)
	/home/dilshod/go/pkg/mod/github.com/gin-gonic/gin@v1.10.0/context.go:185
github.com/gin-gonic/gin.CustomRecoveryWithWriter.func1(0xc000cc4000)
	/home/dilshod/go/pkg/mod/github.com/gin-gonic/gin@v1.10.0/recovery.go:102 +0x6f
github.com/gin-gonic/gin.(*Context).Next(...)
	/home/dilshod/go/pkg/mod/github.com/gin-gonic/gin@v1.10.0/context.go:185
github.com/gin-gonic/gin.LoggerWithConfig.func1(0xc000cc4000)
	/home/dilshod/go/pkg/mod/github.com/gin-gonic/gin@v1.10.0/logger.go:249 +0xe5
github.com/gin-gonic/gin.(*Context).Next(...)
	/home/dilshod/go/pkg/mod/github.com/gin-gonic/gin@v1.10.0/context.go:185
github.com/gin-gonic/gin.(*Engine).handleHTTPRequest(0xc0001681a0, 0xc000cc4000)
	/home/dilshod/go/pkg/mod/github.com/gin-gonic/gin@v1.10.0/gin.go:633 +0x892
github.com/gin-gonic/gin.(*Engine).ServeHTTP(0xc0001681a0, {0x15e5d68, 0xc000cc2000}, 0xc000212140)
	/home/dilshod/go/pkg/mod/github.com/gin-gonic/gin@v1.10.0/gin.go:589 +0x1b2
net/http.serverHandler.ServeHTTP({0xc000c8a3f0?}, {0x15e5d68?, 0xc000cc2000?}, 0x6?)
	/home/dilshod/go/pkg/mod/golang.org/toolchain@v0.0.1-go1.23.5.linux-amd64/src/net/http/server.go:3210 +0x8e
net/http.(*conn).serve(0xc000cb2000, {0x15ea128, 0xc000c8a300})
	/home/dilshod/go/pkg/mod/golang.org/toolchain@v0.0.1-go1.23.5.linux-amd64/src/net/http/server.go:2092 +0x5d0
created by net/http.(*Server).Serve in goroutine 68
	/home/dilshod/go/pkg/mod/golang.org/toolchain@v0.0.1-go1.23.5.linux-amd64/src/net/http/server.go:3360 +0x485


sugurta/api.NewRouter.Recovery.func3.1
	/home/dilshod/Documents/ndc_ai/sugurta_go_api_geteway/api/middleware/recovery.go:31
runtime.gopanic
	/home/dilshod/go/pkg/mod/golang.org/toolchain@v0.0.1-go1.23.5.linux-amd64/src/runtime/panic.go:785
runtime.panicmem
	/home/dilshod/go/pkg/mod/golang.org/toolchain@v0.0.1-go1.23.5.linux-amd64/src/runtime/panic.go:262
runtime.sigpanic
	/home/dilshod/go/pkg/mod/golang.org/toolchain@v0.0.1-go1.23.5.linux-amd64/src/runtime/signal_unix.go:917
github.com/Masterminds/squirrel.(*selectData).ToSql
	/home/dilshod/go/pkg/mod/github.com/!masterminds/squirrel@v1.5.4/select.go:60
github.com/Masterminds/squirrel.SelectBuilder.ToSql
	/home/dilshod/go/pkg/mod/github.com/!masterminds/squirrel@v1.5.4/select.go:218
sugurta/internal/infrastructure/repository/postgresql.(*OrderRepo).List
	/home/dilshod/Documents/ndc_ai/sugurta_go_api_geteway/internal/infrastructure/repository/postgresql/order.go:126
sugurta/internal/usecase/order.(*orderService).List
	/home/dilshod/Documents/ndc_ai/sugurta_go_api_geteway/internal/usecase/order/order.go:66
sugurta/api/handlers/v1.(*OrderRoutes).listOrders
	/home/dilshod/Documents/ndc_ai/sugurta_go_api_geteway/api/handlers/v1/order.go:138
github.com/gin-gonic/gin.(*Context).Next
	/home/dilshod/go/pkg/mod/github.com/gin-gonic/gin@v1.10.0/context.go:185
sugurta/api.NewRouter.Recovery.func3
	/home/dilshod/Documents/ndc_ai/sugurta_go_api_geteway/api/middleware/recovery.go:40
github.com/gin-gonic/gin.(*Context).Next
	/home/dilshod/go/pkg/mod/github.com/gin-gonic/gin@v1.10.0/context.go:185
sugurta/api.NewRouter.Logger.func2
	/home/dilshod/Documents/ndc_ai/sugurta_go_api_geteway/api/middleware/logger.go:25
github.com/gin-gonic/gin.(*Context).Next
	/home/dilshod/go/pkg/mod/github.com/gin-gonic/gin@v1.10.0/context.go:185
github.com/gin-gonic/gin.CustomRecoveryWithWriter.func1
	/home/dilshod/go/pkg/mod/github.com/gin-gonic/gin@v1.10.0/recovery.go:102
github.com/gin-gonic/gin.(*Context).Next
	/home/dilshod/go/pkg/mod/github.com/gin-gonic/gin@v1.10.0/context.go:185
github.com/gin-gonic/gin.LoggerWithConfig.func1
	/home/dilshod/go/pkg/mod/github.com/gin-gonic/gin@v1.10.0/logger.go:249
github.com/gin-gonic/gin.(*Context).Next
	/home/dilshod/go/pkg/mod/github.com/gin-gonic/gin@v1.10.0/context.go:185
github.com/gin-gonic/gin.(*Engine).handleHTTPRequest
	/home/dilshod/go/pkg/mod/github.com/gin-gonic/gin@v1.10.0/gin.go:633
github.com/gin-gonic/gin.(*Engine).ServeHTTP
	/home/dilshod/go/pkg/mod/github.com/gin-gonic/gin@v1.10.0/gin.go:589
net/http.serverHandler.ServeHTTP
	/home/dilshod/go/pkg/mod/golang.org/toolchain@v0.0.1-go1.23.5.linux-amd64/src/net/http/server.go:3210
net/http.(*conn).serve
	/home/dilshod/go/pkg/mod/golang.org/toolchain@v0.0.1-go1.23.5.linux-amd64/src/net/http/server.go:2092
2025-04-08T15:21:10.599+0500	INFO	middleware/logger.go:26	127.0.0.1 - GET /v1/orders/?limit=10&offset=0&filter=id 
2025-04-08T15:21:44.349+0500	INFO	app/main.go:40	api gateway service stops
2025-04-08T15:21:44.349+0500	ERROR	app/main.go:31	app run	{"error": "http: Server closed"}
main.main.func1
	/home/dilshod/Documents/ndc_ai/sugurta_go_api_geteway/cmd/app/main.go:31
2025-04-08T15:21:45.877+0500	INFO	app/main.go:29	Listen: 	{"address": "localhost:8080"}
2025-04-08T15:21:47.392+0500	ERROR	middleware/recovery.go:31	127.0.0.1 - GET /v1/orders/?limit=10&offset=0&filter=id PANIC DETECTED: runtime error: invalid memory address or nil pointer dereference
goroutine 60 [running]:
runtime/debug.Stack()
	/home/dilshod/go/pkg/mod/golang.org/toolchain@v0.0.1-go1.23.5.linux-amd64/src/runtime/debug/stack.go:26 +0x5e
sugurta/api/middleware.buildPanicMessage(0xc000274600, {0x124f4e0, 0x27a3190})
	/home/dilshod/Documents/ndc_ai/sugurta_go_api_geteway/api/middleware/recovery.go:21 +0x4b4
sugurta/api.NewRouter.Recovery.func3.1()
	/home/dilshod/Documents/ndc_ai/sugurta_go_api_geteway/api/middleware/recovery.go:31 +0x47
panic({0x124f4e0?, 0x27a3190?})
	/home/dilshod/go/pkg/mod/golang.org/toolchain@v0.0.1-go1.23.5.linux-amd64/src/runtime/panic.go:785 +0x132
github.com/Masterminds/squirrel.(*selectData).ToSql(0xc000b6afc0)
	/home/dilshod/go/pkg/mod/github.com/!masterminds/squirrel@v1.5.4/select.go:60 +0x3e
github.com/Masterminds/squirrel.SelectBuilder.ToSql({{0x15f2258, 0xc00020c850}})
	/home/dilshod/go/pkg/mod/github.com/!masterminds/squirrel@v1.5.4/select.go:218 +0xfd
sugurta/internal/infrastructure/repository/postgresql.(*OrderRepo).List(0xc0000136f8, {0x15ea210, 0xc00020c380}, 0xa, 0x0, 0xc000b590b0)
	/home/dilshod/Documents/ndc_ai/sugurta_go_api_geteway/internal/infrastructure/repository/postgresql/order.go:127 +0x269
sugurta/internal/usecase/order.(*orderService).List(0xc000013710, {0x15ea628?, 0xc000274600?}, 0xa, 0x0, 0xc000b590b0)
	/home/dilshod/Documents/ndc_ai/sugurta_go_api_geteway/internal/usecase/order/order.go:66 +0x14d
sugurta/api/handlers/v1.(*OrderRoutes).listOrders(0xc0006dd240, 0xc000274600)
	/home/dilshod/Documents/ndc_ai/sugurta_go_api_geteway/api/handlers/v1/order.go:138 +0x2b1
github.com/gin-gonic/gin.(*Context).Next(0xc000274600)
	/home/dilshod/go/pkg/mod/github.com/gin-gonic/gin@v1.10.0/context.go:185 +0x2b
sugurta/api.NewRouter.Recovery.func3(0xc0001b6680?)
	/home/dilshod/Documents/ndc_ai/sugurta_go_api_geteway/api/middleware/recovery.go:40 +0x48
github.com/gin-gonic/gin.(*Context).Next(0xc000274600)
	/home/dilshod/go/pkg/mod/github.com/gin-gonic/gin@v1.10.0/context.go:185 +0x2b
sugurta/api.NewRouter.Logger.func2(0xc000274600)
	/home/dilshod/Documents/ndc_ai/sugurta_go_api_geteway/api/middleware/logger.go:25 +0x25
github.com/gin-gonic/gin.(*Context).Next(...)
	/home/dilshod/go/pkg/mod/github.com/gin-gonic/gin@v1.10.0/context.go:185
github.com/gin-gonic/gin.CustomRecoveryWithWriter.func1(0xc000274600)
	/home/dilshod/go/pkg/mod/github.com/gin-gonic/gin@v1.10.0/recovery.go:102 +0x6f
github.com/gin-gonic/gin.(*Context).Next(...)
	/home/dilshod/go/pkg/mod/github.com/gin-gonic/gin@v1.10.0/context.go:185
github.com/gin-gonic/gin.LoggerWithConfig.func1(0xc000274600)
	/home/dilshod/go/pkg/mod/github.com/gin-gonic/gin@v1.10.0/logger.go:249 +0xe5
github.com/gin-gonic/gin.(*Context).Next(...)
	/home/dilshod/go/pkg/mod/github.com/gin-gonic/gin@v1.10.0/context.go:185
github.com/gin-gonic/gin.(*Engine).handleHTTPRequest(0xc0000fad00, 0xc000274600)
	/home/dilshod/go/pkg/mod/github.com/gin-gonic/gin@v1.10.0/gin.go:633 +0x892
github.com/gin-gonic/gin.(*Engine).ServeHTTP(0xc0000fad00, {0x15e5da8, 0xc00001a8c0}, 0xc0000ca8c0)
	/home/dilshod/go/pkg/mod/github.com/gin-gonic/gin@v1.10.0/gin.go:589 +0x1b2
net/http.serverHandler.ServeHTTP({0xc000b58f90?}, {0x15e5da8?, 0xc00001a8c0?}, 0x6?)
	/home/dilshod/go/pkg/mod/golang.org/toolchain@v0.0.1-go1.23.5.linux-amd64/src/net/http/server.go:3210 +0x8e
net/http.(*conn).serve(0xc0002767e0, {0x15ea168, 0xc000b58ea0})
	/home/dilshod/go/pkg/mod/golang.org/toolchain@v0.0.1-go1.23.5.linux-amd64/src/net/http/server.go:2092 +0x5d0
created by net/http.(*Server).Serve in goroutine 27
	/home/dilshod/go/pkg/mod/golang.org/toolchain@v0.0.1-go1.23.5.linux-amd64/src/net/http/server.go:3360 +0x485


sugurta/api.NewRouter.Recovery.func3.1
	/home/dilshod/Documents/ndc_ai/sugurta_go_api_geteway/api/middleware/recovery.go:31
runtime.gopanic
	/home/dilshod/go/pkg/mod/golang.org/toolchain@v0.0.1-go1.23.5.linux-amd64/src/runtime/panic.go:785
runtime.panicmem
	/home/dilshod/go/pkg/mod/golang.org/toolchain@v0.0.1-go1.23.5.linux-amd64/src/runtime/panic.go:262
runtime.sigpanic
	/home/dilshod/go/pkg/mod/golang.org/toolchain@v0.0.1-go1.23.5.linux-amd64/src/runtime/signal_unix.go:917
github.com/Masterminds/squirrel.(*selectData).ToSql
	/home/dilshod/go/pkg/mod/github.com/!masterminds/squirrel@v1.5.4/select.go:60
github.com/Masterminds/squirrel.SelectBuilder.ToSql
	/home/dilshod/go/pkg/mod/github.com/!masterminds/squirrel@v1.5.4/select.go:218
sugurta/internal/infrastructure/repository/postgresql.(*OrderRepo).List
	/home/dilshod/Documents/ndc_ai/sugurta_go_api_geteway/internal/infrastructure/repository/postgresql/order.go:127
sugurta/internal/usecase/order.(*orderService).List
	/home/dilshod/Documents/ndc_ai/sugurta_go_api_geteway/internal/usecase/order/order.go:66
sugurta/api/handlers/v1.(*OrderRoutes).listOrders
	/home/dilshod/Documents/ndc_ai/sugurta_go_api_geteway/api/handlers/v1/order.go:138
github.com/gin-gonic/gin.(*Context).Next
	/home/dilshod/go/pkg/mod/github.com/gin-gonic/gin@v1.10.0/context.go:185
sugurta/api.NewRouter.Recovery.func3
	/home/dilshod/Documents/ndc_ai/sugurta_go_api_geteway/api/middleware/recovery.go:40
github.com/gin-gonic/gin.(*Context).Next
	/home/dilshod/go/pkg/mod/github.com/gin-gonic/gin@v1.10.0/context.go:185
sugurta/api.NewRouter.Logger.func2
	/home/dilshod/Documents/ndc_ai/sugurta_go_api_geteway/api/middleware/logger.go:25
github.com/gin-gonic/gin.(*Context).Next
	/home/dilshod/go/pkg/mod/github.com/gin-gonic/gin@v1.10.0/context.go:185
github.com/gin-gonic/gin.CustomRecoveryWithWriter.func1
	/home/dilshod/go/pkg/mod/github.com/gin-gonic/gin@v1.10.0/recovery.go:102
github.com/gin-gonic/gin.(*Context).Next
	/home/dilshod/go/pkg/mod/github.com/gin-gonic/gin@v1.10.0/context.go:185
github.com/gin-gonic/gin.LoggerWithConfig.func1
	/home/dilshod/go/pkg/mod/github.com/gin-gonic/gin@v1.10.0/logger.go:249
github.com/gin-gonic/gin.(*Context).Next
	/home/dilshod/go/pkg/mod/github.com/gin-gonic/gin@v1.10.0/context.go:185
github.com/gin-gonic/gin.(*Engine).handleHTTPRequest
	/home/dilshod/go/pkg/mod/github.com/gin-gonic/gin@v1.10.0/gin.go:633
github.com/gin-gonic/gin.(*Engine).ServeHTTP
	/home/dilshod/go/pkg/mod/github.com/gin-gonic/gin@v1.10.0/gin.go:589
net/http.serverHandler.ServeHTTP
	/home/dilshod/go/pkg/mod/golang.org/toolchain@v0.0.1-go1.23.5.linux-amd64/src/net/http/server.go:3210
net/http.(*conn).serve
	/home/dilshod/go/pkg/mod/golang.org/toolchain@v0.0.1-go1.23.5.linux-amd64/src/net/http/server.go:2092
2025-04-08T15:21:47.392+0500	INFO	middleware/logger.go:26	127.0.0.1 - GET /v1/orders/?limit=10&offset=0&filter=id 
2025-04-08T15:22:19.377+0500	ERROR	middleware/recovery.go:31	127.0.0.1 - POST /v1/orders/ PANIC DETECTED: runtime error: invalid memory address or nil pointer dereference
goroutine 60 [running]:
runtime/debug.Stack()
	/home/dilshod/go/pkg/mod/golang.org/toolchain@v0.0.1-go1.23.5.linux-amd64/src/runtime/debug/stack.go:26 +0x5e
sugurta/api/middleware.buildPanicMessage(0xc0001ca400, {0x124f4e0, 0x27a3190})
	/home/dilshod/Documents/ndc_ai/sugurta_go_api_geteway/api/middleware/recovery.go:21 +0x4b4
sugurta/api.NewRouter.Recovery.func3.1()
	/home/dilshod/Documents/ndc_ai/sugurta_go_api_geteway/api/middleware/recovery.go:31 +0x47
panic({0x124f4e0?, 0x27a3190?})
	/home/dilshod/go/pkg/mod/golang.org/toolchain@v0.0.1-go1.23.5.linux-amd64/src/runtime/panic.go:785 +0x132
github.com/Masterminds/squirrel.(*insertData).ToSql(0xc000b6b1e0)
	/home/dilshod/go/pkg/mod/github.com/!masterminds/squirrel@v1.5.4/insert.go:113 +0x417
github.com/Masterminds/squirrel.InsertBuilder.ToSql({{0x15f2258, 0xc0001f8930}})
	/home/dilshod/go/pkg/mod/github.com/!masterminds/squirrel@v1.5.4/insert.go:216 +0xc7
sugurta/internal/infrastructure/repository/postgresql.(*OrderRepo).Create(0xc0000136f8, {0x15ea210, 0xc0001f8540}, 0xc000120b40)
	/home/dilshod/Documents/ndc_ai/sugurta_go_api_geteway/internal/infrastructure/repository/postgresql/order.go:61 +0x68b
sugurta/internal/usecase/order.(*orderService).Create(0xc000013710, {0x15ea628?, 0xc0001ca400?}, 0xc000120b40)
	/home/dilshod/Documents/ndc_ai/sugurta_go_api_geteway/internal/usecase/order/order.go:32 +0x7a
sugurta/api/handlers/v1.(*OrderRoutes).createOrder(0xc0006dd240, 0xc0001ca400)
	/home/dilshod/Documents/ndc_ai/sugurta_go_api_geteway/api/handlers/v1/order.go:67 +0xbd
github.com/gin-gonic/gin.(*Context).Next(0xc0001ca400)
	/home/dilshod/go/pkg/mod/github.com/gin-gonic/gin@v1.10.0/context.go:185 +0x2b
sugurta/api.NewRouter.Recovery.func3(0x18?)
	/home/dilshod/Documents/ndc_ai/sugurta_go_api_geteway/api/middleware/recovery.go:40 +0x48
github.com/gin-gonic/gin.(*Context).Next(0xc0001ca400)
	/home/dilshod/go/pkg/mod/github.com/gin-gonic/gin@v1.10.0/context.go:185 +0x2b
sugurta/api.NewRouter.Logger.func2(0xc0001ca400)
	/home/dilshod/Documents/ndc_ai/sugurta_go_api_geteway/api/middleware/logger.go:25 +0x25
github.com/gin-gonic/gin.(*Context).Next(...)
	/home/dilshod/go/pkg/mod/github.com/gin-gonic/gin@v1.10.0/context.go:185
github.com/gin-gonic/gin.CustomRecoveryWithWriter.func1(0xc0001ca400)
	/home/dilshod/go/pkg/mod/github.com/gin-gonic/gin@v1.10.0/recovery.go:102 +0x6f
github.com/gin-gonic/gin.(*Context).Next(...)
	/home/dilshod/go/pkg/mod/github.com/gin-gonic/gin@v1.10.0/context.go:185
github.com/gin-gonic/gin.LoggerWithConfig.func1(0xc0001ca400)
	/home/dilshod/go/pkg/mod/github.com/gin-gonic/gin@v1.10.0/logger.go:249 +0xe5
github.com/gin-gonic/gin.(*Context).Next(...)
	/home/dilshod/go/pkg/mod/github.com/gin-gonic/gin@v1.10.0/context.go:185
github.com/gin-gonic/gin.(*Engine).handleHTTPRequest(0xc0000fad00, 0xc0001ca400)
	/home/dilshod/go/pkg/mod/github.com/gin-gonic/gin@v1.10.0/gin.go:633 +0x892
github.com/gin-gonic/gin.(*Engine).ServeHTTP(0xc0000fad00, {0x15e5da8, 0xc0001ae2a0}, 0xc00025ab40)
	/home/dilshod/go/pkg/mod/github.com/gin-gonic/gin@v1.10.0/gin.go:589 +0x1b2
net/http.serverHandler.ServeHTTP({0x15e0ca0?}, {0x15e5da8?, 0xc0001ae2a0?}, 0x6?)
	/home/dilshod/go/pkg/mod/golang.org/toolchain@v0.0.1-go1.23.5.linux-amd64/src/net/http/server.go:3210 +0x8e
net/http.(*conn).serve(0xc0002767e0, {0x15ea168, 0xc000b58ea0})
	/home/dilshod/go/pkg/mod/golang.org/toolchain@v0.0.1-go1.23.5.linux-amd64/src/net/http/server.go:2092 +0x5d0
created by net/http.(*Server).Serve in goroutine 27
	/home/dilshod/go/pkg/mod/golang.org/toolchain@v0.0.1-go1.23.5.linux-amd64/src/net/http/server.go:3360 +0x485


sugurta/api.NewRouter.Recovery.func3.1
	/home/dilshod/Documents/ndc_ai/sugurta_go_api_geteway/api/middleware/recovery.go:31
runtime.gopanic
	/home/dilshod/go/pkg/mod/golang.org/toolchain@v0.0.1-go1.23.5.linux-amd64/src/runtime/panic.go:785
runtime.panicmem
	/home/dilshod/go/pkg/mod/golang.org/toolchain@v0.0.1-go1.23.5.linux-amd64/src/runtime/panic.go:262
runtime.sigpanic
	/home/dilshod/go/pkg/mod/golang.org/toolchain@v0.0.1-go1.23.5.linux-amd64/src/runtime/signal_unix.go:917
github.com/Masterminds/squirrel.(*insertData).ToSql
	/home/dilshod/go/pkg/mod/github.com/!masterminds/squirrel@v1.5.4/insert.go:113
github.com/Masterminds/squirrel.InsertBuilder.ToSql
	/home/dilshod/go/pkg/mod/github.com/!masterminds/squirrel@v1.5.4/insert.go:216
sugurta/internal/infrastructure/repository/postgresql.(*OrderRepo).Create
	/home/dilshod/Documents/ndc_ai/sugurta_go_api_geteway/internal/infrastructure/repository/postgresql/order.go:61
sugurta/internal/usecase/order.(*orderService).Create
	/home/dilshod/Documents/ndc_ai/sugurta_go_api_geteway/internal/usecase/order/order.go:32
sugurta/api/handlers/v1.(*OrderRoutes).createOrder
	/home/dilshod/Documents/ndc_ai/sugurta_go_api_geteway/api/handlers/v1/order.go:67
github.com/gin-gonic/gin.(*Context).Next
	/home/dilshod/go/pkg/mod/github.com/gin-gonic/gin@v1.10.0/context.go:185
sugurta/api.NewRouter.Recovery.func3
	/home/dilshod/Documents/ndc_ai/sugurta_go_api_geteway/api/middleware/recovery.go:40
github.com/gin-gonic/gin.(*Context).Next
	/home/dilshod/go/pkg/mod/github.com/gin-gonic/gin@v1.10.0/context.go:185
sugurta/api.NewRouter.Logger.func2
	/home/dilshod/Documents/ndc_ai/sugurta_go_api_geteway/api/middleware/logger.go:25
github.com/gin-gonic/gin.(*Context).Next
	/home/dilshod/go/pkg/mod/github.com/gin-gonic/gin@v1.10.0/context.go:185
github.com/gin-gonic/gin.CustomRecoveryWithWriter.func1
	/home/dilshod/go/pkg/mod/github.com/gin-gonic/gin@v1.10.0/recovery.go:102
github.com/gin-gonic/gin.(*Context).Next
	/home/dilshod/go/pkg/mod/github.com/gin-gonic/gin@v1.10.0/context.go:185
github.com/gin-gonic/gin.LoggerWithConfig.func1
	/home/dilshod/go/pkg/mod/github.com/gin-gonic/gin@v1.10.0/logger.go:249
github.com/gin-gonic/gin.(*Context).Next
	/home/dilshod/go/pkg/mod/github.com/gin-gonic/gin@v1.10.0/context.go:185
github.com/gin-gonic/gin.(*Engine).handleHTTPRequest
	/home/dilshod/go/pkg/mod/github.com/gin-gonic/gin@v1.10.0/gin.go:633
github.com/gin-gonic/gin.(*Engine).ServeHTTP
	/home/dilshod/go/pkg/mod/github.com/gin-gonic/gin@v1.10.0/gin.go:589
net/http.serverHandler.ServeHTTP
	/home/dilshod/go/pkg/mod/golang.org/toolchain@v0.0.1-go1.23.5.linux-amd64/src/net/http/server.go:3210
net/http.(*conn).serve
	/home/dilshod/go/pkg/mod/golang.org/toolchain@v0.0.1-go1.23.5.linux-amd64/src/net/http/server.go:2092
2025-04-08T15:22:19.377+0500	INFO	middleware/logger.go:26	127.0.0.1 - POST /v1/orders/ 
2025-04-08T15:25:59.861+0500	INFO	app/main.go:40	api gateway service stops
2025-04-08T15:25:59.862+0500	ERROR	app/main.go:31	app run	{"error": "http: Server closed"}
main.main.func1
	/home/dilshod/Documents/ndc_ai/sugurta_go_api_geteway/cmd/app/main.go:31
2025-04-08T15:26:01.149+0500	INFO	app/main.go:29	Listen: 	{"address": "localhost:8080"}
2025-04-08T15:26:03.187+0500	ERROR	middleware/recovery.go:31	127.0.0.1 - POST /v1/orders/ PANIC DETECTED: runtime error: invalid memory address or nil pointer dereference
goroutine 68 [running]:
runtime/debug.Stack()
	/home/dilshod/go/pkg/mod/golang.org/toolchain@v0.0.1-go1.23.5.linux-amd64/src/runtime/debug/stack.go:26 +0x5e
sugurta/api/middleware.buildPanicMessage(0xc000750100, {0x124f4e0, 0x27a3190})
	/home/dilshod/Documents/ndc_ai/sugurta_go_api_geteway/api/middleware/recovery.go:21 +0x4b4
sugurta/api.NewRouter.Recovery.func3.1()
	/home/dilshod/Documents/ndc_ai/sugurta_go_api_geteway/api/middleware/recovery.go:31 +0x47
panic({0x124f4e0?, 0x27a3190?})
	/home/dilshod/go/pkg/mod/golang.org/toolchain@v0.0.1-go1.23.5.linux-amd64/src/runtime/panic.go:785 +0x132
github.com/Masterminds/squirrel.(*insertData).ToSql(0xc00066d198)
	/home/dilshod/go/pkg/mod/github.com/!masterminds/squirrel@v1.5.4/insert.go:113 +0x417
github.com/Masterminds/squirrel.InsertBuilder.ToSql({{0x15f22b8, 0xc0002044d0}})
	/home/dilshod/go/pkg/mod/github.com/!masterminds/squirrel@v1.5.4/insert.go:216 +0xc7
sugurta/internal/infrastructure/repository/postgresql.(*OrderRepo).Create(0xc000013200, {0x15ea270, 0xc000204070}, 0xc00075e050)
	/home/dilshod/Documents/ndc_ai/sugurta_go_api_geteway/internal/infrastructure/repository/postgresql/order.go:61 +0x6ec
sugurta/internal/usecase/order.(*orderService).Create(0xc000013218, {0x15ea688?, 0xc000750100?}, 0xc00075e050)
	/home/dilshod/Documents/ndc_ai/sugurta_go_api_geteway/internal/usecase/order/order.go:32 +0x7a
sugurta/api/handlers/v1.(*OrderRoutes).createOrder(0xc0006de280, 0xc000750100)
	/home/dilshod/Documents/ndc_ai/sugurta_go_api_geteway/api/handlers/v1/order.go:67 +0xbd
github.com/gin-gonic/gin.(*Context).Next(0xc000750100)
	/home/dilshod/go/pkg/mod/github.com/gin-gonic/gin@v1.10.0/context.go:185 +0x2b
sugurta/api.NewRouter.Recovery.func3(0x18?)
	/home/dilshod/Documents/ndc_ai/sugurta_go_api_geteway/api/middleware/recovery.go:40 +0x48
github.com/gin-gonic/gin.(*Context).Next(0xc000750100)
	/home/dilshod/go/pkg/mod/github.com/gin-gonic/gin@v1.10.0/context.go:185 +0x2b
sugurta/api.NewRouter.Logger.func2(0xc000750100)
	/home/dilshod/Documents/ndc_ai/sugurta_go_api_geteway/api/middleware/logger.go:25 +0x25
github.com/gin-gonic/gin.(*Context).Next(...)
	/home/dilshod/go/pkg/mod/github.com/gin-gonic/gin@v1.10.0/context.go:185
github.com/gin-gonic/gin.CustomRecoveryWithWriter.func1(0xc000750100)
	/home/dilshod/go/pkg/mod/github.com/gin-gonic/gin@v1.10.0/recovery.go:102 +0x6f
github.com/gin-gonic/gin.(*Context).Next(...)
	/home/dilshod/go/pkg/mod/github.com/gin-gonic/gin@v1.10.0/context.go:185
github.com/gin-gonic/gin.LoggerWithConfig.func1(0xc000750100)
	/home/dilshod/go/pkg/mod/github.com/gin-gonic/gin@v1.10.0/logger.go:249 +0xe5
github.com/gin-gonic/gin.(*Context).Next(...)
	/home/dilshod/go/pkg/mod/github.com/gin-gonic/gin@v1.10.0/context.go:185
github.com/gin-gonic/gin.(*Engine).handleHTTPRequest(0xc000666000, 0xc000750100)
	/home/dilshod/go/pkg/mod/github.com/gin-gonic/gin@v1.10.0/gin.go:633 +0x892
github.com/gin-gonic/gin.(*Engine).ServeHTTP(0xc000666000, {0x15e5e08, 0xc000762000}, 0xc00001a000)
	/home/dilshod/go/pkg/mod/github.com/gin-gonic/gin@v1.10.0/gin.go:589 +0x1b2
net/http.serverHandler.ServeHTTP({0x15e0d00?}, {0x15e5e08?, 0xc000762000?}, 0x6?)
	/home/dilshod/go/pkg/mod/golang.org/toolchain@v0.0.1-go1.23.5.linux-amd64/src/net/http/server.go:3210 +0x8e
net/http.(*conn).serve(0xc0005f4090, {0x15ea1c8, 0xc0000a5620})
	/home/dilshod/go/pkg/mod/golang.org/toolchain@v0.0.1-go1.23.5.linux-amd64/src/net/http/server.go:2092 +0x5d0
created by net/http.(*Server).Serve in goroutine 58
	/home/dilshod/go/pkg/mod/golang.org/toolchain@v0.0.1-go1.23.5.linux-amd64/src/net/http/server.go:3360 +0x485


sugurta/api.NewRouter.Recovery.func3.1
	/home/dilshod/Documents/ndc_ai/sugurta_go_api_geteway/api/middleware/recovery.go:31
runtime.gopanic
	/home/dilshod/go/pkg/mod/golang.org/toolchain@v0.0.1-go1.23.5.linux-amd64/src/runtime/panic.go:785
runtime.panicmem
	/home/dilshod/go/pkg/mod/golang.org/toolchain@v0.0.1-go1.23.5.linux-amd64/src/runtime/panic.go:262
runtime.sigpanic
	/home/dilshod/go/pkg/mod/golang.org/toolchain@v0.0.1-go1.23.5.linux-amd64/src/runtime/signal_unix.go:917
github.com/Masterminds/squirrel.(*insertData).ToSql
	/home/dilshod/go/pkg/mod/github.com/!masterminds/squirrel@v1.5.4/insert.go:113
github.com/Masterminds/squirrel.InsertBuilder.ToSql
	/home/dilshod/go/pkg/mod/github.com/!masterminds/squirrel@v1.5.4/insert.go:216
sugurta/internal/infrastructure/repository/postgresql.(*OrderRepo).Create
	/home/dilshod/Documents/ndc_ai/sugurta_go_api_geteway/internal/infrastructure/repository/postgresql/order.go:61
sugurta/internal/usecase/order.(*orderService).Create
	/home/dilshod/Documents/ndc_ai/sugurta_go_api_geteway/internal/usecase/order/order.go:32
sugurta/api/handlers/v1.(*OrderRoutes).createOrder
	/home/dilshod/Documents/ndc_ai/sugurta_go_api_geteway/api/handlers/v1/order.go:67
github.com/gin-gonic/gin.(*Context).Next
	/home/dilshod/go/pkg/mod/github.com/gin-gonic/gin@v1.10.0/context.go:185
sugurta/api.NewRouter.Recovery.func3
	/home/dilshod/Documents/ndc_ai/sugurta_go_api_geteway/api/middleware/recovery.go:40
github.com/gin-gonic/gin.(*Context).Next
	/home/dilshod/go/pkg/mod/github.com/gin-gonic/gin@v1.10.0/context.go:185
sugurta/api.NewRouter.Logger.func2
	/home/dilshod/Documents/ndc_ai/sugurta_go_api_geteway/api/middleware/logger.go:25
github.com/gin-gonic/gin.(*Context).Next
	/home/dilshod/go/pkg/mod/github.com/gin-gonic/gin@v1.10.0/context.go:185
github.com/gin-gonic/gin.CustomRecoveryWithWriter.func1
	/home/dilshod/go/pkg/mod/github.com/gin-gonic/gin@v1.10.0/recovery.go:102
github.com/gin-gonic/gin.(*Context).Next
	/home/dilshod/go/pkg/mod/github.com/gin-gonic/gin@v1.10.0/context.go:185
github.com/gin-gonic/gin.LoggerWithConfig.func1
	/home/dilshod/go/pkg/mod/github.com/gin-gonic/gin@v1.10.0/logger.go:249
github.com/gin-gonic/gin.(*Context).Next
	/home/dilshod/go/pkg/mod/github.com/gin-gonic/gin@v1.10.0/context.go:185
github.com/gin-gonic/gin.(*Engine).handleHTTPRequest
	/home/dilshod/go/pkg/mod/github.com/gin-gonic/gin@v1.10.0/gin.go:633
github.com/gin-gonic/gin.(*Engine).ServeHTTP
	/home/dilshod/go/pkg/mod/github.com/gin-gonic/gin@v1.10.0/gin.go:589
net/http.serverHandler.ServeHTTP
	/home/dilshod/go/pkg/mod/golang.org/toolchain@v0.0.1-go1.23.5.linux-amd64/src/net/http/server.go:3210
net/http.(*conn).serve
	/home/dilshod/go/pkg/mod/golang.org/toolchain@v0.0.1-go1.23.5.linux-amd64/src/net/http/server.go:2092
2025-04-08T15:26:03.187+0500	INFO	middleware/logger.go:26	127.0.0.1 - POST /v1/orders/ 
2025-04-08T15:54:39.197+0500	INFO	app/main.go:40	api gateway service stops
2025-04-08T15:54:39.197+0500	ERROR	app/main.go:31	app run	{"error": "http: Server closed"}
main.main.func1
	/home/dilshod/Documents/ndc_ai/sugurta_go_api_geteway/cmd/app/main.go:31
2025-04-08T15:54:40.720+0500	INFO	app/main.go:29	Listen: 	{"address": "localhost:8080"}
2025-04-08T15:54:42.590+0500	ERROR	middleware/recovery.go:31	127.0.0.1 - POST /v1/orders/ PANIC DETECTED: runtime error: invalid memory address or nil pointer dereference
goroutine 41 [running]:
runtime/debug.Stack()
	/home/dilshod/go/pkg/mod/golang.org/toolchain@v0.0.1-go1.23.5.linux-amd64/src/runtime/debug/stack.go:26 +0x5e
sugurta/api/middleware.buildPanicMessage(0xc000b7c100, {0x124f4e0, 0x27a3190})
	/home/dilshod/Documents/ndc_ai/sugurta_go_api_geteway/api/middleware/recovery.go:21 +0x4b4
sugurta/api.NewRouter.Recovery.func3.1()
	/home/dilshod/Documents/ndc_ai/sugurta_go_api_geteway/api/middleware/recovery.go:31 +0x47
panic({0x124f4e0?, 0x27a3190?})
	/home/dilshod/go/pkg/mod/golang.org/toolchain@v0.0.1-go1.23.5.linux-amd64/src/runtime/panic.go:785 +0x132
github.com/Masterminds/squirrel.(*insertData).ToSql(0xc000c0b198)
	/home/dilshod/go/pkg/mod/github.com/!masterminds/squirrel@v1.5.4/insert.go:113 +0x417
github.com/Masterminds/squirrel.InsertBuilder.ToSql({{0x15f22b8, 0xc000266770}})
	/home/dilshod/go/pkg/mod/github.com/!masterminds/squirrel@v1.5.4/insert.go:216 +0xc7
sugurta/internal/infrastructure/repository/postgresql.(*OrderRepo).Create(0xc000b76168, {0x15ea270, 0xc000266380}, 0xc0001e8c30)
	/home/dilshod/Documents/ndc_ai/sugurta_go_api_geteway/internal/infrastructure/repository/postgresql/order.go:62 +0x6ec
sugurta/internal/usecase/order.(*orderService).Create(0xc000b76180, {0x15ea688?, 0xc000b7c100?}, 0xc0001e8c30)
	/home/dilshod/Documents/ndc_ai/sugurta_go_api_geteway/internal/usecase/order/order.go:32 +0x7a
sugurta/api/handlers/v1.(*OrderRoutes).createOrder(0xc0002b7cc0, 0xc000b7c100)
	/home/dilshod/Documents/ndc_ai/sugurta_go_api_geteway/api/handlers/v1/order.go:67 +0xbd
github.com/gin-gonic/gin.(*Context).Next(0xc000b7c100)
	/home/dilshod/go/pkg/mod/github.com/gin-gonic/gin@v1.10.0/context.go:185 +0x2b
sugurta/api.NewRouter.Recovery.func3(0x18?)
	/home/dilshod/Documents/ndc_ai/sugurta_go_api_geteway/api/middleware/recovery.go:40 +0x48
github.com/gin-gonic/gin.(*Context).Next(0xc000b7c100)
	/home/dilshod/go/pkg/mod/github.com/gin-gonic/gin@v1.10.0/context.go:185 +0x2b
sugurta/api.NewRouter.Logger.func2(0xc000b7c100)
	/home/dilshod/Documents/ndc_ai/sugurta_go_api_geteway/api/middleware/logger.go:25 +0x25
github.com/gin-gonic/gin.(*Context).Next(...)
	/home/dilshod/go/pkg/mod/github.com/gin-gonic/gin@v1.10.0/context.go:185
github.com/gin-gonic/gin.CustomRecoveryWithWriter.func1(0xc000b7c100)
	/home/dilshod/go/pkg/mod/github.com/gin-gonic/gin@v1.10.0/recovery.go:102 +0x6f
github.com/gin-gonic/gin.(*Context).Next(...)
	/home/dilshod/go/pkg/mod/github.com/gin-gonic/gin@v1.10.0/context.go:185
github.com/gin-gonic/gin.LoggerWithConfig.func1(0xc000b7c100)
	/home/dilshod/go/pkg/mod/github.com/gin-gonic/gin@v1.10.0/logger.go:249 +0xe5
github.com/gin-gonic/gin.(*Context).Next(...)
	/home/dilshod/go/pkg/mod/github.com/gin-gonic/gin@v1.10.0/context.go:185
github.com/gin-gonic/gin.(*Engine).handleHTTPRequest(0xc0002e4d00, 0xc000b7c100)
	/home/dilshod/go/pkg/mod/github.com/gin-gonic/gin@v1.10.0/gin.go:633 +0x892
github.com/gin-gonic/gin.(*Engine).ServeHTTP(0xc0002e4d00, {0x15e5e08, 0xc000c00000}, 0xc00019a140)
	/home/dilshod/go/pkg/mod/github.com/gin-gonic/gin@v1.10.0/gin.go:589 +0x1b2
net/http.serverHandler.ServeHTTP({0x15e0d00?}, {0x15e5e08?, 0xc000c00000?}, 0x6?)
	/home/dilshod/go/pkg/mod/golang.org/toolchain@v0.0.1-go1.23.5.linux-amd64/src/net/http/server.go:3210 +0x8e
net/http.(*conn).serve(0xc0001fd950, {0x15ea1c8, 0xc0005e7560})
	/home/dilshod/go/pkg/mod/golang.org/toolchain@v0.0.1-go1.23.5.linux-amd64/src/net/http/server.go:2092 +0x5d0
created by net/http.(*Server).Serve in goroutine 53
	/home/dilshod/go/pkg/mod/golang.org/toolchain@v0.0.1-go1.23.5.linux-amd64/src/net/http/server.go:3360 +0x485


sugurta/api.NewRouter.Recovery.func3.1
	/home/dilshod/Documents/ndc_ai/sugurta_go_api_geteway/api/middleware/recovery.go:31
runtime.gopanic
	/home/dilshod/go/pkg/mod/golang.org/toolchain@v0.0.1-go1.23.5.linux-amd64/src/runtime/panic.go:785
runtime.panicmem
	/home/dilshod/go/pkg/mod/golang.org/toolchain@v0.0.1-go1.23.5.linux-amd64/src/runtime/panic.go:262
runtime.sigpanic
	/home/dilshod/go/pkg/mod/golang.org/toolchain@v0.0.1-go1.23.5.linux-amd64/src/runtime/signal_unix.go:917
github.com/Masterminds/squirrel.(*insertData).ToSql
	/home/dilshod/go/pkg/mod/github.com/!masterminds/squirrel@v1.5.4/insert.go:113
github.com/Masterminds/squirrel.InsertBuilder.ToSql
	/home/dilshod/go/pkg/mod/github.com/!masterminds/squirrel@v1.5.4/insert.go:216
sugurta/internal/infrastructure/repository/postgresql.(*OrderRepo).Create
	/home/dilshod/Documents/ndc_ai/sugurta_go_api_geteway/internal/infrastructure/repository/postgresql/order.go:62
sugurta/internal/usecase/order.(*orderService).Create
	/home/dilshod/Documents/ndc_ai/sugurta_go_api_geteway/internal/usecase/order/order.go:32
sugurta/api/handlers/v1.(*OrderRoutes).createOrder
	/home/dilshod/Documents/ndc_ai/sugurta_go_api_geteway/api/handlers/v1/order.go:67
github.com/gin-gonic/gin.(*Context).Next
	/home/dilshod/go/pkg/mod/github.com/gin-gonic/gin@v1.10.0/context.go:185
sugurta/api.NewRouter.Recovery.func3
	/home/dilshod/Documents/ndc_ai/sugurta_go_api_geteway/api/middleware/recovery.go:40
github.com/gin-gonic/gin.(*Context).Next
	/home/dilshod/go/pkg/mod/github.com/gin-gonic/gin@v1.10.0/context.go:185
sugurta/api.NewRouter.Logger.func2
	/home/dilshod/Documents/ndc_ai/sugurta_go_api_geteway/api/middleware/logger.go:25
github.com/gin-gonic/gin.(*Context).Next
	/home/dilshod/go/pkg/mod/github.com/gin-gonic/gin@v1.10.0/context.go:185
github.com/gin-gonic/gin.CustomRecoveryWithWriter.func1
	/home/dilshod/go/pkg/mod/github.com/gin-gonic/gin@v1.10.0/recovery.go:102
github.com/gin-gonic/gin.(*Context).Next
	/home/dilshod/go/pkg/mod/github.com/gin-gonic/gin@v1.10.0/context.go:185
github.com/gin-gonic/gin.LoggerWithConfig.func1
	/home/dilshod/go/pkg/mod/github.com/gin-gonic/gin@v1.10.0/logger.go:249
github.com/gin-gonic/gin.(*Context).Next
	/home/dilshod/go/pkg/mod/github.com/gin-gonic/gin@v1.10.0/context.go:185
github.com/gin-gonic/gin.(*Engine).handleHTTPRequest
	/home/dilshod/go/pkg/mod/github.com/gin-gonic/gin@v1.10.0/gin.go:633
github.com/gin-gonic/gin.(*Engine).ServeHTTP
	/home/dilshod/go/pkg/mod/github.com/gin-gonic/gin@v1.10.0/gin.go:589
net/http.serverHandler.ServeHTTP
	/home/dilshod/go/pkg/mod/golang.org/toolchain@v0.0.1-go1.23.5.linux-amd64/src/net/http/server.go:3210
net/http.(*conn).serve
	/home/dilshod/go/pkg/mod/golang.org/toolchain@v0.0.1-go1.23.5.linux-amd64/src/net/http/server.go:2092
2025-04-08T15:54:42.590+0500	INFO	middleware/logger.go:26	127.0.0.1 - POST /v1/orders/ 
2025-04-08T15:54:59.392+0500	ERROR	middleware/recovery.go:31	127.0.0.1 - GET /v1/orders/?limit=10&offset=0&filter=id PANIC DETECTED: runtime error: invalid memory address or nil pointer dereference
goroutine 41 [running]:
runtime/debug.Stack()
	/home/dilshod/go/pkg/mod/golang.org/toolchain@v0.0.1-go1.23.5.linux-amd64/src/runtime/debug/stack.go:26 +0x5e
sugurta/api/middleware.buildPanicMessage(0xc000b7c100, {0x124f4e0, 0x27a3190})
	/home/dilshod/Documents/ndc_ai/sugurta_go_api_geteway/api/middleware/recovery.go:21 +0x4b4
sugurta/api.NewRouter.Recovery.func3.1()
	/home/dilshod/Documents/ndc_ai/sugurta_go_api_geteway/api/middleware/recovery.go:31 +0x47
panic({0x124f4e0?, 0x27a3190?})
	/home/dilshod/go/pkg/mod/golang.org/toolchain@v0.0.1-go1.23.5.linux-amd64/src/runtime/panic.go:785 +0x132
github.com/Masterminds/squirrel.(*selectData).ToSql(0xc000c0afc0)
	/home/dilshod/go/pkg/mod/github.com/!masterminds/squirrel@v1.5.4/select.go:60 +0x3e
github.com/Masterminds/squirrel.SelectBuilder.ToSql({{0x15f22b8, 0xc000266e00}})
	/home/dilshod/go/pkg/mod/github.com/!masterminds/squirrel@v1.5.4/select.go:218 +0xfd
sugurta/internal/infrastructure/repository/postgresql.(*OrderRepo).List(0xc000b76168, {0x15ea270, 0xc000266a80}, 0xa, 0x0, 0xc00001a660)
	/home/dilshod/Documents/ndc_ai/sugurta_go_api_geteway/internal/infrastructure/repository/postgresql/order.go:129 +0x269
sugurta/internal/usecase/order.(*orderService).List(0xc000b76180, {0x15ea688?, 0xc000b7c100?}, 0xa, 0x0, 0xc00001a660)
	/home/dilshod/Documents/ndc_ai/sugurta_go_api_geteway/internal/usecase/order/order.go:66 +0x14d
sugurta/api/handlers/v1.(*OrderRoutes).listOrders(0xc0002b7cc0, 0xc000b7c100)
	/home/dilshod/Documents/ndc_ai/sugurta_go_api_geteway/api/handlers/v1/order.go:138 +0x2b1
github.com/gin-gonic/gin.(*Context).Next(0xc000b7c100)
	/home/dilshod/go/pkg/mod/github.com/gin-gonic/gin@v1.10.0/context.go:185 +0x2b
sugurta/api.NewRouter.Recovery.func3(0xc0001b9dc0?)
	/home/dilshod/Documents/ndc_ai/sugurta_go_api_geteway/api/middleware/recovery.go:40 +0x48
github.com/gin-gonic/gin.(*Context).Next(0xc000b7c100)
	/home/dilshod/go/pkg/mod/github.com/gin-gonic/gin@v1.10.0/context.go:185 +0x2b
sugurta/api.NewRouter.Logger.func2(0xc000b7c100)
	/home/dilshod/Documents/ndc_ai/sugurta_go_api_geteway/api/middleware/logger.go:25 +0x25
github.com/gin-gonic/gin.(*Context).Next(...)
	/home/dilshod/go/pkg/mod/github.com/gin-gonic/gin@v1.10.0/context.go:185
github.com/gin-gonic/gin.CustomRecoveryWithWriter.func1(0xc000b7c100)
	/home/dilshod/go/pkg/mod/github.com/gin-gonic/gin@v1.10.0/recovery.go:102 +0x6f
github.com/gin-gonic/gin.(*Context).Next(...)
	/home/dilshod/go/pkg/mod/github.com/gin-gonic/gin@v1.10.0/context.go:185
github.com/gin-gonic/gin.LoggerWithConfig.func1(0xc000b7c100)
	/home/dilshod/go/pkg/mod/github.com/gin-gonic/gin@v1.10.0/logger.go:249 +0xe5
github.com/gin-gonic/gin.(*Context).Next(...)
	/home/dilshod/go/pkg/mod/github.com/gin-gonic/gin@v1.10.0/context.go:185
github.com/gin-gonic/gin.(*Engine).handleHTTPRequest(0xc0002e4d00, 0xc000b7c100)
	/home/dilshod/go/pkg/mod/github.com/gin-gonic/gin@v1.10.0/gin.go:633 +0x892
github.com/gin-gonic/gin.(*Engine).ServeHTTP(0xc0002e4d00, {0x15e5e08, 0xc000c000e0}, 0xc00019a500)
	/home/dilshod/go/pkg/mod/github.com/gin-gonic/gin@v1.10.0/gin.go:589 +0x1b2
net/http.serverHandler.ServeHTTP({0xc0005e7650?}, {0x15e5e08?, 0xc000c000e0?}, 0x6?)
	/home/dilshod/go/pkg/mod/golang.org/toolchain@v0.0.1-go1.23.5.linux-amd64/src/net/http/server.go:3210 +0x8e
net/http.(*conn).serve(0xc0001fd950, {0x15ea1c8, 0xc0005e7560})
	/home/dilshod/go/pkg/mod/golang.org/toolchain@v0.0.1-go1.23.5.linux-amd64/src/net/http/server.go:2092 +0x5d0
created by net/http.(*Server).Serve in goroutine 53
	/home/dilshod/go/pkg/mod/golang.org/toolchain@v0.0.1-go1.23.5.linux-amd64/src/net/http/server.go:3360 +0x485


sugurta/api.NewRouter.Recovery.func3.1
	/home/dilshod/Documents/ndc_ai/sugurta_go_api_geteway/api/middleware/recovery.go:31
runtime.gopanic
	/home/dilshod/go/pkg/mod/golang.org/toolchain@v0.0.1-go1.23.5.linux-amd64/src/runtime/panic.go:785
runtime.panicmem
	/home/dilshod/go/pkg/mod/golang.org/toolchain@v0.0.1-go1.23.5.linux-amd64/src/runtime/panic.go:262
runtime.sigpanic
	/home/dilshod/go/pkg/mod/golang.org/toolchain@v0.0.1-go1.23.5.linux-amd64/src/runtime/signal_unix.go:917
github.com/Masterminds/squirrel.(*selectData).ToSql
	/home/dilshod/go/pkg/mod/github.com/!masterminds/squirrel@v1.5.4/select.go:60
github.com/Masterminds/squirrel.SelectBuilder.ToSql
	/home/dilshod/go/pkg/mod/github.com/!masterminds/squirrel@v1.5.4/select.go:218
sugurta/internal/infrastructure/repository/postgresql.(*OrderRepo).List
	/home/dilshod/Documents/ndc_ai/sugurta_go_api_geteway/internal/infrastructure/repository/postgresql/order.go:129
sugurta/internal/usecase/order.(*orderService).List
	/home/dilshod/Documents/ndc_ai/sugurta_go_api_geteway/internal/usecase/order/order.go:66
sugurta/api/handlers/v1.(*OrderRoutes).listOrders
	/home/dilshod/Documents/ndc_ai/sugurta_go_api_geteway/api/handlers/v1/order.go:138
github.com/gin-gonic/gin.(*Context).Next
	/home/dilshod/go/pkg/mod/github.com/gin-gonic/gin@v1.10.0/context.go:185
sugurta/api.NewRouter.Recovery.func3
	/home/dilshod/Documents/ndc_ai/sugurta_go_api_geteway/api/middleware/recovery.go:40
github.com/gin-gonic/gin.(*Context).Next
	/home/dilshod/go/pkg/mod/github.com/gin-gonic/gin@v1.10.0/context.go:185
sugurta/api.NewRouter.Logger.func2
	/home/dilshod/Documents/ndc_ai/sugurta_go_api_geteway/api/middleware/logger.go:25
github.com/gin-gonic/gin.(*Context).Next
	/home/dilshod/go/pkg/mod/github.com/gin-gonic/gin@v1.10.0/context.go:185
github.com/gin-gonic/gin.CustomRecoveryWithWriter.func1
	/home/dilshod/go/pkg/mod/github.com/gin-gonic/gin@v1.10.0/recovery.go:102
github.com/gin-gonic/gin.(*Context).Next
	/home/dilshod/go/pkg/mod/github.com/gin-gonic/gin@v1.10.0/context.go:185
github.com/gin-gonic/gin.LoggerWithConfig.func1
	/home/dilshod/go/pkg/mod/github.com/gin-gonic/gin@v1.10.0/logger.go:249
github.com/gin-gonic/gin.(*Context).Next
	/home/dilshod/go/pkg/mod/github.com/gin-gonic/gin@v1.10.0/context.go:185
github.com/gin-gonic/gin.(*Engine).handleHTTPRequest
	/home/dilshod/go/pkg/mod/github.com/gin-gonic/gin@v1.10.0/gin.go:633
github.com/gin-gonic/gin.(*Engine).ServeHTTP
	/home/dilshod/go/pkg/mod/github.com/gin-gonic/gin@v1.10.0/gin.go:589
net/http.serverHandler.ServeHTTP
	/home/dilshod/go/pkg/mod/golang.org/toolchain@v0.0.1-go1.23.5.linux-amd64/src/net/http/server.go:3210
net/http.(*conn).serve
	/home/dilshod/go/pkg/mod/golang.org/toolchain@v0.0.1-go1.23.5.linux-amd64/src/net/http/server.go:2092
2025-04-08T15:54:59.392+0500	INFO	middleware/logger.go:26	127.0.0.1 - GET /v1/orders/?limit=10&offset=0&filter=id 
2025-04-08T15:55:21.434+0500	INFO	app/main.go:40	api gateway service stops
2025-04-08T15:55:21.435+0500	ERROR	app/main.go:31	app run	{"error": "http: Server closed"}
main.main.func1
	/home/dilshod/Documents/ndc_ai/sugurta_go_api_geteway/cmd/app/main.go:31
2025-04-08T15:55:22.836+0500	INFO	app/main.go:29	Listen: 	{"address": "localhost:8080"}
2025-04-08T15:55:26.210+0500	ERROR	middleware/recovery.go:31	127.0.0.1 - GET /v1/orders/?limit=10&offset=0&filter=id PANIC DETECTED: runtime error: invalid memory address or nil pointer dereference
goroutine 40 [running]:
runtime/debug.Stack()
	/home/dilshod/go/pkg/mod/golang.org/toolchain@v0.0.1-go1.23.5.linux-amd64/src/runtime/debug/stack.go:26 +0x5e
sugurta/api/middleware.buildPanicMessage(0xc00016a200, {0x124f4e0, 0x27a3190})
	/home/dilshod/Documents/ndc_ai/sugurta_go_api_geteway/api/middleware/recovery.go:21 +0x4b4
sugurta/api.NewRouter.Recovery.func3.1()
	/home/dilshod/Documents/ndc_ai/sugurta_go_api_geteway/api/middleware/recovery.go:31 +0x47
panic({0x124f4e0?, 0x27a3190?})
	/home/dilshod/go/pkg/mod/golang.org/toolchain@v0.0.1-go1.23.5.linux-amd64/src/runtime/panic.go:785 +0x132
github.com/Masterminds/squirrel.(*selectData).ToSql(0xc000128fc0)
	/home/dilshod/go/pkg/mod/github.com/!masterminds/squirrel@v1.5.4/select.go:60 +0x3e
github.com/Masterminds/squirrel.SelectBuilder.ToSql({{0x15f22b8, 0xc0001fb5e0}})
	/home/dilshod/go/pkg/mod/github.com/!masterminds/squirrel@v1.5.4/select.go:218 +0xfd
sugurta/internal/infrastructure/repository/postgresql.(*OrderRepo).List(0xc0006521f8, {0x15ea270, 0xc0001fb110}, 0xa, 0x0, 0xc000149770)
	/home/dilshod/Documents/ndc_ai/sugurta_go_api_geteway/internal/infrastructure/repository/postgresql/order.go:129 +0x269
sugurta/internal/usecase/order.(*orderService).List(0xc000652210, {0x15ea688?, 0xc00016a200?}, 0xa, 0x0, 0xc000149770)
	/home/dilshod/Documents/ndc_ai/sugurta_go_api_geteway/internal/usecase/order/order.go:66 +0x14d
sugurta/api/handlers/v1.(*OrderRoutes).listOrders(0xc00013e780, 0xc00016a200)
	/home/dilshod/Documents/ndc_ai/sugurta_go_api_geteway/api/handlers/v1/order.go:138 +0x2b1
github.com/gin-gonic/gin.(*Context).Next(0xc00016a200)
	/home/dilshod/go/pkg/mod/github.com/gin-gonic/gin@v1.10.0/context.go:185 +0x2b
sugurta/api.NewRouter.Recovery.func3(0xc000254680?)
	/home/dilshod/Documents/ndc_ai/sugurta_go_api_geteway/api/middleware/recovery.go:40 +0x48
github.com/gin-gonic/gin.(*Context).Next(0xc00016a200)
	/home/dilshod/go/pkg/mod/github.com/gin-gonic/gin@v1.10.0/context.go:185 +0x2b
sugurta/api.NewRouter.Logger.func2(0xc00016a200)
	/home/dilshod/Documents/ndc_ai/sugurta_go_api_geteway/api/middleware/logger.go:25 +0x25
github.com/gin-gonic/gin.(*Context).Next(...)
	/home/dilshod/go/pkg/mod/github.com/gin-gonic/gin@v1.10.0/context.go:185
github.com/gin-gonic/gin.CustomRecoveryWithWriter.func1(0xc00016a200)
	/home/dilshod/go/pkg/mod/github.com/gin-gonic/gin@v1.10.0/recovery.go:102 +0x6f
github.com/gin-gonic/gin.(*Context).Next(...)
	/home/dilshod/go/pkg/mod/github.com/gin-gonic/gin@v1.10.0/context.go:185
github.com/gin-gonic/gin.LoggerWithConfig.func1(0xc00016a200)
	/home/dilshod/go/pkg/mod/github.com/gin-gonic/gin@v1.10.0/logger.go:249 +0xe5
github.com/gin-gonic/gin.(*Context).Next(...)
	/home/dilshod/go/pkg/mod/github.com/gin-gonic/gin@v1.10.0/context.go:185
github.com/gin-gonic/gin.(*Engine).handleHTTPRequest(0xc0000f81a0, 0xc00016a200)
	/home/dilshod/go/pkg/mod/github.com/gin-gonic/gin@v1.10.0/gin.go:633 +0x892
github.com/gin-gonic/gin.(*Engine).ServeHTTP(0xc0000f81a0, {0x15e5e08, 0xc0001560e0}, 0xc0001ec140)
	/home/dilshod/go/pkg/mod/github.com/gin-gonic/gin@v1.10.0/gin.go:589 +0x1b2
net/http.serverHandler.ServeHTTP({0xc000149650?}, {0x15e5e08?, 0xc0001560e0?}, 0x6?)
	/home/dilshod/go/pkg/mod/golang.org/toolchain@v0.0.1-go1.23.5.linux-amd64/src/net/http/server.go:3210 +0x8e
net/http.(*conn).serve(0xc00017a000, {0x15ea1c8, 0xc000149560})
	/home/dilshod/go/pkg/mod/golang.org/toolchain@v0.0.1-go1.23.5.linux-amd64/src/net/http/server.go:2092 +0x5d0
created by net/http.(*Server).Serve in goroutine 27
	/home/dilshod/go/pkg/mod/golang.org/toolchain@v0.0.1-go1.23.5.linux-amd64/src/net/http/server.go:3360 +0x485


sugurta/api.NewRouter.Recovery.func3.1
	/home/dilshod/Documents/ndc_ai/sugurta_go_api_geteway/api/middleware/recovery.go:31
runtime.gopanic
	/home/dilshod/go/pkg/mod/golang.org/toolchain@v0.0.1-go1.23.5.linux-amd64/src/runtime/panic.go:785
runtime.panicmem
	/home/dilshod/go/pkg/mod/golang.org/toolchain@v0.0.1-go1.23.5.linux-amd64/src/runtime/panic.go:262
runtime.sigpanic
	/home/dilshod/go/pkg/mod/golang.org/toolchain@v0.0.1-go1.23.5.linux-amd64/src/runtime/signal_unix.go:917
github.com/Masterminds/squirrel.(*selectData).ToSql
	/home/dilshod/go/pkg/mod/github.com/!masterminds/squirrel@v1.5.4/select.go:60
github.com/Masterminds/squirrel.SelectBuilder.ToSql
	/home/dilshod/go/pkg/mod/github.com/!masterminds/squirrel@v1.5.4/select.go:218
sugurta/internal/infrastructure/repository/postgresql.(*OrderRepo).List
	/home/dilshod/Documents/ndc_ai/sugurta_go_api_geteway/internal/infrastructure/repository/postgresql/order.go:129
sugurta/internal/usecase/order.(*orderService).List
	/home/dilshod/Documents/ndc_ai/sugurta_go_api_geteway/internal/usecase/order/order.go:66
sugurta/api/handlers/v1.(*OrderRoutes).listOrders
	/home/dilshod/Documents/ndc_ai/sugurta_go_api_geteway/api/handlers/v1/order.go:138
github.com/gin-gonic/gin.(*Context).Next
	/home/dilshod/go/pkg/mod/github.com/gin-gonic/gin@v1.10.0/context.go:185
sugurta/api.NewRouter.Recovery.func3
	/home/dilshod/Documents/ndc_ai/sugurta_go_api_geteway/api/middleware/recovery.go:40
github.com/gin-gonic/gin.(*Context).Next
	/home/dilshod/go/pkg/mod/github.com/gin-gonic/gin@v1.10.0/context.go:185
sugurta/api.NewRouter.Logger.func2
	/home/dilshod/Documents/ndc_ai/sugurta_go_api_geteway/api/middleware/logger.go:25
github.com/gin-gonic/gin.(*Context).Next
	/home/dilshod/go/pkg/mod/github.com/gin-gonic/gin@v1.10.0/context.go:185
github.com/gin-gonic/gin.CustomRecoveryWithWriter.func1
	/home/dilshod/go/pkg/mod/github.com/gin-gonic/gin@v1.10.0/recovery.go:102
github.com/gin-gonic/gin.(*Context).Next
	/home/dilshod/go/pkg/mod/github.com/gin-gonic/gin@v1.10.0/context.go:185
github.com/gin-gonic/gin.LoggerWithConfig.func1
	/home/dilshod/go/pkg/mod/github.com/gin-gonic/gin@v1.10.0/logger.go:249
github.com/gin-gonic/gin.(*Context).Next
	/home/dilshod/go/pkg/mod/github.com/gin-gonic/gin@v1.10.0/context.go:185
github.com/gin-gonic/gin.(*Engine).handleHTTPRequest
	/home/dilshod/go/pkg/mod/github.com/gin-gonic/gin@v1.10.0/gin.go:633
github.com/gin-gonic/gin.(*Engine).ServeHTTP
	/home/dilshod/go/pkg/mod/github.com/gin-gonic/gin@v1.10.0/gin.go:589
net/http.serverHandler.ServeHTTP
	/home/dilshod/go/pkg/mod/golang.org/toolchain@v0.0.1-go1.23.5.linux-amd64/src/net/http/server.go:3210
net/http.(*conn).serve
	/home/dilshod/go/pkg/mod/golang.org/toolchain@v0.0.1-go1.23.5.linux-amd64/src/net/http/server.go:2092
2025-04-08T15:55:26.210+0500	INFO	middleware/logger.go:26	127.0.0.1 - GET /v1/orders/?limit=10&offset=0&filter=id 
2025-04-08T15:56:14.112+0500	INFO	app/main.go:40	api gateway service stops
2025-04-08T15:56:14.112+0500	ERROR	app/main.go:31	app run	{"error": "http: Server closed"}
main.main.func1
	/home/dilshod/Documents/ndc_ai/sugurta_go_api_geteway/cmd/app/main.go:31
2025-04-08T15:56:15.415+0500	INFO	app/main.go:29	Listen: 	{"address": "localhost:8080"}
2025-04-08T15:56:18.411+0500	ERROR	middleware/recovery.go:31	127.0.0.1 - GET /v1/orders/?limit=10&offset=0&filter=id PANIC DETECTED: runtime error: invalid memory address or nil pointer dereference
goroutine 64 [running]:
runtime/debug.Stack()
	/home/dilshod/go/pkg/mod/golang.org/toolchain@v0.0.1-go1.23.5.linux-amd64/src/runtime/debug/stack.go:26 +0x5e
sugurta/api/middleware.buildPanicMessage(0xc000b50000, {0x124f4e0, 0x27a3190})
	/home/dilshod/Documents/ndc_ai/sugurta_go_api_geteway/api/middleware/recovery.go:21 +0x4b4
sugurta/api.NewRouter.Recovery.func3.1()
	/home/dilshod/Documents/ndc_ai/sugurta_go_api_geteway/api/middleware/recovery.go:31 +0x47
panic({0x124f4e0?, 0x27a3190?})
	/home/dilshod/go/pkg/mod/golang.org/toolchain@v0.0.1-go1.23.5.linux-amd64/src/runtime/panic.go:785 +0x132
github.com/Masterminds/squirrel.(*selectData).ToSql(0xc000022fc0)
	/home/dilshod/go/pkg/mod/github.com/!masterminds/squirrel@v1.5.4/select.go:60 +0x3e
github.com/Masterminds/squirrel.SelectBuilder.ToSql({{0x15f22b8, 0xc0001f8e70}})
	/home/dilshod/go/pkg/mod/github.com/!masterminds/squirrel@v1.5.4/select.go:218 +0xfd
sugurta/internal/infrastructure/repository/postgresql.(*OrderRepo).List(0xc000b06300, {0x15ea270, 0xc0001f8b60}, 0xa, 0x0, 0xc000b17050)
	/home/dilshod/Documents/ndc_ai/sugurta_go_api_geteway/internal/infrastructure/repository/postgresql/order.go:130 +0x269
sugurta/internal/usecase/order.(*orderService).List(0xc000b06318, {0x15ea688?, 0xc000b50000?}, 0xa, 0x0, 0xc000b17050)
	/home/dilshod/Documents/ndc_ai/sugurta_go_api_geteway/internal/usecase/order/order.go:66 +0x14d
sugurta/api/handlers/v1.(*OrderRoutes).listOrders(0xc000ba07c0, 0xc000b50000)
	/home/dilshod/Documents/ndc_ai/sugurta_go_api_geteway/api/handlers/v1/order.go:138 +0x2b1
github.com/gin-gonic/gin.(*Context).Next(0xc000b50000)
	/home/dilshod/go/pkg/mod/github.com/gin-gonic/gin@v1.10.0/context.go:185 +0x2b
sugurta/api.NewRouter.Recovery.func3(0xc000254100?)
	/home/dilshod/Documents/ndc_ai/sugurta_go_api_geteway/api/middleware/recovery.go:40 +0x48
github.com/gin-gonic/gin.(*Context).Next(0xc000b50000)
	/home/dilshod/go/pkg/mod/github.com/gin-gonic/gin@v1.10.0/context.go:185 +0x2b
sugurta/api.NewRouter.Logger.func2(0xc000b50000)
	/home/dilshod/Documents/ndc_ai/sugurta_go_api_geteway/api/middleware/logger.go:25 +0x25
github.com/gin-gonic/gin.(*Context).Next(...)
	/home/dilshod/go/pkg/mod/github.com/gin-gonic/gin@v1.10.0/context.go:185
github.com/gin-gonic/gin.CustomRecoveryWithWriter.func1(0xc000b50000)
	/home/dilshod/go/pkg/mod/github.com/gin-gonic/gin@v1.10.0/recovery.go:102 +0x6f
github.com/gin-gonic/gin.(*Context).Next(...)
	/home/dilshod/go/pkg/mod/github.com/gin-gonic/gin@v1.10.0/context.go:185
github.com/gin-gonic/gin.LoggerWithConfig.func1(0xc000b50000)
	/home/dilshod/go/pkg/mod/github.com/gin-gonic/gin@v1.10.0/logger.go:249 +0xe5
github.com/gin-gonic/gin.(*Context).Next(...)
	/home/dilshod/go/pkg/mod/github.com/gin-gonic/gin@v1.10.0/context.go:185
github.com/gin-gonic/gin.(*Engine).handleHTTPRequest(0xc000bc4000, 0xc000b50000)
	/home/dilshod/go/pkg/mod/github.com/gin-gonic/gin@v1.10.0/gin.go:633 +0x892
github.com/gin-gonic/gin.(*Engine).ServeHTTP(0xc000bc4000, {0x15e5e08, 0xc000b020e0}, 0xc00021a3c0)
	/home/dilshod/go/pkg/mod/github.com/gin-gonic/gin@v1.10.0/gin.go:589 +0x1b2
net/http.serverHandler.ServeHTTP({0xc000b16f30?}, {0x15e5e08?, 0xc000b020e0?}, 0x6?)
	/home/dilshod/go/pkg/mod/golang.org/toolchain@v0.0.1-go1.23.5.linux-amd64/src/net/http/server.go:3210 +0x8e
net/http.(*conn).serve(0xc000b30360, {0x15ea1c8, 0xc000b16e40})
	/home/dilshod/go/pkg/mod/golang.org/toolchain@v0.0.1-go1.23.5.linux-amd64/src/net/http/server.go:2092 +0x5d0
created by net/http.(*Server).Serve in goroutine 60
	/home/dilshod/go/pkg/mod/golang.org/toolchain@v0.0.1-go1.23.5.linux-amd64/src/net/http/server.go:3360 +0x485


sugurta/api.NewRouter.Recovery.func3.1
	/home/dilshod/Documents/ndc_ai/sugurta_go_api_geteway/api/middleware/recovery.go:31
runtime.gopanic
	/home/dilshod/go/pkg/mod/golang.org/toolchain@v0.0.1-go1.23.5.linux-amd64/src/runtime/panic.go:785
runtime.panicmem
	/home/dilshod/go/pkg/mod/golang.org/toolchain@v0.0.1-go1.23.5.linux-amd64/src/runtime/panic.go:262
runtime.sigpanic
	/home/dilshod/go/pkg/mod/golang.org/toolchain@v0.0.1-go1.23.5.linux-amd64/src/runtime/signal_unix.go:917
github.com/Masterminds/squirrel.(*selectData).ToSql
	/home/dilshod/go/pkg/mod/github.com/!masterminds/squirrel@v1.5.4/select.go:60
github.com/Masterminds/squirrel.SelectBuilder.ToSql
	/home/dilshod/go/pkg/mod/github.com/!masterminds/squirrel@v1.5.4/select.go:218
sugurta/internal/infrastructure/repository/postgresql.(*OrderRepo).List
	/home/dilshod/Documents/ndc_ai/sugurta_go_api_geteway/internal/infrastructure/repository/postgresql/order.go:130
sugurta/internal/usecase/order.(*orderService).List
	/home/dilshod/Documents/ndc_ai/sugurta_go_api_geteway/internal/usecase/order/order.go:66
sugurta/api/handlers/v1.(*OrderRoutes).listOrders
	/home/dilshod/Documents/ndc_ai/sugurta_go_api_geteway/api/handlers/v1/order.go:138
github.com/gin-gonic/gin.(*Context).Next
	/home/dilshod/go/pkg/mod/github.com/gin-gonic/gin@v1.10.0/context.go:185
sugurta/api.NewRouter.Recovery.func3
	/home/dilshod/Documents/ndc_ai/sugurta_go_api_geteway/api/middleware/recovery.go:40
github.com/gin-gonic/gin.(*Context).Next
	/home/dilshod/go/pkg/mod/github.com/gin-gonic/gin@v1.10.0/context.go:185
sugurta/api.NewRouter.Logger.func2
	/home/dilshod/Documents/ndc_ai/sugurta_go_api_geteway/api/middleware/logger.go:25
github.com/gin-gonic/gin.(*Context).Next
	/home/dilshod/go/pkg/mod/github.com/gin-gonic/gin@v1.10.0/context.go:185
github.com/gin-gonic/gin.CustomRecoveryWithWriter.func1
	/home/dilshod/go/pkg/mod/github.com/gin-gonic/gin@v1.10.0/recovery.go:102
github.com/gin-gonic/gin.(*Context).Next
	/home/dilshod/go/pkg/mod/github.com/gin-gonic/gin@v1.10.0/context.go:185
github.com/gin-gonic/gin.LoggerWithConfig.func1
	/home/dilshod/go/pkg/mod/github.com/gin-gonic/gin@v1.10.0/logger.go:249
github.com/gin-gonic/gin.(*Context).Next
	/home/dilshod/go/pkg/mod/github.com/gin-gonic/gin@v1.10.0/context.go:185
github.com/gin-gonic/gin.(*Engine).handleHTTPRequest
	/home/dilshod/go/pkg/mod/github.com/gin-gonic/gin@v1.10.0/gin.go:633
github.com/gin-gonic/gin.(*Engine).ServeHTTP
	/home/dilshod/go/pkg/mod/github.com/gin-gonic/gin@v1.10.0/gin.go:589
net/http.serverHandler.ServeHTTP
	/home/dilshod/go/pkg/mod/golang.org/toolchain@v0.0.1-go1.23.5.linux-amd64/src/net/http/server.go:3210
net/http.(*conn).serve
	/home/dilshod/go/pkg/mod/golang.org/toolchain@v0.0.1-go1.23.5.linux-amd64/src/net/http/server.go:2092
2025-04-08T15:56:18.411+0500	INFO	middleware/logger.go:26	127.0.0.1 - GET /v1/orders/?limit=10&offset=0&filter=id 
2025-04-08T15:57:17.074+0500	INFO	app/main.go:40	api gateway service stops
2025-04-08T15:57:17.074+0500	ERROR	app/main.go:31	app run	{"error": "http: Server closed"}
main.main.func1
	/home/dilshod/Documents/ndc_ai/sugurta_go_api_geteway/cmd/app/main.go:31
2025-04-08T15:57:18.416+0500	INFO	app/main.go:29	Listen: 	{"address": "localhost:8080"}
2025-04-08T15:57:20.351+0500	ERROR	middleware/recovery.go:31	127.0.0.1 - GET /v1/orders/?limit=10&offset=0&filter=id PANIC DETECTED: runtime error: invalid memory address or nil pointer dereference
goroutine 29 [running]:
runtime/debug.Stack()
	/home/dilshod/go/pkg/mod/golang.org/toolchain@v0.0.1-go1.23.5.linux-amd64/src/runtime/debug/stack.go:26 +0x5e
sugurta/api/middleware.buildPanicMessage(0xc0006f8200, {0x124f4e0, 0x27a3190})
	/home/dilshod/Documents/ndc_ai/sugurta_go_api_geteway/api/middleware/recovery.go:21 +0x4b4
sugurta/api.NewRouter.Recovery.func3.1()
	/home/dilshod/Documents/ndc_ai/sugurta_go_api_geteway/api/middleware/recovery.go:31 +0x47
panic({0x124f4e0?, 0x27a3190?})
	/home/dilshod/go/pkg/mod/golang.org/toolchain@v0.0.1-go1.23.5.linux-amd64/src/runtime/panic.go:785 +0x132
github.com/Masterminds/squirrel.(*selectData).ToSql(0xc0001f4fc0)
	/home/dilshod/go/pkg/mod/github.com/!masterminds/squirrel@v1.5.4/select.go:60 +0x3e
github.com/Masterminds/squirrel.SelectBuilder.ToSql({{0x15f22b8, 0xc00017d110}})
	/home/dilshod/go/pkg/mod/github.com/!masterminds/squirrel@v1.5.4/select.go:218 +0xfd
sugurta/internal/infrastructure/repository/postgresql.(*OrderRepo).List(0xc0005dc150, {0x15ea270, 0xc00017cd20}, 0xa, 0x0, 0xc0006fe480)
	/home/dilshod/Documents/ndc_ai/sugurta_go_api_geteway/internal/infrastructure/repository/postgresql/order.go:130 +0x269
sugurta/internal/usecase/order.(*orderService).List(0xc0005dc168, {0x15ea688?, 0xc0006f8200?}, 0xa, 0x0, 0xc0006fe480)
	/home/dilshod/Documents/ndc_ai/sugurta_go_api_geteway/internal/usecase/order/order.go:66 +0x14d
sugurta/api/handlers/v1.(*OrderRoutes).listOrders(0xc00067aec0, 0xc0006f8200)
	/home/dilshod/Documents/ndc_ai/sugurta_go_api_geteway/api/handlers/v1/order.go:138 +0x2b1
github.com/gin-gonic/gin.(*Context).Next(0xc0006f8200)
	/home/dilshod/go/pkg/mod/github.com/gin-gonic/gin@v1.10.0/context.go:185 +0x2b
sugurta/api.NewRouter.Recovery.func3(0xc000218700?)
	/home/dilshod/Documents/ndc_ai/sugurta_go_api_geteway/api/middleware/recovery.go:40 +0x48
github.com/gin-gonic/gin.(*Context).Next(0xc0006f8200)
	/home/dilshod/go/pkg/mod/github.com/gin-gonic/gin@v1.10.0/context.go:185 +0x2b
sugurta/api.NewRouter.Logger.func2(0xc0006f8200)
	/home/dilshod/Documents/ndc_ai/sugurta_go_api_geteway/api/middleware/logger.go:25 +0x25
github.com/gin-gonic/gin.(*Context).Next(...)
	/home/dilshod/go/pkg/mod/github.com/gin-gonic/gin@v1.10.0/context.go:185
github.com/gin-gonic/gin.CustomRecoveryWithWriter.func1(0xc0006f8200)
	/home/dilshod/go/pkg/mod/github.com/gin-gonic/gin@v1.10.0/recovery.go:102 +0x6f
github.com/gin-gonic/gin.(*Context).Next(...)
	/home/dilshod/go/pkg/mod/github.com/gin-gonic/gin@v1.10.0/context.go:185
github.com/gin-gonic/gin.LoggerWithConfig.func1(0xc0006f8200)
	/home/dilshod/go/pkg/mod/github.com/gin-gonic/gin@v1.10.0/logger.go:249 +0xe5
github.com/gin-gonic/gin.(*Context).Next(...)
	/home/dilshod/go/pkg/mod/github.com/gin-gonic/gin@v1.10.0/context.go:185
github.com/gin-gonic/gin.(*Engine).handleHTTPRequest(0xc0005364e0, 0xc0006f8200)
	/home/dilshod/go/pkg/mod/github.com/gin-gonic/gin@v1.10.0/gin.go:633 +0x892
github.com/gin-gonic/gin.(*Engine).ServeHTTP(0xc0005364e0, {0x15e5e08, 0xc000670460}, 0xc0000ca280)
	/home/dilshod/go/pkg/mod/github.com/gin-gonic/gin@v1.10.0/gin.go:589 +0x1b2
net/http.serverHandler.ServeHTTP({0xc0006fe360?}, {0x15e5e08?, 0xc000670460?}, 0x6?)
	/home/dilshod/go/pkg/mod/golang.org/toolchain@v0.0.1-go1.23.5.linux-amd64/src/net/http/server.go:3210 +0x8e
net/http.(*conn).serve(0xc0006722d0, {0x15ea1c8, 0xc0006fe270})
	/home/dilshod/go/pkg/mod/golang.org/toolchain@v0.0.1-go1.23.5.linux-amd64/src/net/http/server.go:2092 +0x5d0
created by net/http.(*Server).Serve in goroutine 56
	/home/dilshod/go/pkg/mod/golang.org/toolchain@v0.0.1-go1.23.5.linux-amd64/src/net/http/server.go:3360 +0x485


sugurta/api.NewRouter.Recovery.func3.1
	/home/dilshod/Documents/ndc_ai/sugurta_go_api_geteway/api/middleware/recovery.go:31
runtime.gopanic
	/home/dilshod/go/pkg/mod/golang.org/toolchain@v0.0.1-go1.23.5.linux-amd64/src/runtime/panic.go:785
runtime.panicmem
	/home/dilshod/go/pkg/mod/golang.org/toolchain@v0.0.1-go1.23.5.linux-amd64/src/runtime/panic.go:262
runtime.sigpanic
	/home/dilshod/go/pkg/mod/golang.org/toolchain@v0.0.1-go1.23.5.linux-amd64/src/runtime/signal_unix.go:917
github.com/Masterminds/squirrel.(*selectData).ToSql
	/home/dilshod/go/pkg/mod/github.com/!masterminds/squirrel@v1.5.4/select.go:60
github.com/Masterminds/squirrel.SelectBuilder.ToSql
	/home/dilshod/go/pkg/mod/github.com/!masterminds/squirrel@v1.5.4/select.go:218
sugurta/internal/infrastructure/repository/postgresql.(*OrderRepo).List
	/home/dilshod/Documents/ndc_ai/sugurta_go_api_geteway/internal/infrastructure/repository/postgresql/order.go:130
sugurta/internal/usecase/order.(*orderService).List
	/home/dilshod/Documents/ndc_ai/sugurta_go_api_geteway/internal/usecase/order/order.go:66
sugurta/api/handlers/v1.(*OrderRoutes).listOrders
	/home/dilshod/Documents/ndc_ai/sugurta_go_api_geteway/api/handlers/v1/order.go:138
github.com/gin-gonic/gin.(*Context).Next
	/home/dilshod/go/pkg/mod/github.com/gin-gonic/gin@v1.10.0/context.go:185
sugurta/api.NewRouter.Recovery.func3
	/home/dilshod/Documents/ndc_ai/sugurta_go_api_geteway/api/middleware/recovery.go:40
github.com/gin-gonic/gin.(*Context).Next
	/home/dilshod/go/pkg/mod/github.com/gin-gonic/gin@v1.10.0/context.go:185
sugurta/api.NewRouter.Logger.func2
	/home/dilshod/Documents/ndc_ai/sugurta_go_api_geteway/api/middleware/logger.go:25
github.com/gin-gonic/gin.(*Context).Next
	/home/dilshod/go/pkg/mod/github.com/gin-gonic/gin@v1.10.0/context.go:185
github.com/gin-gonic/gin.CustomRecoveryWithWriter.func1
	/home/dilshod/go/pkg/mod/github.com/gin-gonic/gin@v1.10.0/recovery.go:102
github.com/gin-gonic/gin.(*Context).Next
	/home/dilshod/go/pkg/mod/github.com/gin-gonic/gin@v1.10.0/context.go:185
github.com/gin-gonic/gin.LoggerWithConfig.func1
	/home/dilshod/go/pkg/mod/github.com/gin-gonic/gin@v1.10.0/logger.go:249
github.com/gin-gonic/gin.(*Context).Next
	/home/dilshod/go/pkg/mod/github.com/gin-gonic/gin@v1.10.0/context.go:185
github.com/gin-gonic/gin.(*Engine).handleHTTPRequest
	/home/dilshod/go/pkg/mod/github.com/gin-gonic/gin@v1.10.0/gin.go:633
github.com/gin-gonic/gin.(*Engine).ServeHTTP
	/home/dilshod/go/pkg/mod/github.com/gin-gonic/gin@v1.10.0/gin.go:589
net/http.serverHandler.ServeHTTP
	/home/dilshod/go/pkg/mod/golang.org/toolchain@v0.0.1-go1.23.5.linux-amd64/src/net/http/server.go:3210
net/http.(*conn).serve
	/home/dilshod/go/pkg/mod/golang.org/toolchain@v0.0.1-go1.23.5.linux-amd64/src/net/http/server.go:2092
2025-04-08T15:57:20.352+0500	INFO	middleware/logger.go:26	127.0.0.1 - GET /v1/orders/?limit=10&offset=0&filter=id 
2025-04-08T15:57:35.051+0500	INFO	app/main.go:40	api gateway service stops
2025-04-08T15:57:35.051+0500	ERROR	app/main.go:31	app run	{"error": "http: Server closed"}
main.main.func1
	/home/dilshod/Documents/ndc_ai/sugurta_go_api_geteway/cmd/app/main.go:31
2025-04-08T15:57:36.206+0500	INFO	app/main.go:29	Listen: 	{"address": "localhost:8080"}
2025-04-08T15:57:37.975+0500	ERROR	middleware/recovery.go:31	127.0.0.1 - GET /v1/orders/?limit=10&offset=0&filter=id PANIC DETECTED: runtime error: invalid memory address or nil pointer dereference
goroutine 53 [running]:
runtime/debug.Stack()
	/home/dilshod/go/pkg/mod/golang.org/toolchain@v0.0.1-go1.23.5.linux-amd64/src/runtime/debug/stack.go:26 +0x5e
sugurta/api/middleware.buildPanicMessage(0xc00002e700, {0x124f4e0, 0x27a3190})
	/home/dilshod/Documents/ndc_ai/sugurta_go_api_geteway/api/middleware/recovery.go:21 +0x4b4
sugurta/api.NewRouter.Recovery.func3.1()
	/home/dilshod/Documents/ndc_ai/sugurta_go_api_geteway/api/middleware/recovery.go:31 +0x47
panic({0x124f4e0?, 0x27a3190?})
	/home/dilshod/go/pkg/mod/golang.org/toolchain@v0.0.1-go1.23.5.linux-amd64/src/runtime/panic.go:785 +0x132
github.com/Masterminds/squirrel.(*selectData).ToSql(0xc00067afc0)
	/home/dilshod/go/pkg/mod/github.com/!masterminds/squirrel@v1.5.4/select.go:60 +0x3e
github.com/Masterminds/squirrel.SelectBuilder.ToSql({{0x15f22b8, 0xc0002108c0}})
	/home/dilshod/go/pkg/mod/github.com/!masterminds/squirrel@v1.5.4/select.go:218 +0xfd
sugurta/internal/infrastructure/repository/postgresql.(*OrderRepo).List(0xc0000126c0, {0x15ea270, 0xc0002104d0}, 0xa, 0x0, 0xc0005ff590)
	/home/dilshod/Documents/ndc_ai/sugurta_go_api_geteway/internal/infrastructure/repository/postgresql/order.go:130 +0x269
sugurta/internal/usecase/order.(*orderService).List(0xc0000126d8, {0x15ea688?, 0xc00002e700?}, 0xa, 0x0, 0xc0005ff590)
	/home/dilshod/Documents/ndc_ai/sugurta_go_api_geteway/internal/usecase/order/order.go:66 +0x14d
sugurta/api/handlers/v1.(*OrderRoutes).listOrders(0xc000617300, 0xc00002e700)
	/home/dilshod/Documents/ndc_ai/sugurta_go_api_geteway/api/handlers/v1/order.go:138 +0x2b1
github.com/gin-gonic/gin.(*Context).Next(0xc00002e700)
	/home/dilshod/go/pkg/mod/github.com/gin-gonic/gin@v1.10.0/context.go:185 +0x2b
sugurta/api.NewRouter.Recovery.func3(0xc00025cb80?)
	/home/dilshod/Documents/ndc_ai/sugurta_go_api_geteway/api/middleware/recovery.go:40 +0x48
github.com/gin-gonic/gin.(*Context).Next(0xc00002e700)
	/home/dilshod/go/pkg/mod/github.com/gin-gonic/gin@v1.10.0/context.go:185 +0x2b
sugurta/api.NewRouter.Logger.func2(0xc00002e700)
	/home/dilshod/Documents/ndc_ai/sugurta_go_api_geteway/api/middleware/logger.go:25 +0x25
github.com/gin-gonic/gin.(*Context).Next(...)
	/home/dilshod/go/pkg/mod/github.com/gin-gonic/gin@v1.10.0/context.go:185
github.com/gin-gonic/gin.CustomRecoveryWithWriter.func1(0xc00002e700)
	/home/dilshod/go/pkg/mod/github.com/gin-gonic/gin@v1.10.0/recovery.go:102 +0x6f
github.com/gin-gonic/gin.(*Context).Next(...)
	/home/dilshod/go/pkg/mod/github.com/gin-gonic/gin@v1.10.0/context.go:185
github.com/gin-gonic/gin.LoggerWithConfig.func1(0xc00002e700)
	/home/dilshod/go/pkg/mod/github.com/gin-gonic/gin@v1.10.0/logger.go:249 +0xe5
github.com/gin-gonic/gin.(*Context).Next(...)
	/home/dilshod/go/pkg/mod/github.com/gin-gonic/gin@v1.10.0/context.go:185
github.com/gin-gonic/gin.(*Engine).handleHTTPRequest(0xc00026c9c0, 0xc00002e700)
	/home/dilshod/go/pkg/mod/github.com/gin-gonic/gin@v1.10.0/gin.go:633 +0x892
github.com/gin-gonic/gin.(*Engine).ServeHTTP(0xc00026c9c0, {0x15e5e08, 0xc0001a4b60}, 0xc000120b40)
	/home/dilshod/go/pkg/mod/github.com/gin-gonic/gin@v1.10.0/gin.go:589 +0x1b2
net/http.serverHandler.ServeHTTP({0xc0005ff470?}, {0x15e5e08?, 0xc0001a4b60?}, 0x6?)
	/home/dilshod/go/pkg/mod/golang.org/toolchain@v0.0.1-go1.23.5.linux-amd64/src/net/http/server.go:3210 +0x8e
net/http.(*conn).serve(0xc000000900, {0x15ea1c8, 0xc0005ff380})
	/home/dilshod/go/pkg/mod/golang.org/toolchain@v0.0.1-go1.23.5.linux-amd64/src/net/http/server.go:2092 +0x5d0
created by net/http.(*Server).Serve in goroutine 14
	/home/dilshod/go/pkg/mod/golang.org/toolchain@v0.0.1-go1.23.5.linux-amd64/src/net/http/server.go:3360 +0x485


sugurta/api.NewRouter.Recovery.func3.1
	/home/dilshod/Documents/ndc_ai/sugurta_go_api_geteway/api/middleware/recovery.go:31
runtime.gopanic
	/home/dilshod/go/pkg/mod/golang.org/toolchain@v0.0.1-go1.23.5.linux-amd64/src/runtime/panic.go:785
runtime.panicmem
	/home/dilshod/go/pkg/mod/golang.org/toolchain@v0.0.1-go1.23.5.linux-amd64/src/runtime/panic.go:262
runtime.sigpanic
	/home/dilshod/go/pkg/mod/golang.org/toolchain@v0.0.1-go1.23.5.linux-amd64/src/runtime/signal_unix.go:917
github.com/Masterminds/squirrel.(*selectData).ToSql
	/home/dilshod/go/pkg/mod/github.com/!masterminds/squirrel@v1.5.4/select.go:60
github.com/Masterminds/squirrel.SelectBuilder.ToSql
	/home/dilshod/go/pkg/mod/github.com/!masterminds/squirrel@v1.5.4/select.go:218
sugurta/internal/infrastructure/repository/postgresql.(*OrderRepo).List
	/home/dilshod/Documents/ndc_ai/sugurta_go_api_geteway/internal/infrastructure/repository/postgresql/order.go:130
sugurta/internal/usecase/order.(*orderService).List
	/home/dilshod/Documents/ndc_ai/sugurta_go_api_geteway/internal/usecase/order/order.go:66
sugurta/api/handlers/v1.(*OrderRoutes).listOrders
	/home/dilshod/Documents/ndc_ai/sugurta_go_api_geteway/api/handlers/v1/order.go:138
github.com/gin-gonic/gin.(*Context).Next
	/home/dilshod/go/pkg/mod/github.com/gin-gonic/gin@v1.10.0/context.go:185
sugurta/api.NewRouter.Recovery.func3
	/home/dilshod/Documents/ndc_ai/sugurta_go_api_geteway/api/middleware/recovery.go:40
github.com/gin-gonic/gin.(*Context).Next
	/home/dilshod/go/pkg/mod/github.com/gin-gonic/gin@v1.10.0/context.go:185
sugurta/api.NewRouter.Logger.func2
	/home/dilshod/Documents/ndc_ai/sugurta_go_api_geteway/api/middleware/logger.go:25
github.com/gin-gonic/gin.(*Context).Next
	/home/dilshod/go/pkg/mod/github.com/gin-gonic/gin@v1.10.0/context.go:185
github.com/gin-gonic/gin.CustomRecoveryWithWriter.func1
	/home/dilshod/go/pkg/mod/github.com/gin-gonic/gin@v1.10.0/recovery.go:102
github.com/gin-gonic/gin.(*Context).Next
	/home/dilshod/go/pkg/mod/github.com/gin-gonic/gin@v1.10.0/context.go:185
github.com/gin-gonic/gin.LoggerWithConfig.func1
	/home/dilshod/go/pkg/mod/github.com/gin-gonic/gin@v1.10.0/logger.go:249
github.com/gin-gonic/gin.(*Context).Next
	/home/dilshod/go/pkg/mod/github.com/gin-gonic/gin@v1.10.0/context.go:185
github.com/gin-gonic/gin.(*Engine).handleHTTPRequest
	/home/dilshod/go/pkg/mod/github.com/gin-gonic/gin@v1.10.0/gin.go:633
github.com/gin-gonic/gin.(*Engine).ServeHTTP
	/home/dilshod/go/pkg/mod/github.com/gin-gonic/gin@v1.10.0/gin.go:589
net/http.serverHandler.ServeHTTP
	/home/dilshod/go/pkg/mod/golang.org/toolchain@v0.0.1-go1.23.5.linux-amd64/src/net/http/server.go:3210
net/http.(*conn).serve
	/home/dilshod/go/pkg/mod/golang.org/toolchain@v0.0.1-go1.23.5.linux-amd64/src/net/http/server.go:2092
2025-04-08T15:57:37.975+0500	INFO	middleware/logger.go:26	127.0.0.1 - GET /v1/orders/?limit=10&offset=0&filter=id 
2025-04-08T16:15:07.979+0500	INFO	app/main.go:29	Listen: 	{"address": "localhost:8080"}
2025-04-08T16:15:10.279+0500	ERROR	v1/order.go:201	response	{"code": 500, "status": "INTERNAL_SERVER_ERROR", "description": "The server encountered an unexpected condition that prevented it from fulfilling the request", "data": "ERROR: column \"client_id\" does not exist (SQLSTATE 42703)", "custom_message": ""}
sugurta/api/handlers/v1.(*OrderRoutes).handleResponse
	/home/dilshod/Documents/ndc_ai/sugurta_go_api_geteway/api/handlers/v1/order.go:201
sugurta/api/handlers/v1.(*OrderRoutes).listOrders
	/home/dilshod/Documents/ndc_ai/sugurta_go_api_geteway/api/handlers/v1/order.go:140
github.com/gin-gonic/gin.(*Context).Next
	/home/dilshod/go/pkg/mod/github.com/gin-gonic/gin@v1.10.0/context.go:185
sugurta/api.NewRouter.Recovery.func3
	/home/dilshod/Documents/ndc_ai/sugurta_go_api_geteway/api/middleware/recovery.go:40
github.com/gin-gonic/gin.(*Context).Next
	/home/dilshod/go/pkg/mod/github.com/gin-gonic/gin@v1.10.0/context.go:185
sugurta/api.NewRouter.Logger.func2
	/home/dilshod/Documents/ndc_ai/sugurta_go_api_geteway/api/middleware/logger.go:25
github.com/gin-gonic/gin.(*Context).Next
	/home/dilshod/go/pkg/mod/github.com/gin-gonic/gin@v1.10.0/context.go:185
github.com/gin-gonic/gin.CustomRecoveryWithWriter.func1
	/home/dilshod/go/pkg/mod/github.com/gin-gonic/gin@v1.10.0/recovery.go:102
github.com/gin-gonic/gin.(*Context).Next
	/home/dilshod/go/pkg/mod/github.com/gin-gonic/gin@v1.10.0/context.go:185
github.com/gin-gonic/gin.LoggerWithConfig.func1
	/home/dilshod/go/pkg/mod/github.com/gin-gonic/gin@v1.10.0/logger.go:249
github.com/gin-gonic/gin.(*Context).Next
	/home/dilshod/go/pkg/mod/github.com/gin-gonic/gin@v1.10.0/context.go:185
github.com/gin-gonic/gin.(*Engine).handleHTTPRequest
	/home/dilshod/go/pkg/mod/github.com/gin-gonic/gin@v1.10.0/gin.go:633
github.com/gin-gonic/gin.(*Engine).ServeHTTP
	/home/dilshod/go/pkg/mod/github.com/gin-gonic/gin@v1.10.0/gin.go:589
net/http.serverHandler.ServeHTTP
	/home/dilshod/go/pkg/mod/golang.org/toolchain@v0.0.1-go1.23.5.linux-amd64/src/net/http/server.go:3210
net/http.(*conn).serve
	/home/dilshod/go/pkg/mod/golang.org/toolchain@v0.0.1-go1.23.5.linux-amd64/src/net/http/server.go:2092
2025-04-08T16:15:10.279+0500	INFO	middleware/logger.go:26	127.0.0.1 - GET /v1/orders/?limit=10&offset=0&filter=id 
2025-04-08T16:24:11.524+0500	INFO	app/main.go:40	api gateway service stops
2025-04-08T16:24:11.532+0500	ERROR	app/main.go:31	app run	{"error": "http: Server closed"}
main.main.func1
	/home/dilshod/Documents/ndc_ai/sugurta_go_api_geteway/cmd/app/main.go:31
2025-04-08T16:24:13.631+0500	INFO	app/main.go:29	Listen: 	{"address": "localhost:8080"}
2025-04-08T16:24:15.184+0500	ERROR	v1/order.go:201	response	{"code": 500, "status": "INTERNAL_SERVER_ERROR", "description": "The server encountered an unexpected condition that prevented it from fulfilling the request", "data": "ERROR: column \"client_id\" does not exist (SQLSTATE 42703)", "custom_message": ""}
sugurta/api/handlers/v1.(*OrderRoutes).handleResponse
	/home/dilshod/Documents/ndc_ai/sugurta_go_api_geteway/api/handlers/v1/order.go:201
sugurta/api/handlers/v1.(*OrderRoutes).listOrders
	/home/dilshod/Documents/ndc_ai/sugurta_go_api_geteway/api/handlers/v1/order.go:140
github.com/gin-gonic/gin.(*Context).Next
	/home/dilshod/go/pkg/mod/github.com/gin-gonic/gin@v1.10.0/context.go:185
sugurta/api.NewRouter.Recovery.func3
	/home/dilshod/Documents/ndc_ai/sugurta_go_api_geteway/api/middleware/recovery.go:40
github.com/gin-gonic/gin.(*Context).Next
	/home/dilshod/go/pkg/mod/github.com/gin-gonic/gin@v1.10.0/context.go:185
sugurta/api.NewRouter.Logger.func2
	/home/dilshod/Documents/ndc_ai/sugurta_go_api_geteway/api/middleware/logger.go:25
github.com/gin-gonic/gin.(*Context).Next
	/home/dilshod/go/pkg/mod/github.com/gin-gonic/gin@v1.10.0/context.go:185
github.com/gin-gonic/gin.CustomRecoveryWithWriter.func1
	/home/dilshod/go/pkg/mod/github.com/gin-gonic/gin@v1.10.0/recovery.go:102
github.com/gin-gonic/gin.(*Context).Next
	/home/dilshod/go/pkg/mod/github.com/gin-gonic/gin@v1.10.0/context.go:185
github.com/gin-gonic/gin.LoggerWithConfig.func1
	/home/dilshod/go/pkg/mod/github.com/gin-gonic/gin@v1.10.0/logger.go:249
github.com/gin-gonic/gin.(*Context).Next
	/home/dilshod/go/pkg/mod/github.com/gin-gonic/gin@v1.10.0/context.go:185
github.com/gin-gonic/gin.(*Engine).handleHTTPRequest
	/home/dilshod/go/pkg/mod/github.com/gin-gonic/gin@v1.10.0/gin.go:633
github.com/gin-gonic/gin.(*Engine).ServeHTTP
	/home/dilshod/go/pkg/mod/github.com/gin-gonic/gin@v1.10.0/gin.go:589
net/http.serverHandler.ServeHTTP
	/home/dilshod/go/pkg/mod/golang.org/toolchain@v0.0.1-go1.23.5.linux-amd64/src/net/http/server.go:3210
net/http.(*conn).serve
	/home/dilshod/go/pkg/mod/golang.org/toolchain@v0.0.1-go1.23.5.linux-amd64/src/net/http/server.go:2092
2025-04-08T16:24:15.184+0500	INFO	middleware/logger.go:26	127.0.0.1 - GET /v1/orders/?limit=10&offset=0&filter=id 
2025-04-08T16:24:19.741+0500	ERROR	v1/order.go:201	response	{"code": 500, "status": "INTERNAL_SERVER_ERROR", "description": "The server encountered an unexpected condition that prevented it from fulfilling the request", "data": "ERROR: column \"client_id\" does not exist (SQLSTATE 42703)", "custom_message": ""}
sugurta/api/handlers/v1.(*OrderRoutes).handleResponse
	/home/dilshod/Documents/ndc_ai/sugurta_go_api_geteway/api/handlers/v1/order.go:201
sugurta/api/handlers/v1.(*OrderRoutes).listOrders
	/home/dilshod/Documents/ndc_ai/sugurta_go_api_geteway/api/handlers/v1/order.go:140
github.com/gin-gonic/gin.(*Context).Next
	/home/dilshod/go/pkg/mod/github.com/gin-gonic/gin@v1.10.0/context.go:185
sugurta/api.NewRouter.Recovery.func3
	/home/dilshod/Documents/ndc_ai/sugurta_go_api_geteway/api/middleware/recovery.go:40
github.com/gin-gonic/gin.(*Context).Next
	/home/dilshod/go/pkg/mod/github.com/gin-gonic/gin@v1.10.0/context.go:185
sugurta/api.NewRouter.Logger.func2
	/home/dilshod/Documents/ndc_ai/sugurta_go_api_geteway/api/middleware/logger.go:25
github.com/gin-gonic/gin.(*Context).Next
	/home/dilshod/go/pkg/mod/github.com/gin-gonic/gin@v1.10.0/context.go:185
github.com/gin-gonic/gin.CustomRecoveryWithWriter.func1
	/home/dilshod/go/pkg/mod/github.com/gin-gonic/gin@v1.10.0/recovery.go:102
github.com/gin-gonic/gin.(*Context).Next
	/home/dilshod/go/pkg/mod/github.com/gin-gonic/gin@v1.10.0/context.go:185
github.com/gin-gonic/gin.LoggerWithConfig.func1
	/home/dilshod/go/pkg/mod/github.com/gin-gonic/gin@v1.10.0/logger.go:249
github.com/gin-gonic/gin.(*Context).Next
	/home/dilshod/go/pkg/mod/github.com/gin-gonic/gin@v1.10.0/context.go:185
github.com/gin-gonic/gin.(*Engine).handleHTTPRequest
	/home/dilshod/go/pkg/mod/github.com/gin-gonic/gin@v1.10.0/gin.go:633
github.com/gin-gonic/gin.(*Engine).ServeHTTP
	/home/dilshod/go/pkg/mod/github.com/gin-gonic/gin@v1.10.0/gin.go:589
net/http.serverHandler.ServeHTTP
	/home/dilshod/go/pkg/mod/golang.org/toolchain@v0.0.1-go1.23.5.linux-amd64/src/net/http/server.go:3210
net/http.(*conn).serve
	/home/dilshod/go/pkg/mod/golang.org/toolchain@v0.0.1-go1.23.5.linux-amd64/src/net/http/server.go:2092
2025-04-08T16:24:19.741+0500	INFO	middleware/logger.go:26	127.0.0.1 - GET /v1/orders/?limit=10&offset=0 
2025-04-08T16:25:48.515+0500	INFO	app/main.go:40	api gateway service stops
2025-04-08T16:25:48.526+0500	ERROR	app/main.go:31	app run	{"error": "http: Server closed"}
main.main.func1
	/home/dilshod/Documents/ndc_ai/sugurta_go_api_geteway/cmd/app/main.go:31
2025-04-08T16:25:50.500+0500	INFO	app/main.go:29	Listen: 	{"address": "localhost:8080"}
2025-04-08T16:25:52.078+0500	ERROR	v1/order.go:201	response	{"code": 500, "status": "INTERNAL_SERVER_ERROR", "description": "The server encountered an unexpected condition that prevented it from fulfilling the request", "data": "ERROR: column \"client_id\" does not exist (SQLSTATE 42703)", "custom_message": ""}
sugurta/api/handlers/v1.(*OrderRoutes).handleResponse
	/home/dilshod/Documents/ndc_ai/sugurta_go_api_geteway/api/handlers/v1/order.go:201
sugurta/api/handlers/v1.(*OrderRoutes).listOrders
	/home/dilshod/Documents/ndc_ai/sugurta_go_api_geteway/api/handlers/v1/order.go:140
github.com/gin-gonic/gin.(*Context).Next
	/home/dilshod/go/pkg/mod/github.com/gin-gonic/gin@v1.10.0/context.go:185
sugurta/api.NewRouter.Recovery.func3
	/home/dilshod/Documents/ndc_ai/sugurta_go_api_geteway/api/middleware/recovery.go:40
github.com/gin-gonic/gin.(*Context).Next
	/home/dilshod/go/pkg/mod/github.com/gin-gonic/gin@v1.10.0/context.go:185
sugurta/api.NewRouter.Logger.func2
	/home/dilshod/Documents/ndc_ai/sugurta_go_api_geteway/api/middleware/logger.go:25
github.com/gin-gonic/gin.(*Context).Next
	/home/dilshod/go/pkg/mod/github.com/gin-gonic/gin@v1.10.0/context.go:185
github.com/gin-gonic/gin.CustomRecoveryWithWriter.func1
	/home/dilshod/go/pkg/mod/github.com/gin-gonic/gin@v1.10.0/recovery.go:102
github.com/gin-gonic/gin.(*Context).Next
	/home/dilshod/go/pkg/mod/github.com/gin-gonic/gin@v1.10.0/context.go:185
github.com/gin-gonic/gin.LoggerWithConfig.func1
	/home/dilshod/go/pkg/mod/github.com/gin-gonic/gin@v1.10.0/logger.go:249
github.com/gin-gonic/gin.(*Context).Next
	/home/dilshod/go/pkg/mod/github.com/gin-gonic/gin@v1.10.0/context.go:185
github.com/gin-gonic/gin.(*Engine).handleHTTPRequest
	/home/dilshod/go/pkg/mod/github.com/gin-gonic/gin@v1.10.0/gin.go:633
github.com/gin-gonic/gin.(*Engine).ServeHTTP
	/home/dilshod/go/pkg/mod/github.com/gin-gonic/gin@v1.10.0/gin.go:589
net/http.serverHandler.ServeHTTP
	/home/dilshod/go/pkg/mod/golang.org/toolchain@v0.0.1-go1.23.5.linux-amd64/src/net/http/server.go:3210
net/http.(*conn).serve
	/home/dilshod/go/pkg/mod/golang.org/toolchain@v0.0.1-go1.23.5.linux-amd64/src/net/http/server.go:2092
2025-04-08T16:25:52.078+0500	INFO	middleware/logger.go:26	127.0.0.1 - GET /v1/orders/?limit=10&offset=0 
2025-04-08T16:26:00.418+0500	INFO	app/main.go:40	api gateway service stops
2025-04-08T16:26:00.418+0500	ERROR	app/main.go:31	app run	{"error": "http: Server closed"}
main.main.func1
	/home/dilshod/Documents/ndc_ai/sugurta_go_api_geteway/cmd/app/main.go:31
2025-04-08T16:26:01.742+0500	INFO	app/main.go:29	Listen: 	{"address": "localhost:8080"}
2025-04-08T16:26:03.187+0500	ERROR	v1/order.go:201	response	{"code": 500, "status": "INTERNAL_SERVER_ERROR", "description": "The server encountered an unexpected condition that prevented it from fulfilling the request", "data": "ERROR: column \"total_cost\" does not exist (SQLSTATE 42703)", "custom_message": ""}
sugurta/api/handlers/v1.(*OrderRoutes).handleResponse
	/home/dilshod/Documents/ndc_ai/sugurta_go_api_geteway/api/handlers/v1/order.go:201
sugurta/api/handlers/v1.(*OrderRoutes).listOrders
	/home/dilshod/Documents/ndc_ai/sugurta_go_api_geteway/api/handlers/v1/order.go:140
github.com/gin-gonic/gin.(*Context).Next
	/home/dilshod/go/pkg/mod/github.com/gin-gonic/gin@v1.10.0/context.go:185
sugurta/api.NewRouter.Recovery.func3
	/home/dilshod/Documents/ndc_ai/sugurta_go_api_geteway/api/middleware/recovery.go:40
github.com/gin-gonic/gin.(*Context).Next
	/home/dilshod/go/pkg/mod/github.com/gin-gonic/gin@v1.10.0/context.go:185
sugurta/api.NewRouter.Logger.func2
	/home/dilshod/Documents/ndc_ai/sugurta_go_api_geteway/api/middleware/logger.go:25
github.com/gin-gonic/gin.(*Context).Next
	/home/dilshod/go/pkg/mod/github.com/gin-gonic/gin@v1.10.0/context.go:185
github.com/gin-gonic/gin.CustomRecoveryWithWriter.func1
	/home/dilshod/go/pkg/mod/github.com/gin-gonic/gin@v1.10.0/recovery.go:102
github.com/gin-gonic/gin.(*Context).Next
	/home/dilshod/go/pkg/mod/github.com/gin-gonic/gin@v1.10.0/context.go:185
github.com/gin-gonic/gin.LoggerWithConfig.func1
	/home/dilshod/go/pkg/mod/github.com/gin-gonic/gin@v1.10.0/logger.go:249
github.com/gin-gonic/gin.(*Context).Next
	/home/dilshod/go/pkg/mod/github.com/gin-gonic/gin@v1.10.0/context.go:185
github.com/gin-gonic/gin.(*Engine).handleHTTPRequest
	/home/dilshod/go/pkg/mod/github.com/gin-gonic/gin@v1.10.0/gin.go:633
github.com/gin-gonic/gin.(*Engine).ServeHTTP
	/home/dilshod/go/pkg/mod/github.com/gin-gonic/gin@v1.10.0/gin.go:589
net/http.serverHandler.ServeHTTP
	/home/dilshod/go/pkg/mod/golang.org/toolchain@v0.0.1-go1.23.5.linux-amd64/src/net/http/server.go:3210
net/http.(*conn).serve
	/home/dilshod/go/pkg/mod/golang.org/toolchain@v0.0.1-go1.23.5.linux-amd64/src/net/http/server.go:2092
2025-04-08T16:26:03.187+0500	INFO	middleware/logger.go:26	127.0.0.1 - GET /v1/orders/?limit=10&offset=0 
2025-04-08T16:29:20.093+0500	INFO	app/main.go:40	api gateway service stops
2025-04-08T16:29:20.093+0500	ERROR	app/main.go:31	app run	{"error": "http: Server closed"}
main.main.func1
	/home/dilshod/Documents/ndc_ai/sugurta_go_api_geteway/cmd/app/main.go:31
2025-04-08T16:29:21.895+0500	INFO	app/main.go:29	Listen: 	{"address": "localhost:8080"}
2025-04-08T16:29:23.916+0500	ERROR	v1/order.go:201	response	{"code": 500, "status": "INTERNAL_SERVER_ERROR", "description": "The server encountered an unexpected condition that prevented it from fulfilling the request", "data": "can't scan into dest[4] (col: status_changed_time): cannot scan timestamp (OID 1114) in binary format into *string", "custom_message": ""}
sugurta/api/handlers/v1.(*OrderRoutes).handleResponse
	/home/dilshod/Documents/ndc_ai/sugurta_go_api_geteway/api/handlers/v1/order.go:201
sugurta/api/handlers/v1.(*OrderRoutes).listOrders
	/home/dilshod/Documents/ndc_ai/sugurta_go_api_geteway/api/handlers/v1/order.go:140
github.com/gin-gonic/gin.(*Context).Next
	/home/dilshod/go/pkg/mod/github.com/gin-gonic/gin@v1.10.0/context.go:185
sugurta/api.NewRouter.Recovery.func3
	/home/dilshod/Documents/ndc_ai/sugurta_go_api_geteway/api/middleware/recovery.go:40
github.com/gin-gonic/gin.(*Context).Next
	/home/dilshod/go/pkg/mod/github.com/gin-gonic/gin@v1.10.0/context.go:185
sugurta/api.NewRouter.Logger.func2
	/home/dilshod/Documents/ndc_ai/sugurta_go_api_geteway/api/middleware/logger.go:25
github.com/gin-gonic/gin.(*Context).Next
	/home/dilshod/go/pkg/mod/github.com/gin-gonic/gin@v1.10.0/context.go:185
github.com/gin-gonic/gin.CustomRecoveryWithWriter.func1
	/home/dilshod/go/pkg/mod/github.com/gin-gonic/gin@v1.10.0/recovery.go:102
github.com/gin-gonic/gin.(*Context).Next
	/home/dilshod/go/pkg/mod/github.com/gin-gonic/gin@v1.10.0/context.go:185
github.com/gin-gonic/gin.LoggerWithConfig.func1
	/home/dilshod/go/pkg/mod/github.com/gin-gonic/gin@v1.10.0/logger.go:249
github.com/gin-gonic/gin.(*Context).Next
	/home/dilshod/go/pkg/mod/github.com/gin-gonic/gin@v1.10.0/context.go:185
github.com/gin-gonic/gin.(*Engine).handleHTTPRequest
	/home/dilshod/go/pkg/mod/github.com/gin-gonic/gin@v1.10.0/gin.go:633
github.com/gin-gonic/gin.(*Engine).ServeHTTP
	/home/dilshod/go/pkg/mod/github.com/gin-gonic/gin@v1.10.0/gin.go:589
net/http.serverHandler.ServeHTTP
	/home/dilshod/go/pkg/mod/golang.org/toolchain@v0.0.1-go1.23.5.linux-amd64/src/net/http/server.go:3210
net/http.(*conn).serve
	/home/dilshod/go/pkg/mod/golang.org/toolchain@v0.0.1-go1.23.5.linux-amd64/src/net/http/server.go:2092
2025-04-08T16:29:23.916+0500	INFO	middleware/logger.go:26	127.0.0.1 - GET /v1/orders/?limit=10&offset=0 
2025-04-08T16:29:42.050+0500	INFO	app/main.go:40	api gateway service stops
2025-04-08T16:29:42.051+0500	ERROR	app/main.go:31	app run	{"error": "http: Server closed"}
main.main.func1
	/home/dilshod/Documents/ndc_ai/sugurta_go_api_geteway/cmd/app/main.go:31
2025-04-08T16:29:43.860+0500	INFO	app/main.go:29	Listen: 	{"address": "localhost:8080"}
2025-04-08T16:29:45.031+0500	ERROR	v1/order.go:201	response	{"code": 500, "status": "INTERNAL_SERVER_ERROR", "description": "The server encountered an unexpected condition that prevented it from fulfilling the request", "data": "can't scan into dest[4] (col: status_changed_time): cannot scan NULL into *time.Time", "custom_message": ""}
sugurta/api/handlers/v1.(*OrderRoutes).handleResponse
	/home/dilshod/Documents/ndc_ai/sugurta_go_api_geteway/api/handlers/v1/order.go:201
sugurta/api/handlers/v1.(*OrderRoutes).listOrders
	/home/dilshod/Documents/ndc_ai/sugurta_go_api_geteway/api/handlers/v1/order.go:140
github.com/gin-gonic/gin.(*Context).Next
	/home/dilshod/go/pkg/mod/github.com/gin-gonic/gin@v1.10.0/context.go:185
sugurta/api.NewRouter.Recovery.func3
	/home/dilshod/Documents/ndc_ai/sugurta_go_api_geteway/api/middleware/recovery.go:40
github.com/gin-gonic/gin.(*Context).Next
	/home/dilshod/go/pkg/mod/github.com/gin-gonic/gin@v1.10.0/context.go:185
sugurta/api.NewRouter.Logger.func2
	/home/dilshod/Documents/ndc_ai/sugurta_go_api_geteway/api/middleware/logger.go:25
github.com/gin-gonic/gin.(*Context).Next
	/home/dilshod/go/pkg/mod/github.com/gin-gonic/gin@v1.10.0/context.go:185
github.com/gin-gonic/gin.CustomRecoveryWithWriter.func1
	/home/dilshod/go/pkg/mod/github.com/gin-gonic/gin@v1.10.0/recovery.go:102
github.com/gin-gonic/gin.(*Context).Next
	/home/dilshod/go/pkg/mod/github.com/gin-gonic/gin@v1.10.0/context.go:185
github.com/gin-gonic/gin.LoggerWithConfig.func1
	/home/dilshod/go/pkg/mod/github.com/gin-gonic/gin@v1.10.0/logger.go:249
github.com/gin-gonic/gin.(*Context).Next
	/home/dilshod/go/pkg/mod/github.com/gin-gonic/gin@v1.10.0/context.go:185
github.com/gin-gonic/gin.(*Engine).handleHTTPRequest
	/home/dilshod/go/pkg/mod/github.com/gin-gonic/gin@v1.10.0/gin.go:633
github.com/gin-gonic/gin.(*Engine).ServeHTTP
	/home/dilshod/go/pkg/mod/github.com/gin-gonic/gin@v1.10.0/gin.go:589
net/http.serverHandler.ServeHTTP
	/home/dilshod/go/pkg/mod/golang.org/toolchain@v0.0.1-go1.23.5.linux-amd64/src/net/http/server.go:3210
net/http.(*conn).serve
	/home/dilshod/go/pkg/mod/golang.org/toolchain@v0.0.1-go1.23.5.linux-amd64/src/net/http/server.go:2092
2025-04-08T16:29:45.031+0500	INFO	middleware/logger.go:26	127.0.0.1 - GET /v1/orders/?limit=10&offset=0 
2025-04-08T16:33:27.478+0500	INFO	app/main.go:40	api gateway service stops
2025-04-08T16:33:27.479+0500	ERROR	app/main.go:31	app run	{"error": "http: Server closed"}
main.main.func1
	/home/dilshod/Documents/ndc_ai/sugurta_go_api_geteway/cmd/app/main.go:31
2025-04-08T16:33:30.313+0500	INFO	app/main.go:29	Listen: 	{"address": "localhost:8080"}
2025-04-08T16:33:30.978+0500	INFO	middleware/logger.go:26	127.0.0.1 - GET /v1/orders/?limit=10&offset=0 
2025-04-08T16:36:46.819+0500	ERROR	v1/order.go:201	response	{"code": 500, "status": "INTERNAL_SERVER_ERROR", "description": "The server encountered an unexpected condition that prevented it from fulfilling the request", "data": "OrderRepo - GetOrder - r.db.QueryRow: ERROR: column \"client_id\" does not exist (SQLSTATE 42703)", "custom_message": ""}
sugurta/api/handlers/v1.(*OrderRoutes).handleResponse
	/home/dilshod/Documents/ndc_ai/sugurta_go_api_geteway/api/handlers/v1/order.go:201
sugurta/api/handlers/v1.(*OrderRoutes).getOrder
	/home/dilshod/Documents/ndc_ai/sugurta_go_api_geteway/api/handlers/v1/order.go:90
github.com/gin-gonic/gin.(*Context).Next
	/home/dilshod/go/pkg/mod/github.com/gin-gonic/gin@v1.10.0/context.go:185
sugurta/api.NewRouter.Recovery.func3
	/home/dilshod/Documents/ndc_ai/sugurta_go_api_geteway/api/middleware/recovery.go:40
github.com/gin-gonic/gin.(*Context).Next
	/home/dilshod/go/pkg/mod/github.com/gin-gonic/gin@v1.10.0/context.go:185
sugurta/api.NewRouter.Logger.func2
	/home/dilshod/Documents/ndc_ai/sugurta_go_api_geteway/api/middleware/logger.go:25
github.com/gin-gonic/gin.(*Context).Next
	/home/dilshod/go/pkg/mod/github.com/gin-gonic/gin@v1.10.0/context.go:185
github.com/gin-gonic/gin.CustomRecoveryWithWriter.func1
	/home/dilshod/go/pkg/mod/github.com/gin-gonic/gin@v1.10.0/recovery.go:102
github.com/gin-gonic/gin.(*Context).Next
	/home/dilshod/go/pkg/mod/github.com/gin-gonic/gin@v1.10.0/context.go:185
github.com/gin-gonic/gin.LoggerWithConfig.func1
	/home/dilshod/go/pkg/mod/github.com/gin-gonic/gin@v1.10.0/logger.go:249
github.com/gin-gonic/gin.(*Context).Next
	/home/dilshod/go/pkg/mod/github.com/gin-gonic/gin@v1.10.0/context.go:185
github.com/gin-gonic/gin.(*Engine).handleHTTPRequest
	/home/dilshod/go/pkg/mod/github.com/gin-gonic/gin@v1.10.0/gin.go:633
github.com/gin-gonic/gin.(*Engine).ServeHTTP
	/home/dilshod/go/pkg/mod/github.com/gin-gonic/gin@v1.10.0/gin.go:589
net/http.serverHandler.ServeHTTP
	/home/dilshod/go/pkg/mod/golang.org/toolchain@v0.0.1-go1.23.5.linux-amd64/src/net/http/server.go:3210
net/http.(*conn).serve
	/home/dilshod/go/pkg/mod/golang.org/toolchain@v0.0.1-go1.23.5.linux-amd64/src/net/http/server.go:2092
2025-04-08T16:36:46.819+0500	INFO	middleware/logger.go:26	127.0.0.1 - GET /v1/orders/03ce8962-b4fd-4fd4-8b56-15e744f185b7 
2025-04-08T16:40:16.144+0500	INFO	app/main.go:40	api gateway service stops
2025-04-08T16:40:16.148+0500	ERROR	app/main.go:31	app run	{"error": "http: Server closed"}
main.main.func1
	/home/dilshod/Documents/ndc_ai/sugurta_go_api_geteway/cmd/app/main.go:31
2025-04-08T16:40:18.175+0500	INFO	app/main.go:29	Listen: 	{"address": "localhost:8080"}
2025-04-08T16:40:19.056+0500	ERROR	v1/order.go:201	response	{"code": 500, "status": "INTERNAL_SERVER_ERROR", "description": "The server encountered an unexpected condition that prevented it from fulfilling the request", "data": "OrderRepo - GetOrder - r.db.QueryRow: number of field descriptions must equal number of destinations, got 7 and 8", "custom_message": ""}
sugurta/api/handlers/v1.(*OrderRoutes).handleResponse
	/home/dilshod/Documents/ndc_ai/sugurta_go_api_geteway/api/handlers/v1/order.go:201
sugurta/api/handlers/v1.(*OrderRoutes).getOrder
	/home/dilshod/Documents/ndc_ai/sugurta_go_api_geteway/api/handlers/v1/order.go:90
github.com/gin-gonic/gin.(*Context).Next
	/home/dilshod/go/pkg/mod/github.com/gin-gonic/gin@v1.10.0/context.go:185
sugurta/api.NewRouter.Recovery.func3
	/home/dilshod/Documents/ndc_ai/sugurta_go_api_geteway/api/middleware/recovery.go:40
github.com/gin-gonic/gin.(*Context).Next
	/home/dilshod/go/pkg/mod/github.com/gin-gonic/gin@v1.10.0/context.go:185
sugurta/api.NewRouter.Logger.func2
	/home/dilshod/Documents/ndc_ai/sugurta_go_api_geteway/api/middleware/logger.go:25
github.com/gin-gonic/gin.(*Context).Next
	/home/dilshod/go/pkg/mod/github.com/gin-gonic/gin@v1.10.0/context.go:185
github.com/gin-gonic/gin.CustomRecoveryWithWriter.func1
	/home/dilshod/go/pkg/mod/github.com/gin-gonic/gin@v1.10.0/recovery.go:102
github.com/gin-gonic/gin.(*Context).Next
	/home/dilshod/go/pkg/mod/github.com/gin-gonic/gin@v1.10.0/context.go:185
github.com/gin-gonic/gin.LoggerWithConfig.func1
	/home/dilshod/go/pkg/mod/github.com/gin-gonic/gin@v1.10.0/logger.go:249
github.com/gin-gonic/gin.(*Context).Next
	/home/dilshod/go/pkg/mod/github.com/gin-gonic/gin@v1.10.0/context.go:185
github.com/gin-gonic/gin.(*Engine).handleHTTPRequest
	/home/dilshod/go/pkg/mod/github.com/gin-gonic/gin@v1.10.0/gin.go:633
github.com/gin-gonic/gin.(*Engine).ServeHTTP
	/home/dilshod/go/pkg/mod/github.com/gin-gonic/gin@v1.10.0/gin.go:589
net/http.serverHandler.ServeHTTP
	/home/dilshod/go/pkg/mod/golang.org/toolchain@v0.0.1-go1.23.5.linux-amd64/src/net/http/server.go:3210
net/http.(*conn).serve
	/home/dilshod/go/pkg/mod/golang.org/toolchain@v0.0.1-go1.23.5.linux-amd64/src/net/http/server.go:2092
2025-04-08T16:40:19.056+0500	INFO	middleware/logger.go:26	127.0.0.1 - GET /v1/orders/03ce8962-b4fd-4fd4-8b56-15e744f185b7 
2025-04-08T16:40:33.233+0500	INFO	app/main.go:40	api gateway service stops
2025-04-08T16:40:33.233+0500	ERROR	app/main.go:31	app run	{"error": "http: Server closed"}
main.main.func1
	/home/dilshod/Documents/ndc_ai/sugurta_go_api_geteway/cmd/app/main.go:31
2025-04-08T16:40:34.980+0500	INFO	app/main.go:29	Listen: 	{"address": "localhost:8080"}
2025-04-08T16:40:36.602+0500	INFO	middleware/logger.go:26	127.0.0.1 - GET /v1/orders/03ce8962-b4fd-4fd4-8b56-15e744f185b7 
2025-04-08T17:11:38.437+0500	ERROR	v1/order.go:201	response	{"code": 400, "status": "BAD_REQUEST", "description": "The server could not understand the request due to invalid syntax", "data": "parsing time \"string\" as \"2006-01-02T15:04:05Z07:00\": cannot parse \"string\" as \"2006\"", "custom_message": ""}
sugurta/api/handlers/v1.(*OrderRoutes).handleResponse
	/home/dilshod/Documents/ndc_ai/sugurta_go_api_geteway/api/handlers/v1/order.go:201
sugurta/api/handlers/v1.(*OrderRoutes).updateOrder
	/home/dilshod/Documents/ndc_ai/sugurta_go_api_geteway/api/handlers/v1/order.go:163
github.com/gin-gonic/gin.(*Context).Next
	/home/dilshod/go/pkg/mod/github.com/gin-gonic/gin@v1.10.0/context.go:185
sugurta/api.NewRouter.Recovery.func3
	/home/dilshod/Documents/ndc_ai/sugurta_go_api_geteway/api/middleware/recovery.go:40
github.com/gin-gonic/gin.(*Context).Next
	/home/dilshod/go/pkg/mod/github.com/gin-gonic/gin@v1.10.0/context.go:185
sugurta/api.NewRouter.Logger.func2
	/home/dilshod/Documents/ndc_ai/sugurta_go_api_geteway/api/middleware/logger.go:25
github.com/gin-gonic/gin.(*Context).Next
	/home/dilshod/go/pkg/mod/github.com/gin-gonic/gin@v1.10.0/context.go:185
github.com/gin-gonic/gin.CustomRecoveryWithWriter.func1
	/home/dilshod/go/pkg/mod/github.com/gin-gonic/gin@v1.10.0/recovery.go:102
github.com/gin-gonic/gin.(*Context).Next
	/home/dilshod/go/pkg/mod/github.com/gin-gonic/gin@v1.10.0/context.go:185
github.com/gin-gonic/gin.LoggerWithConfig.func1
	/home/dilshod/go/pkg/mod/github.com/gin-gonic/gin@v1.10.0/logger.go:249
github.com/gin-gonic/gin.(*Context).Next
	/home/dilshod/go/pkg/mod/github.com/gin-gonic/gin@v1.10.0/context.go:185
github.com/gin-gonic/gin.(*Engine).handleHTTPRequest
	/home/dilshod/go/pkg/mod/github.com/gin-gonic/gin@v1.10.0/gin.go:633
github.com/gin-gonic/gin.(*Engine).ServeHTTP
	/home/dilshod/go/pkg/mod/github.com/gin-gonic/gin@v1.10.0/gin.go:589
net/http.serverHandler.ServeHTTP
	/home/dilshod/go/pkg/mod/golang.org/toolchain@v0.0.1-go1.23.5.linux-amd64/src/net/http/server.go:3210
net/http.(*conn).serve
	/home/dilshod/go/pkg/mod/golang.org/toolchain@v0.0.1-go1.23.5.linux-amd64/src/net/http/server.go:2092
2025-04-08T17:11:38.440+0500	INFO	middleware/logger.go:26	127.0.0.1 - PUT /v1/orders/03ce8962-b4fd-4fd4-8b56-15e744f185b7 
2025-04-08T17:11:59.225+0500	ERROR	v1/order.go:201	response	{"code": 400, "status": "BAD_REQUEST", "description": "The server could not understand the request due to invalid syntax", "data": "parsing time \"created\" as \"2006-01-02T15:04:05Z07:00\": cannot parse \"created\" as \"2006\"", "custom_message": ""}
sugurta/api/handlers/v1.(*OrderRoutes).handleResponse
	/home/dilshod/Documents/ndc_ai/sugurta_go_api_geteway/api/handlers/v1/order.go:201
sugurta/api/handlers/v1.(*OrderRoutes).updateOrder
	/home/dilshod/Documents/ndc_ai/sugurta_go_api_geteway/api/handlers/v1/order.go:163
github.com/gin-gonic/gin.(*Context).Next
	/home/dilshod/go/pkg/mod/github.com/gin-gonic/gin@v1.10.0/context.go:185
sugurta/api.NewRouter.Recovery.func3
	/home/dilshod/Documents/ndc_ai/sugurta_go_api_geteway/api/middleware/recovery.go:40
github.com/gin-gonic/gin.(*Context).Next
	/home/dilshod/go/pkg/mod/github.com/gin-gonic/gin@v1.10.0/context.go:185
sugurta/api.NewRouter.Logger.func2
	/home/dilshod/Documents/ndc_ai/sugurta_go_api_geteway/api/middleware/logger.go:25
github.com/gin-gonic/gin.(*Context).Next
	/home/dilshod/go/pkg/mod/github.com/gin-gonic/gin@v1.10.0/context.go:185
github.com/gin-gonic/gin.CustomRecoveryWithWriter.func1
	/home/dilshod/go/pkg/mod/github.com/gin-gonic/gin@v1.10.0/recovery.go:102
github.com/gin-gonic/gin.(*Context).Next
	/home/dilshod/go/pkg/mod/github.com/gin-gonic/gin@v1.10.0/context.go:185
github.com/gin-gonic/gin.LoggerWithConfig.func1
	/home/dilshod/go/pkg/mod/github.com/gin-gonic/gin@v1.10.0/logger.go:249
github.com/gin-gonic/gin.(*Context).Next
	/home/dilshod/go/pkg/mod/github.com/gin-gonic/gin@v1.10.0/context.go:185
github.com/gin-gonic/gin.(*Engine).handleHTTPRequest
	/home/dilshod/go/pkg/mod/github.com/gin-gonic/gin@v1.10.0/gin.go:633
github.com/gin-gonic/gin.(*Engine).ServeHTTP
	/home/dilshod/go/pkg/mod/github.com/gin-gonic/gin@v1.10.0/gin.go:589
net/http.serverHandler.ServeHTTP
	/home/dilshod/go/pkg/mod/golang.org/toolchain@v0.0.1-go1.23.5.linux-amd64/src/net/http/server.go:3210
net/http.(*conn).serve
	/home/dilshod/go/pkg/mod/golang.org/toolchain@v0.0.1-go1.23.5.linux-amd64/src/net/http/server.go:2092
2025-04-08T17:11:59.226+0500	INFO	middleware/logger.go:26	127.0.0.1 - PUT /v1/orders/03ce8962-b4fd-4fd4-8b56-15e744f185b7 
2025-04-08T17:12:28.754+0500	ERROR	v1/order.go:201	response	{"code": 400, "status": "BAD_REQUEST", "description": "The server could not understand the request due to invalid syntax", "data": "parsing time \"2006-01-02\" as \"2006-01-02T15:04:05Z07:00\": cannot parse \"\" as \"T\"", "custom_message": ""}
sugurta/api/handlers/v1.(*OrderRoutes).handleResponse
	/home/dilshod/Documents/ndc_ai/sugurta_go_api_geteway/api/handlers/v1/order.go:201
sugurta/api/handlers/v1.(*OrderRoutes).updateOrder
	/home/dilshod/Documents/ndc_ai/sugurta_go_api_geteway/api/handlers/v1/order.go:163
github.com/gin-gonic/gin.(*Context).Next
	/home/dilshod/go/pkg/mod/github.com/gin-gonic/gin@v1.10.0/context.go:185
sugurta/api.NewRouter.Recovery.func3
	/home/dilshod/Documents/ndc_ai/sugurta_go_api_geteway/api/middleware/recovery.go:40
github.com/gin-gonic/gin.(*Context).Next
	/home/dilshod/go/pkg/mod/github.com/gin-gonic/gin@v1.10.0/context.go:185
sugurta/api.NewRouter.Logger.func2
	/home/dilshod/Documents/ndc_ai/sugurta_go_api_geteway/api/middleware/logger.go:25
github.com/gin-gonic/gin.(*Context).Next
	/home/dilshod/go/pkg/mod/github.com/gin-gonic/gin@v1.10.0/context.go:185
github.com/gin-gonic/gin.CustomRecoveryWithWriter.func1
	/home/dilshod/go/pkg/mod/github.com/gin-gonic/gin@v1.10.0/recovery.go:102
github.com/gin-gonic/gin.(*Context).Next
	/home/dilshod/go/pkg/mod/github.com/gin-gonic/gin@v1.10.0/context.go:185
github.com/gin-gonic/gin.LoggerWithConfig.func1
	/home/dilshod/go/pkg/mod/github.com/gin-gonic/gin@v1.10.0/logger.go:249
github.com/gin-gonic/gin.(*Context).Next
	/home/dilshod/go/pkg/mod/github.com/gin-gonic/gin@v1.10.0/context.go:185
github.com/gin-gonic/gin.(*Engine).handleHTTPRequest
	/home/dilshod/go/pkg/mod/github.com/gin-gonic/gin@v1.10.0/gin.go:633
github.com/gin-gonic/gin.(*Engine).ServeHTTP
	/home/dilshod/go/pkg/mod/github.com/gin-gonic/gin@v1.10.0/gin.go:589
net/http.serverHandler.ServeHTTP
	/home/dilshod/go/pkg/mod/golang.org/toolchain@v0.0.1-go1.23.5.linux-amd64/src/net/http/server.go:3210
net/http.(*conn).serve
	/home/dilshod/go/pkg/mod/golang.org/toolchain@v0.0.1-go1.23.5.linux-amd64/src/net/http/server.go:2092
2025-04-08T17:12:28.754+0500	INFO	middleware/logger.go:26	127.0.0.1 - PUT /v1/orders/03ce8962-b4fd-4fd4-8b56-15e744f185b7 
2025-04-08T17:17:53.762+0500	INFO	app/main.go:40	api gateway service stops
2025-04-08T17:17:53.776+0500	ERROR	app/main.go:31	app run	{"error": "http: Server closed"}
main.main.func1
	/home/dilshod/Documents/ndc_ai/sugurta_go_api_geteway/cmd/app/main.go:31
2025-04-08T17:17:55.831+0500	INFO	app/main.go:29	Listen: 	{"address": "localhost:8080"}
2025-04-08T17:17:56.461+0500	INFO	app/main.go:40	api gateway service stops
2025-04-08T17:17:56.461+0500	ERROR	app/main.go:31	app run	{"error": "http: Server closed"}
main.main.func1
	/home/dilshod/Documents/ndc_ai/sugurta_go_api_geteway/cmd/app/main.go:31
2025-04-08T17:18:05.277+0500	INFO	app/main.go:29	Listen: 	{"address": "localhost:8080"}
2025-04-08T17:18:07.140+0500	INFO	middleware/logger.go:26	127.0.0.1 - GET /swagger/index.html 
2025-04-08T17:18:07.182+0500	INFO	middleware/logger.go:26	127.0.0.1 - GET /swagger/swagger-ui-standalone-preset.js 
2025-04-08T17:18:07.182+0500	INFO	middleware/logger.go:26	127.0.0.1 - GET /swagger/swagger-ui-bundle.js 
2025-04-08T17:18:07.183+0500	INFO	middleware/logger.go:26	127.0.0.1 - GET /swagger/swagger-ui.css 
2025-04-08T17:18:07.333+0500	INFO	middleware/logger.go:26	127.0.0.1 - GET /swagger/doc.json 
2025-04-08T17:18:07.345+0500	INFO	middleware/logger.go:26	127.0.0.1 - GET /swagger/favicon-32x32.png 
2025-04-08T17:20:57.758+0500	INFO	app/main.go:40	api gateway service stops
2025-04-08T17:20:57.763+0500	ERROR	app/main.go:31	app run	{"error": "http: Server closed"}
main.main.func1
	/home/dilshod/Documents/ndc_ai/sugurta_go_api_geteway/cmd/app/main.go:31
2025-04-08T17:20:59.987+0500	INFO	app/main.go:29	Listen: 	{"address": "localhost:8080"}
2025-04-08T17:21:03.210+0500	INFO	middleware/logger.go:26	127.0.0.1 - PUT /v1/orders/03ce8962-b4fd-4fd4-8b56-15e744f185b7 
2025-04-08T17:21:12.157+0500	ERROR	v1/order.go:201	response	{"code": 500, "status": "INTERNAL_SERVER_ERROR", "description": "The server encountered an unexpected condition that prevented it from fulfilling the request", "data": "ERROR: column \"user_id\" does not exist (SQLSTATE 42703)", "custom_message": ""}
sugurta/api/handlers/v1.(*OrderRoutes).handleResponse
	/home/dilshod/Documents/ndc_ai/sugurta_go_api_geteway/api/handlers/v1/order.go:201
sugurta/api/handlers/v1.(*OrderRoutes).listOrders
	/home/dilshod/Documents/ndc_ai/sugurta_go_api_geteway/api/handlers/v1/order.go:140
github.com/gin-gonic/gin.(*Context).Next
	/home/dilshod/go/pkg/mod/github.com/gin-gonic/gin@v1.10.0/context.go:185
sugurta/api.NewRouter.Recovery.func3
	/home/dilshod/Documents/ndc_ai/sugurta_go_api_geteway/api/middleware/recovery.go:40
github.com/gin-gonic/gin.(*Context).Next
	/home/dilshod/go/pkg/mod/github.com/gin-gonic/gin@v1.10.0/context.go:185
sugurta/api.NewRouter.Logger.func2
	/home/dilshod/Documents/ndc_ai/sugurta_go_api_geteway/api/middleware/logger.go:25
github.com/gin-gonic/gin.(*Context).Next
	/home/dilshod/go/pkg/mod/github.com/gin-gonic/gin@v1.10.0/context.go:185
github.com/gin-gonic/gin.CustomRecoveryWithWriter.func1
	/home/dilshod/go/pkg/mod/github.com/gin-gonic/gin@v1.10.0/recovery.go:102
github.com/gin-gonic/gin.(*Context).Next
	/home/dilshod/go/pkg/mod/github.com/gin-gonic/gin@v1.10.0/context.go:185
github.com/gin-gonic/gin.LoggerWithConfig.func1
	/home/dilshod/go/pkg/mod/github.com/gin-gonic/gin@v1.10.0/logger.go:249
github.com/gin-gonic/gin.(*Context).Next
	/home/dilshod/go/pkg/mod/github.com/gin-gonic/gin@v1.10.0/context.go:185
github.com/gin-gonic/gin.(*Engine).handleHTTPRequest
	/home/dilshod/go/pkg/mod/github.com/gin-gonic/gin@v1.10.0/gin.go:633
github.com/gin-gonic/gin.(*Engine).ServeHTTP
	/home/dilshod/go/pkg/mod/github.com/gin-gonic/gin@v1.10.0/gin.go:589
net/http.serverHandler.ServeHTTP
	/home/dilshod/go/pkg/mod/golang.org/toolchain@v0.0.1-go1.23.5.linux-amd64/src/net/http/server.go:3210
net/http.(*conn).serve
	/home/dilshod/go/pkg/mod/golang.org/toolchain@v0.0.1-go1.23.5.linux-amd64/src/net/http/server.go:2092
2025-04-08T17:21:12.157+0500	INFO	middleware/logger.go:26	127.0.0.1 - GET /v1/orders/?limit=10&offset=0 
2025-04-08T17:21:35.658+0500	INFO	app/main.go:40	api gateway service stops
2025-04-08T17:21:35.659+0500	ERROR	app/main.go:31	app run	{"error": "http: Server closed"}
main.main.func1
	/home/dilshod/Documents/ndc_ai/sugurta_go_api_geteway/cmd/app/main.go:31
2025-04-08T17:21:37.483+0500	INFO	app/main.go:29	Listen: 	{"address": "localhost:8080"}
2025-04-08T17:21:39.109+0500	INFO	middleware/logger.go:26	127.0.0.1 - GET /v1/orders/?limit=10&offset=0 
2025-04-08T17:22:14.191+0500	INFO	app/main.go:40	api gateway service stops
2025-04-08T17:22:14.192+0500	ERROR	app/main.go:31	app run	{"error": "http: Server closed"}
main.main.func1
	/home/dilshod/Documents/ndc_ai/sugurta_go_api_geteway/cmd/app/main.go:31
2025-04-09T14:13:43.297+0500	INFO	app/main.go:29	Listen: 	{"address": "localhost:8080"}
2025-04-09T14:13:51.595+0500	INFO	middleware/logger.go:26	127.0.0.1 - GET /swagger/swagger-ui.css 
2025-04-09T14:13:51.596+0500	INFO	middleware/logger.go:26	127.0.0.1 - GET /swagger/swagger-ui-bundle.js 
2025-04-09T14:13:51.596+0500	INFO	middleware/logger.go:26	127.0.0.1 - GET /swagger/swagger-ui-standalone-preset.js 
2025-04-09T14:13:51.805+0500	INFO	middleware/logger.go:26	127.0.0.1 - GET /swagger/doc.json 
2025-04-09T14:14:12.001+0500	INFO	middleware/logger.go:26	127.0.0.1 - GET /swagger/index.html 
2025-04-09T14:14:12.022+0500	INFO	middleware/logger.go:26	127.0.0.1 - GET /swagger/swagger-ui.css 
2025-04-09T14:14:12.023+0500	INFO	middleware/logger.go:26	127.0.0.1 - GET /swagger/swagger-ui-bundle.js 
2025-04-09T14:14:12.023+0500	INFO	middleware/logger.go:26	127.0.0.1 - GET /swagger/swagger-ui-standalone-preset.js 
2025-04-09T14:14:12.086+0500	INFO	middleware/logger.go:26	127.0.0.1 - GET /swagger/doc.json 
2025-04-09T14:14:12.091+0500	INFO	middleware/logger.go:26	127.0.0.1 - GET /swagger/favicon-32x32.png 
2025-04-09T14:14:21.617+0500	INFO	middleware/logger.go:26	127.0.0.1 - GET /v1/business?owner_id=11&limit=10&page=0 
2025-04-09T14:15:08.045+0500	INFO	app/main.go:40	api gateway service stops
2025-04-09T14:15:08.045+0500	ERROR	app/main.go:31	app run	{"error": "http: Server closed"}
main.main.func1
	/home/dilshod/Documents/ndc_ai/sugurta_go_api_geteway/cmd/app/main.go:31
2025-04-09T14:15:09.309+0500	INFO	app/main.go:29	Listen: 	{"address": "localhost:8080"}
2025-04-09T14:15:11.158+0500	INFO	middleware/logger.go:26	127.0.0.1 - GET /v1/business?owner_id=11&limit=10&page=0 
2025-04-10T16:10:48.622+0500	INFO	app/main.go:29	Listen: 	{"address": "localhost:8080"}
2025-04-10T16:10:51.976+0500	INFO	middleware/logger.go:26	127.0.0.1 - GET /swagger/index.html 
2025-04-10T16:10:52.000+0500	INFO	middleware/logger.go:26	127.0.0.1 - GET /swagger/swagger-ui-bundle.js 
2025-04-10T16:10:52.006+0500	INFO	middleware/logger.go:26	127.0.0.1 - GET /swagger/swagger-ui.css 
2025-04-10T16:10:52.009+0500	INFO	middleware/logger.go:26	127.0.0.1 - GET /swagger/swagger-ui-standalone-preset.js 
2025-04-10T16:10:52.184+0500	INFO	middleware/logger.go:26	127.0.0.1 - GET /swagger/doc.json 
2025-04-10T16:10:52.315+0500	INFO	middleware/logger.go:26	127.0.0.1 - GET /swagger/favicon-32x32.png 
2025-04-10T16:11:33.518+0500	INFO	middleware/logger.go:26	127.0.0.1 - POST /v1/business 
2025-04-10T16:15:31.366+0500	INFO	app/main.go:40	api gateway service stops
2025-04-10T16:15:31.370+0500	ERROR	app/main.go:31	app run	{"error": "http: Server closed"}
main.main.func1
	/home/dilshod/Documents/ndc_ai/sugurta_go_api_geteway/cmd/app/main.go:31
2025-04-10T16:15:37.235+0500	INFO	app/main.go:29	Listen: 	{"address": "localhost:8080"}
2025-04-10T16:15:40.391+0500	INFO	middleware/logger.go:26	127.0.0.1 - GET /swagger/index.html 
2025-04-10T16:15:40.403+0500	INFO	middleware/logger.go:26	127.0.0.1 - GET /swagger/swagger-ui.css 
2025-04-10T16:15:40.404+0500	INFO	middleware/logger.go:26	127.0.0.1 - GET /swagger/swagger-ui-standalone-preset.js 
2025-04-10T16:15:40.404+0500	INFO	middleware/logger.go:26	127.0.0.1 - GET /swagger/swagger-ui-bundle.js 
2025-04-10T16:15:40.552+0500	INFO	middleware/logger.go:26	127.0.0.1 - GET /swagger/doc.json 
2025-04-10T16:15:40.555+0500	INFO	middleware/logger.go:26	127.0.0.1 - GET /swagger/favicon-32x32.png 
2025-04-10T16:17:29.438+0500	INFO	app/main.go:40	api gateway service stops
2025-04-10T16:17:29.444+0500	ERROR	app/main.go:31	app run	{"error": "http: Server closed"}
main.main.func1
	/home/dilshod/Documents/ndc_ai/sugurta_go_api_geteway/cmd/app/main.go:31
2025-04-10T16:17:31.829+0500	INFO	app/main.go:29	Listen: 	{"address": "localhost:8080"}
2025-04-10T16:17:36.253+0500	INFO	middleware/logger.go:26	127.0.0.1 - GET /swagger/index.html 
2025-04-10T16:17:36.288+0500	INFO	middleware/logger.go:26	127.0.0.1 - GET /swagger/swagger-ui.css 
2025-04-10T16:17:36.288+0500	INFO	middleware/logger.go:26	127.0.0.1 - GET /swagger/swagger-ui-standalone-preset.js 
2025-04-10T16:17:36.288+0500	INFO	middleware/logger.go:26	127.0.0.1 - GET /swagger/swagger-ui-bundle.js 
2025-04-10T16:17:36.357+0500	INFO	middleware/logger.go:26	127.0.0.1 - GET /swagger/doc.json 
2025-04-10T16:17:36.365+0500	INFO	middleware/logger.go:26	127.0.0.1 - GET /swagger/favicon-32x32.png 
2025-04-10T16:17:44.956+0500	INFO	app/main.go:40	api gateway service stops
2025-04-10T16:17:44.959+0500	ERROR	app/main.go:31	app run	{"error": "http: Server closed"}
main.main.func1
	/home/dilshod/Documents/ndc_ai/sugurta_go_api_geteway/cmd/app/main.go:31
2025-04-10T16:17:49.713+0500	INFO	app/main.go:29	Listen: 	{"address": "localhost:8080"}
2025-04-10T16:17:49.842+0500	INFO	middleware/logger.go:26	127.0.0.1 - GET /swagger/index.html 
2025-04-10T16:17:49.885+0500	INFO	middleware/logger.go:26	127.0.0.1 - GET /swagger/swagger-ui.css 
2025-04-10T16:17:49.888+0500	INFO	middleware/logger.go:26	127.0.0.1 - GET /swagger/swagger-ui-standalone-preset.js 
2025-04-10T16:17:49.888+0500	INFO	middleware/logger.go:26	127.0.0.1 - GET /swagger/swagger-ui-bundle.js 
2025-04-10T16:17:50.087+0500	INFO	middleware/logger.go:26	127.0.0.1 - GET /swagger/doc.json 
2025-04-10T16:17:50.187+0500	INFO	middleware/logger.go:26	127.0.0.1 - GET /swagger/favicon-32x32.png 
2025-04-10T16:18:24.339+0500	INFO	app/main.go:40	api gateway service stops
2025-04-10T16:18:24.346+0500	ERROR	app/main.go:31	app run	{"error": "http: Server closed"}
main.main.func1
	/home/dilshod/Documents/ndc_ai/sugurta_go_api_geteway/cmd/app/main.go:31
2025-04-10T16:18:31.329+0500	INFO	app/main.go:29	Listen: 	{"address": "localhost:8080"}
2025-04-10T16:18:32.091+0500	INFO	middleware/logger.go:26	127.0.0.1 - GET /swagger/index.html 
2025-04-10T16:18:32.139+0500	INFO	middleware/logger.go:26	127.0.0.1 - GET /swagger/swagger-ui.css 
2025-04-10T16:18:32.141+0500	INFO	middleware/logger.go:26	127.0.0.1 - GET /swagger/swagger-ui-bundle.js 
2025-04-10T16:18:32.143+0500	INFO	middleware/logger.go:26	127.0.0.1 - GET /swagger/swagger-ui-standalone-preset.js 
2025-04-10T16:18:32.228+0500	INFO	middleware/logger.go:26	127.0.0.1 - GET /swagger/doc.json 
2025-04-10T16:18:32.241+0500	INFO	middleware/logger.go:26	127.0.0.1 - GET /swagger/favicon-32x32.png 
2025-04-10T16:18:43.997+0500	INFO	app/main.go:40	api gateway service stops
2025-04-10T16:18:44.001+0500	ERROR	app/main.go:31	app run	{"error": "http: Server closed"}
main.main.func1
	/home/dilshod/Documents/ndc_ai/sugurta_go_api_geteway/cmd/app/main.go:31
2025-04-10T16:18:47.152+0500	INFO	app/main.go:29	Listen: 	{"address": "localhost:8080"}
2025-04-10T16:18:47.560+0500	INFO	middleware/logger.go:26	127.0.0.1 - GET /swagger/index.html 
2025-04-10T16:18:47.592+0500	INFO	middleware/logger.go:26	127.0.0.1 - GET /swagger/swagger-ui.css 
2025-04-10T16:18:47.592+0500	INFO	middleware/logger.go:26	127.0.0.1 - GET /swagger/swagger-ui-bundle.js 
2025-04-10T16:18:47.595+0500	INFO	middleware/logger.go:26	127.0.0.1 - GET /swagger/swagger-ui-standalone-preset.js 
2025-04-10T16:18:47.823+0500	INFO	middleware/logger.go:26	127.0.0.1 - GET /swagger/doc.json 
2025-04-10T16:18:47.976+0500	INFO	middleware/logger.go:26	127.0.0.1 - GET /swagger/favicon-32x32.png 
2025-04-10T16:19:33.762+0500	INFO	app/main.go:40	api gateway service stops
2025-04-10T16:19:33.770+0500	ERROR	app/main.go:31	app run	{"error": "http: Server closed"}
main.main.func1
	/home/dilshod/Documents/ndc_ai/sugurta_go_api_geteway/cmd/app/main.go:31
2025-04-10T16:19:40.547+0500	INFO	app/main.go:29	Listen: 	{"address": "localhost:8080"}
2025-04-10T16:19:42.246+0500	INFO	middleware/logger.go:26	127.0.0.1 - GET /swagger/index.html 
2025-04-10T16:19:42.305+0500	INFO	middleware/logger.go:26	127.0.0.1 - GET /swagger/swagger-ui.css 
2025-04-10T16:19:42.308+0500	INFO	middleware/logger.go:26	127.0.0.1 - GET /swagger/swagger-ui-standalone-preset.js 
2025-04-10T16:19:42.310+0500	INFO	middleware/logger.go:26	127.0.0.1 - GET /swagger/swagger-ui-bundle.js 
2025-04-10T16:19:42.426+0500	INFO	middleware/logger.go:26	127.0.0.1 - GET /swagger/doc.json 
2025-04-10T16:19:42.446+0500	INFO	middleware/logger.go:26	127.0.0.1 - GET /swagger/favicon-32x32.png 
2025-04-10T16:25:30.351+0500	INFO	app/main.go:40	api gateway service stops
2025-04-10T16:25:30.359+0500	ERROR	app/main.go:31	app run	{"error": "http: Server closed"}
main.main.func1
	/home/dilshod/Documents/ndc_ai/sugurta_go_api_geteway/cmd/app/main.go:31
2025-04-10T16:25:32.566+0500	INFO	app/main.go:29	Listen: 	{"address": "localhost:8080"}
2025-04-10T16:26:22.835+0500	INFO	middleware/logger.go:26	127.0.0.1 - PUT /v1/business/c15cfb4b-7139-4fe9-9fc3-4759530fde31 
2025-04-11T10:10:25.977+0500	INFO	app/main.go:29	Listen: 	{"address": "localhost:8080"}
2025-04-11T10:10:32.333+0500	INFO	middleware/logger.go:26	127.0.0.1 - GET /swagger/index.html 
2025-04-11T10:10:32.356+0500	INFO	middleware/logger.go:26	127.0.0.1 - GET /swagger/swagger-ui.css 
2025-04-11T10:10:32.357+0500	INFO	middleware/logger.go:26	127.0.0.1 - GET /swagger/swagger-ui-standalone-preset.js 
2025-04-11T10:10:32.358+0500	INFO	middleware/logger.go:26	127.0.0.1 - GET /swagger/swagger-ui-bundle.js 
2025-04-11T10:10:32.498+0500	INFO	middleware/logger.go:26	127.0.0.1 - GET /swagger/doc.json 
2025-04-11T10:10:32.503+0500	INFO	middleware/logger.go:26	127.0.0.1 - GET /swagger/favicon-32x32.png 
2025-04-11T10:11:06.689+0500	INFO	app/main.go:40	api gateway service stops
2025-04-11T10:11:06.690+0500	ERROR	app/main.go:31	app run	{"error": "http: Server closed"}
main.main.func1
	/home/dilshod/Documents/ndc_ai/sugurta_go_api_geteway/cmd/app/main.go:31
2025-04-14T10:01:31.194+0500	INFO	app/main.go:29	Listen: 	{"address": "localhost:8080"}
2025-04-14T10:01:37.034+0500	INFO	middleware/logger.go:26	127.0.0.1 - GET /swagger/index.html 
2025-04-14T10:01:37.059+0500	INFO	middleware/logger.go:26	127.0.0.1 - GET /swagger/swagger-ui.css 
2025-04-14T10:01:37.059+0500	INFO	middleware/logger.go:26	127.0.0.1 - GET /swagger/swagger-ui-bundle.js 
2025-04-14T10:01:37.063+0500	INFO	middleware/logger.go:26	127.0.0.1 - GET /swagger/swagger-ui-standalone-preset.js 
2025-04-14T10:01:37.186+0500	INFO	middleware/logger.go:26	127.0.0.1 - GET /swagger/doc.json 
2025-04-14T10:01:37.266+0500	INFO	middleware/logger.go:26	127.0.0.1 - GET /swagger/favicon-32x32.png 
2025-04-14T10:04:09.885+0500	INFO	app/main.go:40	api gateway service stops
2025-04-14T10:04:09.885+0500	ERROR	app/main.go:31	app run	{"error": "http: Server closed"}
main.main.func1
	/home/dilshod/Documents/ndc_ai/sugurta_go_api_geteway/cmd/app/main.go:31
2025-04-14T10:04:13.107+0500	INFO	app/main.go:29	Listen: 	{"address": "localhost:8080"}
2025-04-14T10:04:14.906+0500	INFO	middleware/logger.go:26	127.0.0.1 - GET /swagger/index.html 
2025-04-14T10:04:14.924+0500	INFO	middleware/logger.go:26	127.0.0.1 - GET /swagger/swagger-ui.css 
2025-04-14T10:04:14.924+0500	INFO	middleware/logger.go:26	127.0.0.1 - GET /swagger/swagger-ui-standalone-preset.js 
2025-04-14T10:04:14.924+0500	INFO	middleware/logger.go:26	127.0.0.1 - GET /swagger/swagger-ui-bundle.js 
2025-04-14T10:04:15.066+0500	INFO	middleware/logger.go:26	127.0.0.1 - GET /swagger/doc.json 
2025-04-14T10:04:15.070+0500	INFO	middleware/logger.go:26	127.0.0.1 - GET /swagger/favicon-32x32.png 
2025-04-14T10:04:18.387+0500	ERROR	v1/business.go:204	response	{"code": 400, "status": "BAD_REQUEST", "description": "The server could not understand the request due to invalid syntax", "data": "owner ID is required", "custom_message": ""}
sugurta/api/handlers/v1.(*businessRoutes).handleResponse
	/home/dilshod/Documents/ndc_ai/sugurta_go_api_geteway/api/handlers/v1/business.go:204
sugurta/api/handlers/v1.(*businessRoutes).GetAllBusinesses
	/home/dilshod/Documents/ndc_ai/sugurta_go_api_geteway/api/handlers/v1/business.go:185
github.com/gin-gonic/gin.(*Context).Next
	/home/dilshod/go/pkg/mod/github.com/gin-gonic/gin@v1.10.0/context.go:185
sugurta/api.NewRouter.Recovery.func3
	/home/dilshod/Documents/ndc_ai/sugurta_go_api_geteway/api/middleware/recovery.go:40
github.com/gin-gonic/gin.(*Context).Next
	/home/dilshod/go/pkg/mod/github.com/gin-gonic/gin@v1.10.0/context.go:185
sugurta/api.NewRouter.Logger.func2
	/home/dilshod/Documents/ndc_ai/sugurta_go_api_geteway/api/middleware/logger.go:25
github.com/gin-gonic/gin.(*Context).Next
	/home/dilshod/go/pkg/mod/github.com/gin-gonic/gin@v1.10.0/context.go:185
github.com/gin-gonic/gin.CustomRecoveryWithWriter.func1
	/home/dilshod/go/pkg/mod/github.com/gin-gonic/gin@v1.10.0/recovery.go:102
github.com/gin-gonic/gin.(*Context).Next
	/home/dilshod/go/pkg/mod/github.com/gin-gonic/gin@v1.10.0/context.go:185
github.com/gin-gonic/gin.LoggerWithConfig.func1
	/home/dilshod/go/pkg/mod/github.com/gin-gonic/gin@v1.10.0/logger.go:249
github.com/gin-gonic/gin.(*Context).Next
	/home/dilshod/go/pkg/mod/github.com/gin-gonic/gin@v1.10.0/context.go:185
github.com/gin-gonic/gin.(*Engine).handleHTTPRequest
	/home/dilshod/go/pkg/mod/github.com/gin-gonic/gin@v1.10.0/gin.go:633
github.com/gin-gonic/gin.(*Engine).ServeHTTP
	/home/dilshod/go/pkg/mod/github.com/gin-gonic/gin@v1.10.0/gin.go:589
net/http.serverHandler.ServeHTTP
	/home/dilshod/go/pkg/mod/golang.org/toolchain@v0.0.1-go1.23.5.linux-amd64/src/net/http/server.go:3210
net/http.(*conn).serve
	/home/dilshod/go/pkg/mod/golang.org/toolchain@v0.0.1-go1.23.5.linux-amd64/src/net/http/server.go:2092
2025-04-14T10:04:18.387+0500	INFO	middleware/logger.go:26	127.0.0.1 - GET /v1/business?limit=10&page=0 
2025-04-14T10:04:50.303+0500	INFO	app/main.go:40	api gateway service stops
2025-04-14T10:04:50.303+0500	ERROR	app/main.go:31	app run	{"error": "http: Server closed"}
main.main.func1
	/home/dilshod/Documents/ndc_ai/sugurta_go_api_geteway/cmd/app/main.go:31
2025-04-14T10:04:52.100+0500	INFO	app/main.go:29	Listen: 	{"address": "localhost:8080"}
2025-04-14T10:04:53.555+0500	INFO	middleware/logger.go:26	127.0.0.1 - GET /v1/business?limit=10&page=0 
2025-04-14T10:12:07.768+0500	INFO	app/main.go:40	api gateway service stops
2025-04-14T10:12:07.768+0500	ERROR	app/main.go:31	app run	{"error": "http: Server closed"}
main.main.func1
	/home/dilshod/Documents/ndc_ai/sugurta_go_api_geteway/cmd/app/main.go:31
2025-04-14T10:12:09.599+0500	INFO	app/main.go:29	Listen: 	{"address": "localhost:8080"}
2025-04-14T10:12:11.532+0500	INFO	middleware/logger.go:26	127.0.0.1 - GET /v1/business?limit=10&page=0 
2025-04-14T10:12:13.100+0500	INFO	middleware/logger.go:26	127.0.0.1 - GET /v1/business?limit=10&page=0 
2025-04-14T10:13:26.411+0500	INFO	app/main.go:40	api gateway service stops
2025-04-14T10:13:26.411+0500	ERROR	app/main.go:31	app run	{"error": "http: Server closed"}
main.main.func1
	/home/dilshod/Documents/ndc_ai/sugurta_go_api_geteway/cmd/app/main.go:31
2025-04-14T10:13:27.896+0500	INFO	app/main.go:29	Listen: 	{"address": "localhost:8080"}
2025-04-14T10:13:29.228+0500	INFO	middleware/logger.go:26	127.0.0.1 - GET /v1/business?limit=10&page=0 
2025-04-14T10:13:40.156+0500	INFO	app/main.go:40	api gateway service stops
2025-04-14T10:13:40.156+0500	ERROR	app/main.go:31	app run	{"error": "http: Server closed"}
main.main.func1
	/home/dilshod/Documents/ndc_ai/sugurta_go_api_geteway/cmd/app/main.go:31
2025-04-14T10:13:41.432+0500	INFO	app/main.go:29	Listen: 	{"address": "localhost:8080"}
2025-04-14T10:13:42.915+0500	INFO	middleware/logger.go:26	127.0.0.1 - GET /v1/business?limit=10&page=0 
2025-04-14T10:15:39.430+0500	INFO	app/main.go:40	api gateway service stops
2025-04-14T10:15:39.431+0500	ERROR	app/main.go:31	app run	{"error": "http: Server closed"}
main.main.func1
	/home/dilshod/Documents/ndc_ai/sugurta_go_api_geteway/cmd/app/main.go:31
2025-04-14T10:15:40.720+0500	INFO	app/main.go:29	Listen: 	{"address": "localhost:8080"}
2025-04-14T10:15:41.999+0500	INFO	middleware/logger.go:26	127.0.0.1 - GET /v1/business?limit=10&page=0 
2025-04-14T10:18:29.362+0500	INFO	app/main.go:40	api gateway service stops
2025-04-14T10:18:29.362+0500	ERROR	app/main.go:31	app run	{"error": "http: Server closed"}
main.main.func1
	/home/dilshod/Documents/ndc_ai/sugurta_go_api_geteway/cmd/app/main.go:31
2025-04-14T10:18:30.719+0500	INFO	app/main.go:29	Listen: 	{"address": "localhost:8080"}
2025-04-14T10:18:32.764+0500	INFO	middleware/logger.go:26	127.0.0.1 - GET /v1/business?limit=10&page=0 
2025-04-14T10:19:23.594+0500	INFO	app/main.go:40	api gateway service stops
2025-04-14T10:19:23.595+0500	ERROR	app/main.go:31	app run	{"error": "http: Server closed"}
main.main.func1
	/home/dilshod/Documents/ndc_ai/sugurta_go_api_geteway/cmd/app/main.go:31
2025-04-14T10:19:24.953+0500	INFO	app/main.go:29	Listen: 	{"address": "localhost:8080"}
2025-04-14T10:19:27.322+0500	INFO	middleware/logger.go:26	127.0.0.1 - GET /v1/business?limit=10&page=0 
2025-04-14T10:21:26.489+0500	ERROR	v1/intgration.go:143	response	{"code": 500, "status": "INTERNAL_SERVER_ERROR", "description": "The server encountered an unexpected condition that prevented it from fulfilling the request", "data": "ERROR: column \"owner_id\" of relation \"integration\" does not exist (SQLSTATE 42703)", "custom_message": ""}
sugurta/api/handlers/v1.(*integrationRoutes).handleResponse
	/home/dilshod/Documents/ndc_ai/sugurta_go_api_geteway/api/handlers/v1/intgration.go:143
sugurta/api/handlers/v1.(*integrationRoutes).CreateIntegration
	/home/dilshod/Documents/ndc_ai/sugurta_go_api_geteway/api/handlers/v1/intgration.go:58
github.com/gin-gonic/gin.(*Context).Next
	/home/dilshod/go/pkg/mod/github.com/gin-gonic/gin@v1.10.0/context.go:185
sugurta/api.NewRouter.Recovery.func3
	/home/dilshod/Documents/ndc_ai/sugurta_go_api_geteway/api/middleware/recovery.go:40
github.com/gin-gonic/gin.(*Context).Next
	/home/dilshod/go/pkg/mod/github.com/gin-gonic/gin@v1.10.0/context.go:185
sugurta/api.NewRouter.Logger.func2
	/home/dilshod/Documents/ndc_ai/sugurta_go_api_geteway/api/middleware/logger.go:25
github.com/gin-gonic/gin.(*Context).Next
	/home/dilshod/go/pkg/mod/github.com/gin-gonic/gin@v1.10.0/context.go:185
github.com/gin-gonic/gin.CustomRecoveryWithWriter.func1
	/home/dilshod/go/pkg/mod/github.com/gin-gonic/gin@v1.10.0/recovery.go:102
github.com/gin-gonic/gin.(*Context).Next
	/home/dilshod/go/pkg/mod/github.com/gin-gonic/gin@v1.10.0/context.go:185
github.com/gin-gonic/gin.LoggerWithConfig.func1
	/home/dilshod/go/pkg/mod/github.com/gin-gonic/gin@v1.10.0/logger.go:249
github.com/gin-gonic/gin.(*Context).Next
	/home/dilshod/go/pkg/mod/github.com/gin-gonic/gin@v1.10.0/context.go:185
github.com/gin-gonic/gin.(*Engine).handleHTTPRequest
	/home/dilshod/go/pkg/mod/github.com/gin-gonic/gin@v1.10.0/gin.go:633
github.com/gin-gonic/gin.(*Engine).ServeHTTP
	/home/dilshod/go/pkg/mod/github.com/gin-gonic/gin@v1.10.0/gin.go:589
net/http.serverHandler.ServeHTTP
	/home/dilshod/go/pkg/mod/golang.org/toolchain@v0.0.1-go1.23.5.linux-amd64/src/net/http/server.go:3210
net/http.(*conn).serve
	/home/dilshod/go/pkg/mod/golang.org/toolchain@v0.0.1-go1.23.5.linux-amd64/src/net/http/server.go:2092
2025-04-14T10:21:26.489+0500	INFO	middleware/logger.go:26	127.0.0.1 - POST /v1/integration 
2025-04-14T10:23:28.891+0500	INFO	middleware/logger.go:26	127.0.0.1 - POST /v1/integration 
2025-04-14T10:28:47.276+0500	INFO	app/main.go:40	api gateway service stops
2025-04-14T10:28:47.276+0500	ERROR	app/main.go:31	app run	{"error": "http: Server closed"}
main.main.func1
	/home/dilshod/Documents/ndc_ai/sugurta_go_api_geteway/cmd/app/main.go:31
2025-04-14T11:05:03.154+0500	INFO	app/main.go:29	Listen: 	{"address": "localhost:8080"}
2025-04-14T11:07:06.625+0500	ERROR	v1/intgration.go:172	response	{"code": 500, "status": "INTERNAL_SERVER_ERROR", "description": "The server encountered an unexpected condition that prevented it from fulfilling the request", "data": "no rows in result set", "custom_message": ""}
sugurta/api/handlers/v1.(*integrationRoutes).handleResponse
	/home/dilshod/Documents/ndc_ai/sugurta_go_api_geteway/api/handlers/v1/intgration.go:172
sugurta/api/handlers/v1.(*integrationRoutes).UpdateIntegration
	/home/dilshod/Documents/ndc_ai/sugurta_go_api_geteway/api/handlers/v1/intgration.go:86
github.com/gin-gonic/gin.(*Context).Next
	/home/dilshod/go/pkg/mod/github.com/gin-gonic/gin@v1.10.0/context.go:185
sugurta/api.NewRouter.Recovery.func3
	/home/dilshod/Documents/ndc_ai/sugurta_go_api_geteway/api/middleware/recovery.go:40
github.com/gin-gonic/gin.(*Context).Next
	/home/dilshod/go/pkg/mod/github.com/gin-gonic/gin@v1.10.0/context.go:185
sugurta/api.NewRouter.Logger.func2
	/home/dilshod/Documents/ndc_ai/sugurta_go_api_geteway/api/middleware/logger.go:25
github.com/gin-gonic/gin.(*Context).Next
	/home/dilshod/go/pkg/mod/github.com/gin-gonic/gin@v1.10.0/context.go:185
github.com/gin-gonic/gin.CustomRecoveryWithWriter.func1
	/home/dilshod/go/pkg/mod/github.com/gin-gonic/gin@v1.10.0/recovery.go:102
github.com/gin-gonic/gin.(*Context).Next
	/home/dilshod/go/pkg/mod/github.com/gin-gonic/gin@v1.10.0/context.go:185
github.com/gin-gonic/gin.LoggerWithConfig.func1
	/home/dilshod/go/pkg/mod/github.com/gin-gonic/gin@v1.10.0/logger.go:249
github.com/gin-gonic/gin.(*Context).Next
	/home/dilshod/go/pkg/mod/github.com/gin-gonic/gin@v1.10.0/context.go:185
github.com/gin-gonic/gin.(*Engine).handleHTTPRequest
	/home/dilshod/go/pkg/mod/github.com/gin-gonic/gin@v1.10.0/gin.go:633
github.com/gin-gonic/gin.(*Engine).ServeHTTP
	/home/dilshod/go/pkg/mod/github.com/gin-gonic/gin@v1.10.0/gin.go:589
net/http.serverHandler.ServeHTTP
	/home/dilshod/go/pkg/mod/golang.org/toolchain@v0.0.1-go1.23.5.linux-amd64/src/net/http/server.go:3210
net/http.(*conn).serve
	/home/dilshod/go/pkg/mod/golang.org/toolchain@v0.0.1-go1.23.5.linux-amd64/src/net/http/server.go:2092
2025-04-14T11:07:06.626+0500	INFO	middleware/logger.go:26	127.0.0.1 - PUT /v1/integration 
2025-04-14T11:11:29.892+0500	INFO	middleware/logger.go:26	127.0.0.1 - PUT /v1/integration 
2025-04-14T11:11:58.061+0500	INFO	middleware/logger.go:26	127.0.0.1 - PUT /v1/integration 
2025-04-14T11:13:37.126+0500	INFO	app/main.go:40	api gateway service stops
2025-04-14T11:13:37.137+0500	ERROR	app/main.go:31	app run	{"error": "http: Server closed"}
main.main.func1
	/home/dilshod/Documents/ndc_ai/sugurta_go_api_geteway/cmd/app/main.go:31
2025-04-14T11:13:39.261+0500	INFO	app/main.go:29	Listen: 	{"address": "localhost:8080"}
2025-04-14T11:13:41.440+0500	INFO	middleware/logger.go:26	127.0.0.1 - PUT /v1/integration 
2025-04-14T11:21:23.904+0500	INFO	app/main.go:40	api gateway service stops
2025-04-14T11:21:23.904+0500	ERROR	app/main.go:31	app run	{"error": "http: Server closed"}
main.main.func1
	/home/dilshod/Documents/ndc_ai/sugurta_go_api_geteway/cmd/app/main.go:31
2025-04-14T12:14:23.838+0500	INFO	app/main.go:29	Listen: 	{"address": "localhost:8080"}
2025-04-14T12:14:26.984+0500	INFO	middleware/logger.go:26	127.0.0.1 - GET /swagger/index.html 
2025-04-14T12:14:27.001+0500	INFO	middleware/logger.go:26	127.0.0.1 - GET /swagger/swagger-ui-standalone-preset.js 
2025-04-14T12:14:27.002+0500	INFO	middleware/logger.go:26	127.0.0.1 - GET /swagger/swagger-ui.css 
2025-04-14T12:14:27.003+0500	INFO	middleware/logger.go:26	127.0.0.1 - GET /swagger/swagger-ui-bundle.js 
2025-04-14T12:14:27.132+0500	INFO	middleware/logger.go:26	127.0.0.1 - GET /swagger/doc.json 
2025-04-14T12:14:27.137+0500	INFO	middleware/logger.go:26	127.0.0.1 - GET /swagger/favicon-32x32.png 
2025-04-14T12:15:02.277+0500	INFO	middleware/logger.go:26	127.0.0.1 - PUT /v1/integration/status 
2025-04-14T12:15:33.135+0500	INFO	app/main.go:40	api gateway service stops
2025-04-14T12:15:33.136+0500	ERROR	app/main.go:31	app run	{"error": "http: Server closed"}
main.main.func1
	/home/dilshod/Documents/ndc_ai/sugurta_go_api_geteway/cmd/app/main.go:31
2025-04-14T12:15:34.740+0500	INFO	app/main.go:29	Listen: 	{"address": "localhost:8080"}
2025-04-14T12:15:37.284+0500	INFO	middleware/logger.go:26	127.0.0.1 - PUT /v1/integration/status 
2025-04-14T12:16:28.446+0500	INFO	app/main.go:40	api gateway service stops
2025-04-14T12:16:28.446+0500	ERROR	app/main.go:31	app run	{"error": "http: Server closed"}
main.main.func1
	/home/dilshod/Documents/ndc_ai/sugurta_go_api_geteway/cmd/app/main.go:31
2025-04-14T12:16:48.230+0500	INFO	app/main.go:29	Listen: 	{"address": "localhost:8080"}
2025-04-14T12:16:49.705+0500	INFO	middleware/logger.go:26	127.0.0.1 - PUT /v1/integration/status 
2025-04-14T12:17:16.100+0500	INFO	app/main.go:40	api gateway service stops
2025-04-14T12:17:16.111+0500	ERROR	app/main.go:31	app run	{"error": "http: Server closed"}
main.main.func1
	/home/dilshod/Documents/ndc_ai/sugurta_go_api_geteway/cmd/app/main.go:31
2025-04-14T12:17:17.385+0500	INFO	app/main.go:29	Listen: 	{"address": "localhost:8080"}
2025-04-14T12:17:18.911+0500	ERROR	v1/intgration.go:246	response	{"code": 500, "status": "INTERNAL_SERVER_ERROR", "description": "The server encountered an unexpected condition that prevented it from fulfilling the request", "data": "ERROR: column \"start_at\" does not exist (SQLSTATE 42703)", "custom_message": ""}
sugurta/api/handlers/v1.(*integrationRoutes).handleResponse
	/home/dilshod/Documents/ndc_ai/sugurta_go_api_geteway/api/handlers/v1/intgration.go:246
sugurta/api/handlers/v1.(*integrationRoutes).UpdateStatus
	/home/dilshod/Documents/ndc_ai/sugurta_go_api_geteway/api/handlers/v1/intgration.go:140
github.com/gin-gonic/gin.(*Context).Next
	/home/dilshod/go/pkg/mod/github.com/gin-gonic/gin@v1.10.0/context.go:185
sugurta/api.NewRouter.Recovery.func3
	/home/dilshod/Documents/ndc_ai/sugurta_go_api_geteway/api/middleware/recovery.go:40
github.com/gin-gonic/gin.(*Context).Next
	/home/dilshod/go/pkg/mod/github.com/gin-gonic/gin@v1.10.0/context.go:185
sugurta/api.NewRouter.Logger.func2
	/home/dilshod/Documents/ndc_ai/sugurta_go_api_geteway/api/middleware/logger.go:25
github.com/gin-gonic/gin.(*Context).Next
	/home/dilshod/go/pkg/mod/github.com/gin-gonic/gin@v1.10.0/context.go:185
github.com/gin-gonic/gin.CustomRecoveryWithWriter.func1
	/home/dilshod/go/pkg/mod/github.com/gin-gonic/gin@v1.10.0/recovery.go:102
github.com/gin-gonic/gin.(*Context).Next
	/home/dilshod/go/pkg/mod/github.com/gin-gonic/gin@v1.10.0/context.go:185
github.com/gin-gonic/gin.LoggerWithConfig.func1
	/home/dilshod/go/pkg/mod/github.com/gin-gonic/gin@v1.10.0/logger.go:249
github.com/gin-gonic/gin.(*Context).Next
	/home/dilshod/go/pkg/mod/github.com/gin-gonic/gin@v1.10.0/context.go:185
github.com/gin-gonic/gin.(*Engine).handleHTTPRequest
	/home/dilshod/go/pkg/mod/github.com/gin-gonic/gin@v1.10.0/gin.go:633
github.com/gin-gonic/gin.(*Engine).ServeHTTP
	/home/dilshod/go/pkg/mod/github.com/gin-gonic/gin@v1.10.0/gin.go:589
net/http.serverHandler.ServeHTTP
	/home/dilshod/go/pkg/mod/golang.org/toolchain@v0.0.1-go1.23.5.linux-amd64/src/net/http/server.go:3210
net/http.(*conn).serve
	/home/dilshod/go/pkg/mod/golang.org/toolchain@v0.0.1-go1.23.5.linux-amd64/src/net/http/server.go:2092
2025-04-14T12:17:18.911+0500	INFO	middleware/logger.go:26	127.0.0.1 - PUT /v1/integration/status 
2025-04-14T12:17:39.556+0500	INFO	app/main.go:40	api gateway service stops
2025-04-14T12:17:39.557+0500	ERROR	app/main.go:31	app run	{"error": "http: Server closed"}
main.main.func1
	/home/dilshod/Documents/ndc_ai/sugurta_go_api_geteway/cmd/app/main.go:31
2025-04-14T12:17:40.922+0500	INFO	app/main.go:29	Listen: 	{"address": "localhost:8080"}
2025-04-14T12:17:42.963+0500	ERROR	v1/intgration.go:246	response	{"code": 500, "status": "INTERNAL_SERVER_ERROR", "description": "The server encountered an unexpected condition that prevented it from fulfilling the request", "data": "ERROR: column \"start_at\" does not exist (SQLSTATE 42703)", "custom_message": ""}
sugurta/api/handlers/v1.(*integrationRoutes).handleResponse
	/home/dilshod/Documents/ndc_ai/sugurta_go_api_geteway/api/handlers/v1/intgration.go:246
sugurta/api/handlers/v1.(*integrationRoutes).UpdateStatus
	/home/dilshod/Documents/ndc_ai/sugurta_go_api_geteway/api/handlers/v1/intgration.go:140
github.com/gin-gonic/gin.(*Context).Next
	/home/dilshod/go/pkg/mod/github.com/gin-gonic/gin@v1.10.0/context.go:185
sugurta/api.NewRouter.Recovery.func3
	/home/dilshod/Documents/ndc_ai/sugurta_go_api_geteway/api/middleware/recovery.go:40
github.com/gin-gonic/gin.(*Context).Next
	/home/dilshod/go/pkg/mod/github.com/gin-gonic/gin@v1.10.0/context.go:185
sugurta/api.NewRouter.Logger.func2
	/home/dilshod/Documents/ndc_ai/sugurta_go_api_geteway/api/middleware/logger.go:25
github.com/gin-gonic/gin.(*Context).Next
	/home/dilshod/go/pkg/mod/github.com/gin-gonic/gin@v1.10.0/context.go:185
github.com/gin-gonic/gin.CustomRecoveryWithWriter.func1
	/home/dilshod/go/pkg/mod/github.com/gin-gonic/gin@v1.10.0/recovery.go:102
github.com/gin-gonic/gin.(*Context).Next
	/home/dilshod/go/pkg/mod/github.com/gin-gonic/gin@v1.10.0/context.go:185
github.com/gin-gonic/gin.LoggerWithConfig.func1
	/home/dilshod/go/pkg/mod/github.com/gin-gonic/gin@v1.10.0/logger.go:249
github.com/gin-gonic/gin.(*Context).Next
	/home/dilshod/go/pkg/mod/github.com/gin-gonic/gin@v1.10.0/context.go:185
github.com/gin-gonic/gin.(*Engine).handleHTTPRequest
	/home/dilshod/go/pkg/mod/github.com/gin-gonic/gin@v1.10.0/gin.go:633
github.com/gin-gonic/gin.(*Engine).ServeHTTP
	/home/dilshod/go/pkg/mod/github.com/gin-gonic/gin@v1.10.0/gin.go:589
net/http.serverHandler.ServeHTTP
	/home/dilshod/go/pkg/mod/golang.org/toolchain@v0.0.1-go1.23.5.linux-amd64/src/net/http/server.go:3210
net/http.(*conn).serve
	/home/dilshod/go/pkg/mod/golang.org/toolchain@v0.0.1-go1.23.5.linux-amd64/src/net/http/server.go:2092
2025-04-14T12:17:42.963+0500	INFO	middleware/logger.go:26	127.0.0.1 - PUT /v1/integration/status 
2025-04-14T12:18:26.529+0500	INFO	app/main.go:40	api gateway service stops
2025-04-14T12:18:26.529+0500	ERROR	app/main.go:31	app run	{"error": "http: Server closed"}
main.main.func1
	/home/dilshod/Documents/ndc_ai/sugurta_go_api_geteway/cmd/app/main.go:31
2025-04-14T12:18:27.742+0500	INFO	app/main.go:29	Listen: 	{"address": "localhost:8080"}
2025-04-14T12:18:29.221+0500	ERROR	v1/intgration.go:246	response	{"code": 500, "status": "INTERNAL_SERVER_ERROR", "description": "The server encountered an unexpected condition that prevented it from fulfilling the request", "data": "ERROR: inconsistent types deduced for parameter $1 (SQLSTATE 42P08)", "custom_message": ""}
sugurta/api/handlers/v1.(*integrationRoutes).handleResponse
	/home/dilshod/Documents/ndc_ai/sugurta_go_api_geteway/api/handlers/v1/intgration.go:246
sugurta/api/handlers/v1.(*integrationRoutes).UpdateStatus
	/home/dilshod/Documents/ndc_ai/sugurta_go_api_geteway/api/handlers/v1/intgration.go:140
github.com/gin-gonic/gin.(*Context).Next
	/home/dilshod/go/pkg/mod/github.com/gin-gonic/gin@v1.10.0/context.go:185
sugurta/api.NewRouter.Recovery.func3
	/home/dilshod/Documents/ndc_ai/sugurta_go_api_geteway/api/middleware/recovery.go:40
github.com/gin-gonic/gin.(*Context).Next
	/home/dilshod/go/pkg/mod/github.com/gin-gonic/gin@v1.10.0/context.go:185
sugurta/api.NewRouter.Logger.func2
	/home/dilshod/Documents/ndc_ai/sugurta_go_api_geteway/api/middleware/logger.go:25
github.com/gin-gonic/gin.(*Context).Next
	/home/dilshod/go/pkg/mod/github.com/gin-gonic/gin@v1.10.0/context.go:185
github.com/gin-gonic/gin.CustomRecoveryWithWriter.func1
	/home/dilshod/go/pkg/mod/github.com/gin-gonic/gin@v1.10.0/recovery.go:102
github.com/gin-gonic/gin.(*Context).Next
	/home/dilshod/go/pkg/mod/github.com/gin-gonic/gin@v1.10.0/context.go:185
github.com/gin-gonic/gin.LoggerWithConfig.func1
	/home/dilshod/go/pkg/mod/github.com/gin-gonic/gin@v1.10.0/logger.go:249
github.com/gin-gonic/gin.(*Context).Next
	/home/dilshod/go/pkg/mod/github.com/gin-gonic/gin@v1.10.0/context.go:185
github.com/gin-gonic/gin.(*Engine).handleHTTPRequest
	/home/dilshod/go/pkg/mod/github.com/gin-gonic/gin@v1.10.0/gin.go:633
github.com/gin-gonic/gin.(*Engine).ServeHTTP
	/home/dilshod/go/pkg/mod/github.com/gin-gonic/gin@v1.10.0/gin.go:589
net/http.serverHandler.ServeHTTP
	/home/dilshod/go/pkg/mod/golang.org/toolchain@v0.0.1-go1.23.5.linux-amd64/src/net/http/server.go:3210
net/http.(*conn).serve
	/home/dilshod/go/pkg/mod/golang.org/toolchain@v0.0.1-go1.23.5.linux-amd64/src/net/http/server.go:2092
2025-04-14T12:18:29.221+0500	INFO	middleware/logger.go:26	127.0.0.1 - PUT /v1/integration/status 
2025-04-14T12:19:54.551+0500	INFO	app/main.go:40	api gateway service stops
2025-04-14T12:19:54.551+0500	ERROR	app/main.go:31	app run	{"error": "http: Server closed"}
main.main.func1
	/home/dilshod/Documents/ndc_ai/sugurta_go_api_geteway/cmd/app/main.go:31
2025-04-14T12:19:56.011+0500	INFO	app/main.go:29	Listen: 	{"address": "localhost:8080"}
2025-04-14T12:19:57.310+0500	ERROR	v1/intgration.go:246	response	{"code": 500, "status": "INTERNAL_SERVER_ERROR", "description": "The server encountered an unexpected condition that prevented it from fulfilling the request", "data": "ERROR: inconsistent types deduced for parameter $1 (SQLSTATE 42P08)", "custom_message": ""}
sugurta/api/handlers/v1.(*integrationRoutes).handleResponse
	/home/dilshod/Documents/ndc_ai/sugurta_go_api_geteway/api/handlers/v1/intgration.go:246
sugurta/api/handlers/v1.(*integrationRoutes).UpdateStatus
	/home/dilshod/Documents/ndc_ai/sugurta_go_api_geteway/api/handlers/v1/intgration.go:140
github.com/gin-gonic/gin.(*Context).Next
	/home/dilshod/go/pkg/mod/github.com/gin-gonic/gin@v1.10.0/context.go:185
sugurta/api.NewRouter.Recovery.func3
	/home/dilshod/Documents/ndc_ai/sugurta_go_api_geteway/api/middleware/recovery.go:40
github.com/gin-gonic/gin.(*Context).Next
	/home/dilshod/go/pkg/mod/github.com/gin-gonic/gin@v1.10.0/context.go:185
sugurta/api.NewRouter.Logger.func2
	/home/dilshod/Documents/ndc_ai/sugurta_go_api_geteway/api/middleware/logger.go:25
github.com/gin-gonic/gin.(*Context).Next
	/home/dilshod/go/pkg/mod/github.com/gin-gonic/gin@v1.10.0/context.go:185
github.com/gin-gonic/gin.CustomRecoveryWithWriter.func1
	/home/dilshod/go/pkg/mod/github.com/gin-gonic/gin@v1.10.0/recovery.go:102
github.com/gin-gonic/gin.(*Context).Next
	/home/dilshod/go/pkg/mod/github.com/gin-gonic/gin@v1.10.0/context.go:185
github.com/gin-gonic/gin.LoggerWithConfig.func1
	/home/dilshod/go/pkg/mod/github.com/gin-gonic/gin@v1.10.0/logger.go:249
github.com/gin-gonic/gin.(*Context).Next
	/home/dilshod/go/pkg/mod/github.com/gin-gonic/gin@v1.10.0/context.go:185
github.com/gin-gonic/gin.(*Engine).handleHTTPRequest
	/home/dilshod/go/pkg/mod/github.com/gin-gonic/gin@v1.10.0/gin.go:633
github.com/gin-gonic/gin.(*Engine).ServeHTTP
	/home/dilshod/go/pkg/mod/github.com/gin-gonic/gin@v1.10.0/gin.go:589
net/http.serverHandler.ServeHTTP
	/home/dilshod/go/pkg/mod/golang.org/toolchain@v0.0.1-go1.23.5.linux-amd64/src/net/http/server.go:3210
net/http.(*conn).serve
	/home/dilshod/go/pkg/mod/golang.org/toolchain@v0.0.1-go1.23.5.linux-amd64/src/net/http/server.go:2092
2025-04-14T12:19:57.310+0500	INFO	middleware/logger.go:26	127.0.0.1 - PUT /v1/integration/status 
2025-04-14T12:21:26.959+0500	INFO	app/main.go:40	api gateway service stops
2025-04-14T12:21:26.960+0500	ERROR	app/main.go:31	app run	{"error": "http: Server closed"}
main.main.func1
	/home/dilshod/Documents/ndc_ai/sugurta_go_api_geteway/cmd/app/main.go:31
2025-04-14T12:21:28.428+0500	INFO	app/main.go:29	Listen: 	{"address": "localhost:8080"}
2025-04-14T12:21:29.872+0500	ERROR	v1/intgration.go:246	response	{"code": 500, "status": "INTERNAL_SERVER_ERROR", "description": "The server encountered an unexpected condition that prevented it from fulfilling the request", "data": "ERROR: inconsistent types deduced for parameter $1 (SQLSTATE 42P08)", "custom_message": ""}
sugurta/api/handlers/v1.(*integrationRoutes).handleResponse
	/home/dilshod/Documents/ndc_ai/sugurta_go_api_geteway/api/handlers/v1/intgration.go:246
sugurta/api/handlers/v1.(*integrationRoutes).UpdateStatus
	/home/dilshod/Documents/ndc_ai/sugurta_go_api_geteway/api/handlers/v1/intgration.go:140
github.com/gin-gonic/gin.(*Context).Next
	/home/dilshod/go/pkg/mod/github.com/gin-gonic/gin@v1.10.0/context.go:185
sugurta/api.NewRouter.Recovery.func3
	/home/dilshod/Documents/ndc_ai/sugurta_go_api_geteway/api/middleware/recovery.go:40
github.com/gin-gonic/gin.(*Context).Next
	/home/dilshod/go/pkg/mod/github.com/gin-gonic/gin@v1.10.0/context.go:185
sugurta/api.NewRouter.Logger.func2
	/home/dilshod/Documents/ndc_ai/sugurta_go_api_geteway/api/middleware/logger.go:25
github.com/gin-gonic/gin.(*Context).Next
	/home/dilshod/go/pkg/mod/github.com/gin-gonic/gin@v1.10.0/context.go:185
github.com/gin-gonic/gin.CustomRecoveryWithWriter.func1
	/home/dilshod/go/pkg/mod/github.com/gin-gonic/gin@v1.10.0/recovery.go:102
github.com/gin-gonic/gin.(*Context).Next
	/home/dilshod/go/pkg/mod/github.com/gin-gonic/gin@v1.10.0/context.go:185
github.com/gin-gonic/gin.LoggerWithConfig.func1
	/home/dilshod/go/pkg/mod/github.com/gin-gonic/gin@v1.10.0/logger.go:249
github.com/gin-gonic/gin.(*Context).Next
	/home/dilshod/go/pkg/mod/github.com/gin-gonic/gin@v1.10.0/context.go:185
github.com/gin-gonic/gin.(*Engine).handleHTTPRequest
	/home/dilshod/go/pkg/mod/github.com/gin-gonic/gin@v1.10.0/gin.go:633
github.com/gin-gonic/gin.(*Engine).ServeHTTP
	/home/dilshod/go/pkg/mod/github.com/gin-gonic/gin@v1.10.0/gin.go:589
net/http.serverHandler.ServeHTTP
	/home/dilshod/go/pkg/mod/golang.org/toolchain@v0.0.1-go1.23.5.linux-amd64/src/net/http/server.go:3210
net/http.(*conn).serve
	/home/dilshod/go/pkg/mod/golang.org/toolchain@v0.0.1-go1.23.5.linux-amd64/src/net/http/server.go:2092
2025-04-14T12:21:29.872+0500	INFO	middleware/logger.go:26	127.0.0.1 - PUT /v1/integration/status 
2025-04-14T12:22:03.114+0500	INFO	app/main.go:40	api gateway service stops
2025-04-14T12:22:03.115+0500	ERROR	app/main.go:31	app run	{"error": "http: Server closed"}
main.main.func1
	/home/dilshod/Documents/ndc_ai/sugurta_go_api_geteway/cmd/app/main.go:31
2025-04-14T12:22:04.559+0500	INFO	app/main.go:29	Listen: 	{"address": "localhost:8080"}
2025-04-14T12:22:06.543+0500	ERROR	v1/intgration.go:246	response	{"code": 500, "status": "INTERNAL_SERVER_ERROR", "description": "The server encountered an unexpected condition that prevented it from fulfilling the request", "data": "ERROR: inconsistent types deduced for parameter $1 (SQLSTATE 42P08)", "custom_message": ""}
sugurta/api/handlers/v1.(*integrationRoutes).handleResponse
	/home/dilshod/Documents/ndc_ai/sugurta_go_api_geteway/api/handlers/v1/intgration.go:246
sugurta/api/handlers/v1.(*integrationRoutes).UpdateStatus
	/home/dilshod/Documents/ndc_ai/sugurta_go_api_geteway/api/handlers/v1/intgration.go:140
github.com/gin-gonic/gin.(*Context).Next
	/home/dilshod/go/pkg/mod/github.com/gin-gonic/gin@v1.10.0/context.go:185
sugurta/api.NewRouter.Recovery.func3
	/home/dilshod/Documents/ndc_ai/sugurta_go_api_geteway/api/middleware/recovery.go:40
github.com/gin-gonic/gin.(*Context).Next
	/home/dilshod/go/pkg/mod/github.com/gin-gonic/gin@v1.10.0/context.go:185
sugurta/api.NewRouter.Logger.func2
	/home/dilshod/Documents/ndc_ai/sugurta_go_api_geteway/api/middleware/logger.go:25
github.com/gin-gonic/gin.(*Context).Next
	/home/dilshod/go/pkg/mod/github.com/gin-gonic/gin@v1.10.0/context.go:185
github.com/gin-gonic/gin.CustomRecoveryWithWriter.func1
	/home/dilshod/go/pkg/mod/github.com/gin-gonic/gin@v1.10.0/recovery.go:102
github.com/gin-gonic/gin.(*Context).Next
	/home/dilshod/go/pkg/mod/github.com/gin-gonic/gin@v1.10.0/context.go:185
github.com/gin-gonic/gin.LoggerWithConfig.func1
	/home/dilshod/go/pkg/mod/github.com/gin-gonic/gin@v1.10.0/logger.go:249
github.com/gin-gonic/gin.(*Context).Next
	/home/dilshod/go/pkg/mod/github.com/gin-gonic/gin@v1.10.0/context.go:185
github.com/gin-gonic/gin.(*Engine).handleHTTPRequest
	/home/dilshod/go/pkg/mod/github.com/gin-gonic/gin@v1.10.0/gin.go:633
github.com/gin-gonic/gin.(*Engine).ServeHTTP
	/home/dilshod/go/pkg/mod/github.com/gin-gonic/gin@v1.10.0/gin.go:589
net/http.serverHandler.ServeHTTP
	/home/dilshod/go/pkg/mod/golang.org/toolchain@v0.0.1-go1.23.5.linux-amd64/src/net/http/server.go:3210
net/http.(*conn).serve
	/home/dilshod/go/pkg/mod/golang.org/toolchain@v0.0.1-go1.23.5.linux-amd64/src/net/http/server.go:2092
2025-04-14T12:22:06.543+0500	INFO	middleware/logger.go:26	127.0.0.1 - PUT /v1/integration/status 
2025-04-14T12:22:51.713+0500	INFO	app/main.go:40	api gateway service stops
2025-04-14T12:22:51.714+0500	ERROR	app/main.go:31	app run	{"error": "http: Server closed"}
main.main.func1
	/home/dilshod/Documents/ndc_ai/sugurta_go_api_geteway/cmd/app/main.go:31
2025-04-14T12:22:52.905+0500	INFO	app/main.go:29	Listen: 	{"address": "localhost:8080"}
2025-04-14T12:22:55.570+0500	ERROR	v1/intgration.go:246	response	{"code": 500, "status": "INTERNAL_SERVER_ERROR", "description": "The server encountered an unexpected condition that prevented it from fulfilling the request", "data": "ERROR: inconsistent types deduced for parameter $1 (SQLSTATE 42P08)", "custom_message": ""}
sugurta/api/handlers/v1.(*integrationRoutes).handleResponse
	/home/dilshod/Documents/ndc_ai/sugurta_go_api_geteway/api/handlers/v1/intgration.go:246
sugurta/api/handlers/v1.(*integrationRoutes).UpdateStatus
	/home/dilshod/Documents/ndc_ai/sugurta_go_api_geteway/api/handlers/v1/intgration.go:140
github.com/gin-gonic/gin.(*Context).Next
	/home/dilshod/go/pkg/mod/github.com/gin-gonic/gin@v1.10.0/context.go:185
sugurta/api.NewRouter.Recovery.func3
	/home/dilshod/Documents/ndc_ai/sugurta_go_api_geteway/api/middleware/recovery.go:40
github.com/gin-gonic/gin.(*Context).Next
	/home/dilshod/go/pkg/mod/github.com/gin-gonic/gin@v1.10.0/context.go:185
sugurta/api.NewRouter.Logger.func2
	/home/dilshod/Documents/ndc_ai/sugurta_go_api_geteway/api/middleware/logger.go:25
github.com/gin-gonic/gin.(*Context).Next
	/home/dilshod/go/pkg/mod/github.com/gin-gonic/gin@v1.10.0/context.go:185
github.com/gin-gonic/gin.CustomRecoveryWithWriter.func1
	/home/dilshod/go/pkg/mod/github.com/gin-gonic/gin@v1.10.0/recovery.go:102
github.com/gin-gonic/gin.(*Context).Next
	/home/dilshod/go/pkg/mod/github.com/gin-gonic/gin@v1.10.0/context.go:185
github.com/gin-gonic/gin.LoggerWithConfig.func1
	/home/dilshod/go/pkg/mod/github.com/gin-gonic/gin@v1.10.0/logger.go:249
github.com/gin-gonic/gin.(*Context).Next
	/home/dilshod/go/pkg/mod/github.com/gin-gonic/gin@v1.10.0/context.go:185
github.com/gin-gonic/gin.(*Engine).handleHTTPRequest
	/home/dilshod/go/pkg/mod/github.com/gin-gonic/gin@v1.10.0/gin.go:633
github.com/gin-gonic/gin.(*Engine).ServeHTTP
	/home/dilshod/go/pkg/mod/github.com/gin-gonic/gin@v1.10.0/gin.go:589
net/http.serverHandler.ServeHTTP
	/home/dilshod/go/pkg/mod/golang.org/toolchain@v0.0.1-go1.23.5.linux-amd64/src/net/http/server.go:3210
net/http.(*conn).serve
	/home/dilshod/go/pkg/mod/golang.org/toolchain@v0.0.1-go1.23.5.linux-amd64/src/net/http/server.go:2092
2025-04-14T12:22:55.570+0500	INFO	middleware/logger.go:26	127.0.0.1 - PUT /v1/integration/status 
2025-04-14T12:24:03.184+0500	INFO	app/main.go:40	api gateway service stops
2025-04-14T12:24:03.184+0500	ERROR	app/main.go:31	app run	{"error": "http: Server closed"}
main.main.func1
	/home/dilshod/Documents/ndc_ai/sugurta_go_api_geteway/cmd/app/main.go:31
2025-04-14T12:24:05.580+0500	INFO	app/main.go:29	Listen: 	{"address": "localhost:8080"}
2025-04-14T12:24:08.428+0500	ERROR	v1/intgration.go:246	response	{"code": 500, "status": "INTERNAL_SERVER_ERROR", "description": "The server encountered an unexpected condition that prevented it from fulfilling the request", "data": "ERROR: inconsistent types deduced for parameter $1 (SQLSTATE 42P08)", "custom_message": ""}
sugurta/api/handlers/v1.(*integrationRoutes).handleResponse
	/home/dilshod/Documents/ndc_ai/sugurta_go_api_geteway/api/handlers/v1/intgration.go:246
sugurta/api/handlers/v1.(*integrationRoutes).UpdateStatus
	/home/dilshod/Documents/ndc_ai/sugurta_go_api_geteway/api/handlers/v1/intgration.go:140
github.com/gin-gonic/gin.(*Context).Next
	/home/dilshod/go/pkg/mod/github.com/gin-gonic/gin@v1.10.0/context.go:185
sugurta/api.NewRouter.Recovery.func3
	/home/dilshod/Documents/ndc_ai/sugurta_go_api_geteway/api/middleware/recovery.go:40
github.com/gin-gonic/gin.(*Context).Next
	/home/dilshod/go/pkg/mod/github.com/gin-gonic/gin@v1.10.0/context.go:185
sugurta/api.NewRouter.Logger.func2
	/home/dilshod/Documents/ndc_ai/sugurta_go_api_geteway/api/middleware/logger.go:25
github.com/gin-gonic/gin.(*Context).Next
	/home/dilshod/go/pkg/mod/github.com/gin-gonic/gin@v1.10.0/context.go:185
github.com/gin-gonic/gin.CustomRecoveryWithWriter.func1
	/home/dilshod/go/pkg/mod/github.com/gin-gonic/gin@v1.10.0/recovery.go:102
github.com/gin-gonic/gin.(*Context).Next
	/home/dilshod/go/pkg/mod/github.com/gin-gonic/gin@v1.10.0/context.go:185
github.com/gin-gonic/gin.LoggerWithConfig.func1
	/home/dilshod/go/pkg/mod/github.com/gin-gonic/gin@v1.10.0/logger.go:249
github.com/gin-gonic/gin.(*Context).Next
	/home/dilshod/go/pkg/mod/github.com/gin-gonic/gin@v1.10.0/context.go:185
github.com/gin-gonic/gin.(*Engine).handleHTTPRequest
	/home/dilshod/go/pkg/mod/github.com/gin-gonic/gin@v1.10.0/gin.go:633
github.com/gin-gonic/gin.(*Engine).ServeHTTP
	/home/dilshod/go/pkg/mod/github.com/gin-gonic/gin@v1.10.0/gin.go:589
net/http.serverHandler.ServeHTTP
	/home/dilshod/go/pkg/mod/golang.org/toolchain@v0.0.1-go1.23.5.linux-amd64/src/net/http/server.go:3210
net/http.(*conn).serve
	/home/dilshod/go/pkg/mod/golang.org/toolchain@v0.0.1-go1.23.5.linux-amd64/src/net/http/server.go:2092
2025-04-14T12:24:08.428+0500	INFO	middleware/logger.go:26	127.0.0.1 - PUT /v1/integration/status 
2025-04-14T12:25:47.669+0500	INFO	app/main.go:40	api gateway service stops
2025-04-14T12:25:47.670+0500	ERROR	app/main.go:31	app run	{"error": "http: Server closed"}
main.main.func1
	/home/dilshod/Documents/ndc_ai/sugurta_go_api_geteway/cmd/app/main.go:31
2025-04-14T12:25:49.069+0500	INFO	app/main.go:29	Listen: 	{"address": "localhost:8080"}
2025-04-14T12:25:51.478+0500	INFO	middleware/logger.go:26	127.0.0.1 - PUT /v1/integration/status 
2025-04-14T12:26:54.747+0500	INFO	middleware/logger.go:26	127.0.0.1 - PUT /v1/integration/status 
2025-04-14T12:27:09.601+0500	INFO	middleware/logger.go:26	127.0.0.1 - PUT /v1/integration/status 
2025-04-14T12:27:29.986+0500	INFO	middleware/logger.go:26	127.0.0.1 - PUT /v1/integration/status 
2025-04-14T12:27:47.162+0500	INFO	middleware/logger.go:26	127.0.0.1 - PUT /v1/integration/status 
2025-04-14T12:30:42.617+0500	INFO	middleware/logger.go:26	127.0.0.1 - POST /v1/integration 
2025-04-14T12:32:09.618+0500	INFO	middleware/logger.go:26	127.0.0.1 - PUT /v1/integration/status 
2025-04-14T12:33:19.552+0500	INFO	middleware/logger.go:26	127.0.0.1 - PUT /v1/integration/status 
2025-04-14T12:38:31.958+0500	ERROR	v1/intgration.go:246	response	{"code": 500, "status": "INTERNAL_SERVER_ERROR", "description": "The server encountered an unexpected condition that prevented it from fulfilling the request", "data": "can't scan into dest[3] (col: started_at): cannot scan timestamp (OID 1114) in binary format into *string", "custom_message": ""}
sugurta/api/handlers/v1.(*integrationRoutes).handleResponse
	/home/dilshod/Documents/ndc_ai/sugurta_go_api_geteway/api/handlers/v1/intgration.go:246
sugurta/api/handlers/v1.(*integrationRoutes).GetIntegrationByOwnerID
	/home/dilshod/Documents/ndc_ai/sugurta_go_api_geteway/api/handlers/v1/intgration.go:236
github.com/gin-gonic/gin.(*Context).Next
	/home/dilshod/go/pkg/mod/github.com/gin-gonic/gin@v1.10.0/context.go:185
sugurta/api.NewRouter.Recovery.func3
	/home/dilshod/Documents/ndc_ai/sugurta_go_api_geteway/api/middleware/recovery.go:40
github.com/gin-gonic/gin.(*Context).Next
	/home/dilshod/go/pkg/mod/github.com/gin-gonic/gin@v1.10.0/context.go:185
sugurta/api.NewRouter.Logger.func2
	/home/dilshod/Documents/ndc_ai/sugurta_go_api_geteway/api/middleware/logger.go:25
github.com/gin-gonic/gin.(*Context).Next
	/home/dilshod/go/pkg/mod/github.com/gin-gonic/gin@v1.10.0/context.go:185
github.com/gin-gonic/gin.CustomRecoveryWithWriter.func1
	/home/dilshod/go/pkg/mod/github.com/gin-gonic/gin@v1.10.0/recovery.go:102
github.com/gin-gonic/gin.(*Context).Next
	/home/dilshod/go/pkg/mod/github.com/gin-gonic/gin@v1.10.0/context.go:185
github.com/gin-gonic/gin.LoggerWithConfig.func1
	/home/dilshod/go/pkg/mod/github.com/gin-gonic/gin@v1.10.0/logger.go:249
github.com/gin-gonic/gin.(*Context).Next
	/home/dilshod/go/pkg/mod/github.com/gin-gonic/gin@v1.10.0/context.go:185
github.com/gin-gonic/gin.(*Engine).handleHTTPRequest
	/home/dilshod/go/pkg/mod/github.com/gin-gonic/gin@v1.10.0/gin.go:633
github.com/gin-gonic/gin.(*Engine).ServeHTTP
	/home/dilshod/go/pkg/mod/github.com/gin-gonic/gin@v1.10.0/gin.go:589
net/http.serverHandler.ServeHTTP
	/home/dilshod/go/pkg/mod/golang.org/toolchain@v0.0.1-go1.23.5.linux-amd64/src/net/http/server.go:3210
net/http.(*conn).serve
	/home/dilshod/go/pkg/mod/golang.org/toolchain@v0.0.1-go1.23.5.linux-amd64/src/net/http/server.go:2092
2025-04-14T12:38:31.959+0500	INFO	middleware/logger.go:26	127.0.0.1 - GET /v1/integration/owner/9725a6bb-1461-4a4c-bc78-da5c27d6aa85 
2025-04-14T12:39:01.398+0500	INFO	app/main.go:40	api gateway service stops
2025-04-14T12:39:01.398+0500	ERROR	app/main.go:31	app run	{"error": "http: Server closed"}
main.main.func1
	/home/dilshod/Documents/ndc_ai/sugurta_go_api_geteway/cmd/app/main.go:31
2025-04-14T12:39:03.048+0500	INFO	app/main.go:29	Listen: 	{"address": "localhost:8080"}
2025-04-14T12:39:04.950+0500	ERROR	v1/intgration.go:246	response	{"code": 500, "status": "INTERNAL_SERVER_ERROR", "description": "The server encountered an unexpected condition that prevented it from fulfilling the request", "data": "can't scan into dest[3] (col: started_at): cannot scan timestamp (OID 1114) in binary format into *string", "custom_message": ""}
sugurta/api/handlers/v1.(*integrationRoutes).handleResponse
	/home/dilshod/Documents/ndc_ai/sugurta_go_api_geteway/api/handlers/v1/intgration.go:246
sugurta/api/handlers/v1.(*integrationRoutes).GetIntegrationByOwnerID
	/home/dilshod/Documents/ndc_ai/sugurta_go_api_geteway/api/handlers/v1/intgration.go:236
github.com/gin-gonic/gin.(*Context).Next
	/home/dilshod/go/pkg/mod/github.com/gin-gonic/gin@v1.10.0/context.go:185
sugurta/api.NewRouter.Recovery.func3
	/home/dilshod/Documents/ndc_ai/sugurta_go_api_geteway/api/middleware/recovery.go:40
github.com/gin-gonic/gin.(*Context).Next
	/home/dilshod/go/pkg/mod/github.com/gin-gonic/gin@v1.10.0/context.go:185
sugurta/api.NewRouter.Logger.func2
	/home/dilshod/Documents/ndc_ai/sugurta_go_api_geteway/api/middleware/logger.go:25
github.com/gin-gonic/gin.(*Context).Next
	/home/dilshod/go/pkg/mod/github.com/gin-gonic/gin@v1.10.0/context.go:185
github.com/gin-gonic/gin.CustomRecoveryWithWriter.func1
	/home/dilshod/go/pkg/mod/github.com/gin-gonic/gin@v1.10.0/recovery.go:102
github.com/gin-gonic/gin.(*Context).Next
	/home/dilshod/go/pkg/mod/github.com/gin-gonic/gin@v1.10.0/context.go:185
github.com/gin-gonic/gin.LoggerWithConfig.func1
	/home/dilshod/go/pkg/mod/github.com/gin-gonic/gin@v1.10.0/logger.go:249
github.com/gin-gonic/gin.(*Context).Next
	/home/dilshod/go/pkg/mod/github.com/gin-gonic/gin@v1.10.0/context.go:185
github.com/gin-gonic/gin.(*Engine).handleHTTPRequest
	/home/dilshod/go/pkg/mod/github.com/gin-gonic/gin@v1.10.0/gin.go:633
github.com/gin-gonic/gin.(*Engine).ServeHTTP
	/home/dilshod/go/pkg/mod/github.com/gin-gonic/gin@v1.10.0/gin.go:589
net/http.serverHandler.ServeHTTP
	/home/dilshod/go/pkg/mod/golang.org/toolchain@v0.0.1-go1.23.5.linux-amd64/src/net/http/server.go:3210
net/http.(*conn).serve
	/home/dilshod/go/pkg/mod/golang.org/toolchain@v0.0.1-go1.23.5.linux-amd64/src/net/http/server.go:2092
2025-04-14T12:39:04.951+0500	INFO	middleware/logger.go:26	127.0.0.1 - GET /v1/integration/owner/9725a6bb-1461-4a4c-bc78-da5c27d6aa85 
2025-04-14T12:39:17.026+0500	INFO	app/main.go:40	api gateway service stops
2025-04-14T12:39:17.026+0500	ERROR	app/main.go:31	app run	{"error": "http: Server closed"}
main.main.func1
	/home/dilshod/Documents/ndc_ai/sugurta_go_api_geteway/cmd/app/main.go:31
2025-04-14T12:39:18.542+0500	INFO	app/main.go:29	Listen: 	{"address": "localhost:8080"}
2025-04-14T12:39:20.950+0500	ERROR	v1/intgration.go:246	response	{"code": 500, "status": "INTERNAL_SERVER_ERROR", "description": "The server encountered an unexpected condition that prevented it from fulfilling the request", "data": "can't scan into dest[3] (col: started_at): cannot scan timestamp (OID 1114) in binary format into *string", "custom_message": ""}
sugurta/api/handlers/v1.(*integrationRoutes).handleResponse
	/home/dilshod/Documents/ndc_ai/sugurta_go_api_geteway/api/handlers/v1/intgration.go:246
sugurta/api/handlers/v1.(*integrationRoutes).GetIntegrationByOwnerID
	/home/dilshod/Documents/ndc_ai/sugurta_go_api_geteway/api/handlers/v1/intgration.go:236
github.com/gin-gonic/gin.(*Context).Next
	/home/dilshod/go/pkg/mod/github.com/gin-gonic/gin@v1.10.0/context.go:185
sugurta/api.NewRouter.Recovery.func3
	/home/dilshod/Documents/ndc_ai/sugurta_go_api_geteway/api/middleware/recovery.go:40
github.com/gin-gonic/gin.(*Context).Next
	/home/dilshod/go/pkg/mod/github.com/gin-gonic/gin@v1.10.0/context.go:185
sugurta/api.NewRouter.Logger.func2
	/home/dilshod/Documents/ndc_ai/sugurta_go_api_geteway/api/middleware/logger.go:25
github.com/gin-gonic/gin.(*Context).Next
	/home/dilshod/go/pkg/mod/github.com/gin-gonic/gin@v1.10.0/context.go:185
github.com/gin-gonic/gin.CustomRecoveryWithWriter.func1
	/home/dilshod/go/pkg/mod/github.com/gin-gonic/gin@v1.10.0/recovery.go:102
github.com/gin-gonic/gin.(*Context).Next
	/home/dilshod/go/pkg/mod/github.com/gin-gonic/gin@v1.10.0/context.go:185
github.com/gin-gonic/gin.LoggerWithConfig.func1
	/home/dilshod/go/pkg/mod/github.com/gin-gonic/gin@v1.10.0/logger.go:249
github.com/gin-gonic/gin.(*Context).Next
	/home/dilshod/go/pkg/mod/github.com/gin-gonic/gin@v1.10.0/context.go:185
github.com/gin-gonic/gin.(*Engine).handleHTTPRequest
	/home/dilshod/go/pkg/mod/github.com/gin-gonic/gin@v1.10.0/gin.go:633
github.com/gin-gonic/gin.(*Engine).ServeHTTP
	/home/dilshod/go/pkg/mod/github.com/gin-gonic/gin@v1.10.0/gin.go:589
net/http.serverHandler.ServeHTTP
	/home/dilshod/go/pkg/mod/golang.org/toolchain@v0.0.1-go1.23.5.linux-amd64/src/net/http/server.go:3210
net/http.(*conn).serve
	/home/dilshod/go/pkg/mod/golang.org/toolchain@v0.0.1-go1.23.5.linux-amd64/src/net/http/server.go:2092
2025-04-14T12:39:20.951+0500	INFO	middleware/logger.go:26	127.0.0.1 - GET /v1/integration/owner/9725a6bb-1461-4a4c-bc78-da5c27d6aa85 
2025-04-14T12:40:03.625+0500	INFO	app/main.go:40	api gateway service stops
2025-04-14T12:40:03.626+0500	ERROR	app/main.go:31	app run	{"error": "http: Server closed"}
main.main.func1
	/home/dilshod/Documents/ndc_ai/sugurta_go_api_geteway/cmd/app/main.go:31
2025-04-14T12:40:04.888+0500	INFO	app/main.go:29	Listen: 	{"address": "localhost:8080"}
2025-04-14T12:40:06.436+0500	ERROR	v1/intgration.go:246	response	{"code": 500, "status": "INTERNAL_SERVER_ERROR", "description": "The server encountered an unexpected condition that prevented it from fulfilling the request", "data": "can't scan into dest[3] (col: started_at): cannot scan timestamp (OID 1114) in binary format into *string", "custom_message": ""}
sugurta/api/handlers/v1.(*integrationRoutes).handleResponse
	/home/dilshod/Documents/ndc_ai/sugurta_go_api_geteway/api/handlers/v1/intgration.go:246
sugurta/api/handlers/v1.(*integrationRoutes).GetIntegrationByOwnerID
	/home/dilshod/Documents/ndc_ai/sugurta_go_api_geteway/api/handlers/v1/intgration.go:236
github.com/gin-gonic/gin.(*Context).Next
	/home/dilshod/go/pkg/mod/github.com/gin-gonic/gin@v1.10.0/context.go:185
sugurta/api.NewRouter.Recovery.func3
	/home/dilshod/Documents/ndc_ai/sugurta_go_api_geteway/api/middleware/recovery.go:40
github.com/gin-gonic/gin.(*Context).Next
	/home/dilshod/go/pkg/mod/github.com/gin-gonic/gin@v1.10.0/context.go:185
sugurta/api.NewRouter.Logger.func2
	/home/dilshod/Documents/ndc_ai/sugurta_go_api_geteway/api/middleware/logger.go:25
github.com/gin-gonic/gin.(*Context).Next
	/home/dilshod/go/pkg/mod/github.com/gin-gonic/gin@v1.10.0/context.go:185
github.com/gin-gonic/gin.CustomRecoveryWithWriter.func1
	/home/dilshod/go/pkg/mod/github.com/gin-gonic/gin@v1.10.0/recovery.go:102
github.com/gin-gonic/gin.(*Context).Next
	/home/dilshod/go/pkg/mod/github.com/gin-gonic/gin@v1.10.0/context.go:185
github.com/gin-gonic/gin.LoggerWithConfig.func1
	/home/dilshod/go/pkg/mod/github.com/gin-gonic/gin@v1.10.0/logger.go:249
github.com/gin-gonic/gin.(*Context).Next
	/home/dilshod/go/pkg/mod/github.com/gin-gonic/gin@v1.10.0/context.go:185
github.com/gin-gonic/gin.(*Engine).handleHTTPRequest
	/home/dilshod/go/pkg/mod/github.com/gin-gonic/gin@v1.10.0/gin.go:633
github.com/gin-gonic/gin.(*Engine).ServeHTTP
	/home/dilshod/go/pkg/mod/github.com/gin-gonic/gin@v1.10.0/gin.go:589
net/http.serverHandler.ServeHTTP
	/home/dilshod/go/pkg/mod/golang.org/toolchain@v0.0.1-go1.23.5.linux-amd64/src/net/http/server.go:3210
net/http.(*conn).serve
	/home/dilshod/go/pkg/mod/golang.org/toolchain@v0.0.1-go1.23.5.linux-amd64/src/net/http/server.go:2092
2025-04-14T12:40:06.436+0500	INFO	middleware/logger.go:26	127.0.0.1 - GET /v1/integration/owner/9725a6bb-1461-4a4c-bc78-da5c27d6aa85 
2025-04-14T12:40:41.140+0500	INFO	middleware/logger.go:26	127.0.0.1 - GET /v1/business?limit=10&page=0 
2025-04-14T12:41:29.272+0500	INFO	app/main.go:40	api gateway service stops
2025-04-14T12:41:29.273+0500	ERROR	app/main.go:31	app run	{"error": "http: Server closed"}
main.main.func1
	/home/dilshod/Documents/ndc_ai/sugurta_go_api_geteway/cmd/app/main.go:31
2025-04-14T12:41:30.758+0500	INFO	app/main.go:29	Listen: 	{"address": "localhost:8080"}
2025-04-14T12:41:39.485+0500	ERROR	v1/intgration.go:246	response	{"code": 500, "status": "INTERNAL_SERVER_ERROR", "description": "The server encountered an unexpected condition that prevented it from fulfilling the request", "data": "can't scan into dest[4] (col: stoped_at): cannot scan NULL into *time.Time", "custom_message": ""}
sugurta/api/handlers/v1.(*integrationRoutes).handleResponse
	/home/dilshod/Documents/ndc_ai/sugurta_go_api_geteway/api/handlers/v1/intgration.go:246
sugurta/api/handlers/v1.(*integrationRoutes).GetIntegrationByOwnerID
	/home/dilshod/Documents/ndc_ai/sugurta_go_api_geteway/api/handlers/v1/intgration.go:236
github.com/gin-gonic/gin.(*Context).Next
	/home/dilshod/go/pkg/mod/github.com/gin-gonic/gin@v1.10.0/context.go:185
sugurta/api.NewRouter.Recovery.func3
	/home/dilshod/Documents/ndc_ai/sugurta_go_api_geteway/api/middleware/recovery.go:40
github.com/gin-gonic/gin.(*Context).Next
	/home/dilshod/go/pkg/mod/github.com/gin-gonic/gin@v1.10.0/context.go:185
sugurta/api.NewRouter.Logger.func2
	/home/dilshod/Documents/ndc_ai/sugurta_go_api_geteway/api/middleware/logger.go:25
github.com/gin-gonic/gin.(*Context).Next
	/home/dilshod/go/pkg/mod/github.com/gin-gonic/gin@v1.10.0/context.go:185
github.com/gin-gonic/gin.CustomRecoveryWithWriter.func1
	/home/dilshod/go/pkg/mod/github.com/gin-gonic/gin@v1.10.0/recovery.go:102
github.com/gin-gonic/gin.(*Context).Next
	/home/dilshod/go/pkg/mod/github.com/gin-gonic/gin@v1.10.0/context.go:185
github.com/gin-gonic/gin.LoggerWithConfig.func1
	/home/dilshod/go/pkg/mod/github.com/gin-gonic/gin@v1.10.0/logger.go:249
github.com/gin-gonic/gin.(*Context).Next
	/home/dilshod/go/pkg/mod/github.com/gin-gonic/gin@v1.10.0/context.go:185
github.com/gin-gonic/gin.(*Engine).handleHTTPRequest
	/home/dilshod/go/pkg/mod/github.com/gin-gonic/gin@v1.10.0/gin.go:633
github.com/gin-gonic/gin.(*Engine).ServeHTTP
	/home/dilshod/go/pkg/mod/github.com/gin-gonic/gin@v1.10.0/gin.go:589
net/http.serverHandler.ServeHTTP
	/home/dilshod/go/pkg/mod/golang.org/toolchain@v0.0.1-go1.23.5.linux-amd64/src/net/http/server.go:3210
net/http.(*conn).serve
	/home/dilshod/go/pkg/mod/golang.org/toolchain@v0.0.1-go1.23.5.linux-amd64/src/net/http/server.go:2092
2025-04-14T12:41:39.485+0500	INFO	middleware/logger.go:26	127.0.0.1 - GET /v1/integration/owner/9725a6bb-1461-4a4c-bc78-da5c27d6aa85 
2025-04-14T12:43:22.441+0500	INFO	app/main.go:40	api gateway service stops
2025-04-14T12:43:22.441+0500	ERROR	app/main.go:31	app run	{"error": "http: Server closed"}
main.main.func1
	/home/dilshod/Documents/ndc_ai/sugurta_go_api_geteway/cmd/app/main.go:31
2025-04-14T12:43:23.824+0500	INFO	app/main.go:29	Listen: 	{"address": "localhost:8080"}
2025-04-14T12:43:25.993+0500	INFO	middleware/logger.go:26	127.0.0.1 - GET /v1/integration/owner/9725a6bb-1461-4a4c-bc78-da5c27d6aa85 
2025-04-14T12:45:40.359+0500	INFO	app/main.go:40	api gateway service stops
2025-04-14T12:45:40.360+0500	ERROR	app/main.go:31	app run	{"error": "http: Server closed"}
main.main.func1
	/home/dilshod/Documents/ndc_ai/sugurta_go_api_geteway/cmd/app/main.go:31
2025-04-14T12:45:44.400+0500	INFO	app/main.go:29	Listen: 	{"address": "localhost:8080"}
2025-04-14T12:45:48.387+0500	INFO	middleware/logger.go:26	127.0.0.1 - GET /v1/integration/owner/9725a6bb-1461-4a4c-bc78-da5c27d6aa85 
2025-04-14T12:45:56.774+0500	INFO	middleware/logger.go:26	127.0.0.1 - DELETE /v1/integration/7ec2859b-6b74-4563-92ea-1e34eb9bce76 
2025-04-14T12:46:01.151+0500	ERROR	v1/intgration.go:246	response	{"code": 500, "status": "INTERNAL_SERVER_ERROR", "description": "The server encountered an unexpected condition that prevented it from fulfilling the request", "data": "no rows in result set", "custom_message": ""}
sugurta/api/handlers/v1.(*integrationRoutes).handleResponse
	/home/dilshod/Documents/ndc_ai/sugurta_go_api_geteway/api/handlers/v1/intgration.go:246
sugurta/api/handlers/v1.(*integrationRoutes).GetIntegrationByOwnerID
	/home/dilshod/Documents/ndc_ai/sugurta_go_api_geteway/api/handlers/v1/intgration.go:236
github.com/gin-gonic/gin.(*Context).Next
	/home/dilshod/go/pkg/mod/github.com/gin-gonic/gin@v1.10.0/context.go:185
sugurta/api.NewRouter.Recovery.func3
	/home/dilshod/Documents/ndc_ai/sugurta_go_api_geteway/api/middleware/recovery.go:40
github.com/gin-gonic/gin.(*Context).Next
	/home/dilshod/go/pkg/mod/github.com/gin-gonic/gin@v1.10.0/context.go:185
sugurta/api.NewRouter.Logger.func2
	/home/dilshod/Documents/ndc_ai/sugurta_go_api_geteway/api/middleware/logger.go:25
github.com/gin-gonic/gin.(*Context).Next
	/home/dilshod/go/pkg/mod/github.com/gin-gonic/gin@v1.10.0/context.go:185
github.com/gin-gonic/gin.CustomRecoveryWithWriter.func1
	/home/dilshod/go/pkg/mod/github.com/gin-gonic/gin@v1.10.0/recovery.go:102
github.com/gin-gonic/gin.(*Context).Next
	/home/dilshod/go/pkg/mod/github.com/gin-gonic/gin@v1.10.0/context.go:185
github.com/gin-gonic/gin.LoggerWithConfig.func1
	/home/dilshod/go/pkg/mod/github.com/gin-gonic/gin@v1.10.0/logger.go:249
github.com/gin-gonic/gin.(*Context).Next
	/home/dilshod/go/pkg/mod/github.com/gin-gonic/gin@v1.10.0/context.go:185
github.com/gin-gonic/gin.(*Engine).handleHTTPRequest
	/home/dilshod/go/pkg/mod/github.com/gin-gonic/gin@v1.10.0/gin.go:633
github.com/gin-gonic/gin.(*Engine).ServeHTTP
	/home/dilshod/go/pkg/mod/github.com/gin-gonic/gin@v1.10.0/gin.go:589
net/http.serverHandler.ServeHTTP
	/home/dilshod/go/pkg/mod/golang.org/toolchain@v0.0.1-go1.23.5.linux-amd64/src/net/http/server.go:3210
net/http.(*conn).serve
	/home/dilshod/go/pkg/mod/golang.org/toolchain@v0.0.1-go1.23.5.linux-amd64/src/net/http/server.go:2092
2025-04-14T12:46:01.152+0500	INFO	middleware/logger.go:26	127.0.0.1 - GET /v1/integration/owner/9725a6bb-1461-4a4c-bc78-da5c27d6aa85 
2025-04-14T12:46:58.955+0500	INFO	middleware/logger.go:26	127.0.0.1 - GET /v1/integration/owner/9725a6bb-1461-4a4c-bc78-da5c27d6aa85 
2025-04-14T14:47:16.690+0500	INFO	app/main.go:29	Listen: 	{"address": "localhost:8080"}
2025-04-14T14:48:44.187+0500	INFO	middleware/logger.go:26	127.0.0.1 - GET /swagger/index.html 
2025-04-14T14:48:44.203+0500	INFO	middleware/logger.go:26	127.0.0.1 - GET /swagger/swagger-ui.css 
2025-04-14T14:48:44.204+0500	INFO	middleware/logger.go:26	127.0.0.1 - GET /swagger/swagger-ui-bundle.js 
2025-04-14T14:48:44.206+0500	INFO	middleware/logger.go:26	127.0.0.1 - GET /swagger/swagger-ui-standalone-preset.js 
2025-04-14T14:48:44.337+0500	INFO	middleware/logger.go:26	127.0.0.1 - GET /swagger/doc.json 
2025-04-14T14:48:44.342+0500	INFO	middleware/logger.go:26	127.0.0.1 - GET /swagger/favicon-32x32.png 
2025-04-14T14:48:47.613+0500	ERROR	v1/auth.go:572	response	{"code": 400, "status": "BAD_REQUEST", "description": "The server could not understand the request due to invalid syntax", "data": "Key: 'RegisterRequest.Email' Error:Field validation for 'Email' failed on the 'email' tag", "custom_message": ""}
sugurta/api/handlers/v1.(*authRoutes).handleResponse
	/home/dilshod/Documents/ndc_ai/sugurta_go_api_geteway/api/handlers/v1/auth.go:572
sugurta/api/handlers/v1.(*authRoutes).register
	/home/dilshod/Documents/ndc_ai/sugurta_go_api_geteway/api/handlers/v1/auth.go:95
github.com/gin-gonic/gin.(*Context).Next
	/home/dilshod/go/pkg/mod/github.com/gin-gonic/gin@v1.10.0/context.go:185
sugurta/api.NewRouter.Recovery.func3
	/home/dilshod/Documents/ndc_ai/sugurta_go_api_geteway/api/middleware/recovery.go:40
github.com/gin-gonic/gin.(*Context).Next
	/home/dilshod/go/pkg/mod/github.com/gin-gonic/gin@v1.10.0/context.go:185
sugurta/api.NewRouter.Logger.func2
	/home/dilshod/Documents/ndc_ai/sugurta_go_api_geteway/api/middleware/logger.go:25
github.com/gin-gonic/gin.(*Context).Next
	/home/dilshod/go/pkg/mod/github.com/gin-gonic/gin@v1.10.0/context.go:185
github.com/gin-gonic/gin.CustomRecoveryWithWriter.func1
	/home/dilshod/go/pkg/mod/github.com/gin-gonic/gin@v1.10.0/recovery.go:102
github.com/gin-gonic/gin.(*Context).Next
	/home/dilshod/go/pkg/mod/github.com/gin-gonic/gin@v1.10.0/context.go:185
github.com/gin-gonic/gin.LoggerWithConfig.func1
	/home/dilshod/go/pkg/mod/github.com/gin-gonic/gin@v1.10.0/logger.go:249
github.com/gin-gonic/gin.(*Context).Next
	/home/dilshod/go/pkg/mod/github.com/gin-gonic/gin@v1.10.0/context.go:185
github.com/gin-gonic/gin.(*Engine).handleHTTPRequest
	/home/dilshod/go/pkg/mod/github.com/gin-gonic/gin@v1.10.0/gin.go:633
github.com/gin-gonic/gin.(*Engine).ServeHTTP
	/home/dilshod/go/pkg/mod/github.com/gin-gonic/gin@v1.10.0/gin.go:589
net/http.serverHandler.ServeHTTP
	/home/dilshod/go/pkg/mod/golang.org/toolchain@v0.0.1-go1.23.5.linux-amd64/src/net/http/server.go:3210
net/http.(*conn).serve
	/home/dilshod/go/pkg/mod/golang.org/toolchain@v0.0.1-go1.23.5.linux-amd64/src/net/http/server.go:2092
2025-04-14T14:48:47.613+0500	INFO	middleware/logger.go:26	127.0.0.1 - POST /v1/auth/register 
2025-04-14T14:50:46.880+0500	INFO	middleware/logger.go:26	127.0.0.1 - POST /v1/auth/register 
2025-04-14T14:50:47.844+0500	ERROR	v1/auth.go:171	failed to send verification code: failed to send email: 535 5.7.8 Username and Password not accepted. For more information, go to
5.7.8  https://support.google.com/mail/?p=BadCredentials 2adb3069b0e04-54d3d5026e0sm1061795e87.112 - gsmtp
sugurta/api/handlers/v1.(*authRoutes).register.func1
	/home/dilshod/Documents/ndc_ai/sugurta_go_api_geteway/api/handlers/v1/auth.go:171
2025-04-14T14:54:57.255+0500	INFO	app/main.go:40	api gateway service stops
2025-04-14T14:54:57.256+0500	ERROR	app/main.go:31	app run	{"error": "http: Server closed"}
main.main.func1
	/home/dilshod/Documents/ndc_ai/sugurta_go_api_geteway/cmd/app/main.go:31
2025-04-14T15:01:49.139+0500	INFO	app/main.go:29	Listen: 	{"address": "localhost:8080"}
2025-04-14T15:01:50.988+0500	ERROR	v1/auth.go:572	response	{"code": 400, "status": "BAD_REQUEST", "description": "The server could not understand the request due to invalid syntax", "data": "wrong email or password", "custom_message": ""}
sugurta/api/handlers/v1.(*authRoutes).handleResponse
	/home/dilshod/Documents/ndc_ai/sugurta_go_api_geteway/api/handlers/v1/auth.go:572
sugurta/api/handlers/v1.(*authRoutes).login
	/home/dilshod/Documents/ndc_ai/sugurta_go_api_geteway/api/handlers/v1/auth.go:373
github.com/gin-gonic/gin.(*Context).Next
	/home/dilshod/go/pkg/mod/github.com/gin-gonic/gin@v1.10.0/context.go:185
sugurta/api.NewRouter.Recovery.func3
	/home/dilshod/Documents/ndc_ai/sugurta_go_api_geteway/api/middleware/recovery.go:40
github.com/gin-gonic/gin.(*Context).Next
	/home/dilshod/go/pkg/mod/github.com/gin-gonic/gin@v1.10.0/context.go:185
sugurta/api.NewRouter.Logger.func2
	/home/dilshod/Documents/ndc_ai/sugurta_go_api_geteway/api/middleware/logger.go:25
github.com/gin-gonic/gin.(*Context).Next
	/home/dilshod/go/pkg/mod/github.com/gin-gonic/gin@v1.10.0/context.go:185
github.com/gin-gonic/gin.CustomRecoveryWithWriter.func1
	/home/dilshod/go/pkg/mod/github.com/gin-gonic/gin@v1.10.0/recovery.go:102
github.com/gin-gonic/gin.(*Context).Next
	/home/dilshod/go/pkg/mod/github.com/gin-gonic/gin@v1.10.0/context.go:185
github.com/gin-gonic/gin.LoggerWithConfig.func1
	/home/dilshod/go/pkg/mod/github.com/gin-gonic/gin@v1.10.0/logger.go:249
github.com/gin-gonic/gin.(*Context).Next
	/home/dilshod/go/pkg/mod/github.com/gin-gonic/gin@v1.10.0/context.go:185
github.com/gin-gonic/gin.(*Engine).handleHTTPRequest
	/home/dilshod/go/pkg/mod/github.com/gin-gonic/gin@v1.10.0/gin.go:633
github.com/gin-gonic/gin.(*Engine).ServeHTTP
	/home/dilshod/go/pkg/mod/github.com/gin-gonic/gin@v1.10.0/gin.go:589
net/http.serverHandler.ServeHTTP
	/home/dilshod/go/pkg/mod/golang.org/toolchain@v0.0.1-go1.23.5.linux-amd64/src/net/http/server.go:3210
net/http.(*conn).serve
	/home/dilshod/go/pkg/mod/golang.org/toolchain@v0.0.1-go1.23.5.linux-amd64/src/net/http/server.go:2092
2025-04-14T15:01:50.988+0500	INFO	middleware/logger.go:26	127.0.0.1 - POST /v1/auth/login 
2025-04-14T15:03:45.135+0500	INFO	app/main.go:40	api gateway service stops
2025-04-14T15:03:45.145+0500	ERROR	app/main.go:31	app run	{"error": "http: Server closed"}
main.main.func1
	/home/dilshod/Documents/ndc_ai/sugurta_go_api_geteway/cmd/app/main.go:31
2025-04-14T15:03:46.570+0500	INFO	app/main.go:29	Listen: 	{"address": "localhost:8080"}
2025-04-14T15:03:48.239+0500	ERROR	v1/auth.go:573	response	{"code": 400, "status": "BAD_REQUEST", "description": "The server could not understand the request due to invalid syntax", "data": "wrong email or password", "custom_message": ""}
sugurta/api/handlers/v1.(*authRoutes).handleResponse
	/home/dilshod/Documents/ndc_ai/sugurta_go_api_geteway/api/handlers/v1/auth.go:573
sugurta/api/handlers/v1.(*authRoutes).login
	/home/dilshod/Documents/ndc_ai/sugurta_go_api_geteway/api/handlers/v1/auth.go:374
github.com/gin-gonic/gin.(*Context).Next
	/home/dilshod/go/pkg/mod/github.com/gin-gonic/gin@v1.10.0/context.go:185
sugurta/api.NewRouter.Recovery.func3
	/home/dilshod/Documents/ndc_ai/sugurta_go_api_geteway/api/middleware/recovery.go:40
github.com/gin-gonic/gin.(*Context).Next
	/home/dilshod/go/pkg/mod/github.com/gin-gonic/gin@v1.10.0/context.go:185
sugurta/api.NewRouter.Logger.func2
	/home/dilshod/Documents/ndc_ai/sugurta_go_api_geteway/api/middleware/logger.go:25
github.com/gin-gonic/gin.(*Context).Next
	/home/dilshod/go/pkg/mod/github.com/gin-gonic/gin@v1.10.0/context.go:185
github.com/gin-gonic/gin.CustomRecoveryWithWriter.func1
	/home/dilshod/go/pkg/mod/github.com/gin-gonic/gin@v1.10.0/recovery.go:102
github.com/gin-gonic/gin.(*Context).Next
	/home/dilshod/go/pkg/mod/github.com/gin-gonic/gin@v1.10.0/context.go:185
github.com/gin-gonic/gin.LoggerWithConfig.func1
	/home/dilshod/go/pkg/mod/github.com/gin-gonic/gin@v1.10.0/logger.go:249
github.com/gin-gonic/gin.(*Context).Next
	/home/dilshod/go/pkg/mod/github.com/gin-gonic/gin@v1.10.0/context.go:185
github.com/gin-gonic/gin.(*Engine).handleHTTPRequest
	/home/dilshod/go/pkg/mod/github.com/gin-gonic/gin@v1.10.0/gin.go:633
github.com/gin-gonic/gin.(*Engine).ServeHTTP
	/home/dilshod/go/pkg/mod/github.com/gin-gonic/gin@v1.10.0/gin.go:589
net/http.serverHandler.ServeHTTP
	/home/dilshod/go/pkg/mod/golang.org/toolchain@v0.0.1-go1.23.5.linux-amd64/src/net/http/server.go:3210
net/http.(*conn).serve
	/home/dilshod/go/pkg/mod/golang.org/toolchain@v0.0.1-go1.23.5.linux-amd64/src/net/http/server.go:2092
2025-04-14T15:03:48.239+0500	INFO	middleware/logger.go:26	127.0.0.1 - POST /v1/auth/login 
2025-04-14T15:05:48.336+0500	INFO	app/main.go:40	api gateway service stops
2025-04-14T15:05:48.337+0500	ERROR	app/main.go:31	app run	{"error": "http: Server closed"}
main.main.func1
	/home/dilshod/Documents/ndc_ai/sugurta_go_api_geteway/cmd/app/main.go:31
2025-04-14T15:06:51.212+0500	INFO	app/main.go:29	Listen: 	{"address": "localhost:8080"}
2025-04-14T15:06:53.212+0500	INFO	middleware/logger.go:26	127.0.0.1 - POST /v1/auth/login 
2025-04-14T15:07:07.437+0500	INFO	app/main.go:40	api gateway service stops
2025-04-14T15:07:07.438+0500	ERROR	app/main.go:31	app run	{"error": "http: Server closed"}
main.main.func1
	/home/dilshod/Documents/ndc_ai/sugurta_go_api_geteway/cmd/app/main.go:31
2025-04-14T15:09:11.154+0500	INFO	app/main.go:29	Listen: 	{"address": "localhost:8080"}
2025-04-14T15:09:14.086+0500	INFO	middleware/logger.go:26	127.0.0.1 - POST /v1/auth/login 
2025-04-14T15:11:48.765+0500	INFO	app/main.go:40	api gateway service stops
2025-04-14T15:11:48.772+0500	ERROR	app/main.go:31	app run	{"error": "http: Server closed"}
main.main.func1
	/home/dilshod/Documents/ndc_ai/sugurta_go_api_geteway/cmd/app/main.go:31
2025-04-14T15:11:50.741+0500	INFO	app/main.go:29	Listen: 	{"address": "localhost:8080"}
2025-04-14T15:11:52.552+0500	INFO	middleware/logger.go:26	127.0.0.1 - POST /v1/auth/login 
2025-04-14T15:15:32.556+0500	ERROR	v1/business.go:200	response	{"code": 500, "status": "INTERNAL_SERVER_ERROR", "description": "The server encountered an unexpected condition that prevented it from fulfilling the request", "data": "ERROR: INSERT has more expressions than target columns (SQLSTATE 42601)", "custom_message": ""}
sugurta/api/handlers/v1.(*businessRoutes).handleResponse
	/home/dilshod/Documents/ndc_ai/sugurta_go_api_geteway/api/handlers/v1/business.go:200
sugurta/api/handlers/v1.(*businessRoutes).CreateBusiness
	/home/dilshod/Documents/ndc_ai/sugurta_go_api_geteway/api/handlers/v1/business.go:72
github.com/gin-gonic/gin.(*Context).Next
	/home/dilshod/go/pkg/mod/github.com/gin-gonic/gin@v1.10.0/context.go:185
sugurta/api.NewRouter.Recovery.func3
	/home/dilshod/Documents/ndc_ai/sugurta_go_api_geteway/api/middleware/recovery.go:40
github.com/gin-gonic/gin.(*Context).Next
	/home/dilshod/go/pkg/mod/github.com/gin-gonic/gin@v1.10.0/context.go:185
sugurta/api.NewRouter.Logger.func2
	/home/dilshod/Documents/ndc_ai/sugurta_go_api_geteway/api/middleware/logger.go:25
github.com/gin-gonic/gin.(*Context).Next
	/home/dilshod/go/pkg/mod/github.com/gin-gonic/gin@v1.10.0/context.go:185
github.com/gin-gonic/gin.CustomRecoveryWithWriter.func1
	/home/dilshod/go/pkg/mod/github.com/gin-gonic/gin@v1.10.0/recovery.go:102
github.com/gin-gonic/gin.(*Context).Next
	/home/dilshod/go/pkg/mod/github.com/gin-gonic/gin@v1.10.0/context.go:185
github.com/gin-gonic/gin.LoggerWithConfig.func1
	/home/dilshod/go/pkg/mod/github.com/gin-gonic/gin@v1.10.0/logger.go:249
github.com/gin-gonic/gin.(*Context).Next
	/home/dilshod/go/pkg/mod/github.com/gin-gonic/gin@v1.10.0/context.go:185
github.com/gin-gonic/gin.(*Engine).handleHTTPRequest
	/home/dilshod/go/pkg/mod/github.com/gin-gonic/gin@v1.10.0/gin.go:633
github.com/gin-gonic/gin.(*Engine).ServeHTTP
	/home/dilshod/go/pkg/mod/github.com/gin-gonic/gin@v1.10.0/gin.go:589
net/http.serverHandler.ServeHTTP
	/home/dilshod/go/pkg/mod/golang.org/toolchain@v0.0.1-go1.23.5.linux-amd64/src/net/http/server.go:3210
net/http.(*conn).serve
	/home/dilshod/go/pkg/mod/golang.org/toolchain@v0.0.1-go1.23.5.linux-amd64/src/net/http/server.go:2092
2025-04-14T15:15:32.559+0500	INFO	middleware/logger.go:26	127.0.0.1 - POST /v1/business 
2025-04-14T15:15:54.452+0500	INFO	app/main.go:40	api gateway service stops
2025-04-14T15:15:54.456+0500	ERROR	app/main.go:31	app run	{"error": "http: Server closed"}
main.main.func1
	/home/dilshod/Documents/ndc_ai/sugurta_go_api_geteway/cmd/app/main.go:31
2025-04-14T15:15:56.435+0500	INFO	app/main.go:29	Listen: 	{"address": "localhost:8080"}
2025-04-14T15:15:58.802+0500	INFO	middleware/logger.go:26	127.0.0.1 - POST /v1/business 
2025-04-14T15:16:05.689+0500	INFO	middleware/logger.go:26	127.0.0.1 - POST /v1/auth/login 
2025-04-14T15:25:54.077+0500	ERROR	v1/intgration.go:246	response	{"code": 500, "status": "INTERNAL_SERVER_ERROR", "description": "The server encountered an unexpected condition that prevented it from fulfilling the request", "data": "ERROR: insert or update on table \"integration\" violates foreign key constraint \"integration_owner_id_fkey\" (SQLSTATE 23503)", "custom_message": ""}
sugurta/api/handlers/v1.(*integrationRoutes).handleResponse
	/home/dilshod/Documents/ndc_ai/sugurta_go_api_geteway/api/handlers/v1/intgration.go:246
sugurta/api/handlers/v1.(*integrationRoutes).CreateIntegration
	/home/dilshod/Documents/ndc_ai/sugurta_go_api_geteway/api/handlers/v1/intgration.go:62
github.com/gin-gonic/gin.(*Context).Next
	/home/dilshod/go/pkg/mod/github.com/gin-gonic/gin@v1.10.0/context.go:185
sugurta/api.NewRouter.Recovery.func3
	/home/dilshod/Documents/ndc_ai/sugurta_go_api_geteway/api/middleware/recovery.go:40
github.com/gin-gonic/gin.(*Context).Next
	/home/dilshod/go/pkg/mod/github.com/gin-gonic/gin@v1.10.0/context.go:185
sugurta/api.NewRouter.Logger.func2
	/home/dilshod/Documents/ndc_ai/sugurta_go_api_geteway/api/middleware/logger.go:25
github.com/gin-gonic/gin.(*Context).Next
	/home/dilshod/go/pkg/mod/github.com/gin-gonic/gin@v1.10.0/context.go:185
github.com/gin-gonic/gin.CustomRecoveryWithWriter.func1
	/home/dilshod/go/pkg/mod/github.com/gin-gonic/gin@v1.10.0/recovery.go:102
github.com/gin-gonic/gin.(*Context).Next
	/home/dilshod/go/pkg/mod/github.com/gin-gonic/gin@v1.10.0/context.go:185
github.com/gin-gonic/gin.LoggerWithConfig.func1
	/home/dilshod/go/pkg/mod/github.com/gin-gonic/gin@v1.10.0/logger.go:249
github.com/gin-gonic/gin.(*Context).Next
	/home/dilshod/go/pkg/mod/github.com/gin-gonic/gin@v1.10.0/context.go:185
github.com/gin-gonic/gin.(*Engine).handleHTTPRequest
	/home/dilshod/go/pkg/mod/github.com/gin-gonic/gin@v1.10.0/gin.go:633
github.com/gin-gonic/gin.(*Engine).ServeHTTP
	/home/dilshod/go/pkg/mod/github.com/gin-gonic/gin@v1.10.0/gin.go:589
net/http.serverHandler.ServeHTTP
	/home/dilshod/go/pkg/mod/golang.org/toolchain@v0.0.1-go1.23.5.linux-amd64/src/net/http/server.go:3210
net/http.(*conn).serve
	/home/dilshod/go/pkg/mod/golang.org/toolchain@v0.0.1-go1.23.5.linux-amd64/src/net/http/server.go:2092
2025-04-14T15:25:54.080+0500	INFO	middleware/logger.go:26	127.0.0.1 - POST /v1/integration 
2025-04-14T15:26:17.969+0500	INFO	middleware/logger.go:26	127.0.0.1 - GET /v1/business?limit=10&page=0 
2025-04-14T15:26:42.288+0500	INFO	middleware/logger.go:26	127.0.0.1 - POST /v1/integration 
2025-04-14T15:27:37.655+0500	ERROR	v1/intgration.go:246	response	{"code": 500, "status": "INTERNAL_SERVER_ERROR", "description": "The server encountered an unexpected condition that prevented it from fulfilling the request", "data": "no rows in result set", "custom_message": ""}
sugurta/api/handlers/v1.(*integrationRoutes).handleResponse
	/home/dilshod/Documents/ndc_ai/sugurta_go_api_geteway/api/handlers/v1/intgration.go:246
sugurta/api/handlers/v1.(*integrationRoutes).GetIntegrationByOwnerID
	/home/dilshod/Documents/ndc_ai/sugurta_go_api_geteway/api/handlers/v1/intgration.go:236
github.com/gin-gonic/gin.(*Context).Next
	/home/dilshod/go/pkg/mod/github.com/gin-gonic/gin@v1.10.0/context.go:185
sugurta/api.NewRouter.Recovery.func3
	/home/dilshod/Documents/ndc_ai/sugurta_go_api_geteway/api/middleware/recovery.go:40
github.com/gin-gonic/gin.(*Context).Next
	/home/dilshod/go/pkg/mod/github.com/gin-gonic/gin@v1.10.0/context.go:185
sugurta/api.NewRouter.Logger.func2
	/home/dilshod/Documents/ndc_ai/sugurta_go_api_geteway/api/middleware/logger.go:25
github.com/gin-gonic/gin.(*Context).Next
	/home/dilshod/go/pkg/mod/github.com/gin-gonic/gin@v1.10.0/context.go:185
github.com/gin-gonic/gin.CustomRecoveryWithWriter.func1
	/home/dilshod/go/pkg/mod/github.com/gin-gonic/gin@v1.10.0/recovery.go:102
github.com/gin-gonic/gin.(*Context).Next
	/home/dilshod/go/pkg/mod/github.com/gin-gonic/gin@v1.10.0/context.go:185
github.com/gin-gonic/gin.LoggerWithConfig.func1
	/home/dilshod/go/pkg/mod/github.com/gin-gonic/gin@v1.10.0/logger.go:249
github.com/gin-gonic/gin.(*Context).Next
	/home/dilshod/go/pkg/mod/github.com/gin-gonic/gin@v1.10.0/context.go:185
github.com/gin-gonic/gin.(*Engine).handleHTTPRequest
	/home/dilshod/go/pkg/mod/github.com/gin-gonic/gin@v1.10.0/gin.go:633
github.com/gin-gonic/gin.(*Engine).ServeHTTP
	/home/dilshod/go/pkg/mod/github.com/gin-gonic/gin@v1.10.0/gin.go:589
net/http.serverHandler.ServeHTTP
	/home/dilshod/go/pkg/mod/golang.org/toolchain@v0.0.1-go1.23.5.linux-amd64/src/net/http/server.go:3210
net/http.(*conn).serve
	/home/dilshod/go/pkg/mod/golang.org/toolchain@v0.0.1-go1.23.5.linux-amd64/src/net/http/server.go:2092
2025-04-14T15:27:37.655+0500	INFO	middleware/logger.go:26	127.0.0.1 - GET /v1/integration/owner/aed71cea-ef23-4b31-ac2f-70e880229b5e 
2025-04-14T15:28:05.862+0500	ERROR	v1/intgration.go:246	response	{"code": 500, "status": "INTERNAL_SERVER_ERROR", "description": "The server encountered an unexpected condition that prevented it from fulfilling the request", "data": "no rows in result set", "custom_message": ""}
sugurta/api/handlers/v1.(*integrationRoutes).handleResponse
	/home/dilshod/Documents/ndc_ai/sugurta_go_api_geteway/api/handlers/v1/intgration.go:246
sugurta/api/handlers/v1.(*integrationRoutes).GetIntegrationByOwnerID
	/home/dilshod/Documents/ndc_ai/sugurta_go_api_geteway/api/handlers/v1/intgration.go:236
github.com/gin-gonic/gin.(*Context).Next
	/home/dilshod/go/pkg/mod/github.com/gin-gonic/gin@v1.10.0/context.go:185
sugurta/api.NewRouter.Recovery.func3
	/home/dilshod/Documents/ndc_ai/sugurta_go_api_geteway/api/middleware/recovery.go:40
github.com/gin-gonic/gin.(*Context).Next
	/home/dilshod/go/pkg/mod/github.com/gin-gonic/gin@v1.10.0/context.go:185
sugurta/api.NewRouter.Logger.func2
	/home/dilshod/Documents/ndc_ai/sugurta_go_api_geteway/api/middleware/logger.go:25
github.com/gin-gonic/gin.(*Context).Next
	/home/dilshod/go/pkg/mod/github.com/gin-gonic/gin@v1.10.0/context.go:185
github.com/gin-gonic/gin.CustomRecoveryWithWriter.func1
	/home/dilshod/go/pkg/mod/github.com/gin-gonic/gin@v1.10.0/recovery.go:102
github.com/gin-gonic/gin.(*Context).Next
	/home/dilshod/go/pkg/mod/github.com/gin-gonic/gin@v1.10.0/context.go:185
github.com/gin-gonic/gin.LoggerWithConfig.func1
	/home/dilshod/go/pkg/mod/github.com/gin-gonic/gin@v1.10.0/logger.go:249
github.com/gin-gonic/gin.(*Context).Next
	/home/dilshod/go/pkg/mod/github.com/gin-gonic/gin@v1.10.0/context.go:185
github.com/gin-gonic/gin.(*Engine).handleHTTPRequest
	/home/dilshod/go/pkg/mod/github.com/gin-gonic/gin@v1.10.0/gin.go:633
github.com/gin-gonic/gin.(*Engine).ServeHTTP
	/home/dilshod/go/pkg/mod/github.com/gin-gonic/gin@v1.10.0/gin.go:589
net/http.serverHandler.ServeHTTP
	/home/dilshod/go/pkg/mod/golang.org/toolchain@v0.0.1-go1.23.5.linux-amd64/src/net/http/server.go:3210
net/http.(*conn).serve
	/home/dilshod/go/pkg/mod/golang.org/toolchain@v0.0.1-go1.23.5.linux-amd64/src/net/http/server.go:2092
2025-04-14T15:28:05.862+0500	INFO	middleware/logger.go:26	127.0.0.1 - GET /v1/integration/owner/aed71cea-ef23-4b31-ac2f-70e880229b5e 
2025-04-14T15:29:49.258+0500	INFO	middleware/logger.go:26	127.0.0.1 - GET /v1/integration/owner/7bb53619-7beb-4fac-a1b6-c59b423ba98a 
2025-04-14T15:30:47.952+0500	INFO	middleware/logger.go:26	127.0.0.1 - PUT /v1/integration/status 
2025-04-14T15:30:48.053+0500	INFO	middleware/logger.go:26	127.0.0.1 - PUT /v1/integration/status 
2025-04-14T15:32:00.690+0500	INFO	middleware/logger.go:26	127.0.0.1 - PUT /v1/integration/status 
2025-04-14T16:42:11.022+0500	INFO	app/main.go:40	api gateway service stops
2025-04-14T16:42:11.032+0500	ERROR	app/main.go:31	app run	{"error": "http: Server closed"}
main.main.func1
	/home/dilshod/Documents/ndc_ai/sugurta_go_api_geteway/cmd/app/main.go:31
